2025-05-06 02:05:22,203 INFO  [org.jboss.modules] (main) JBoss Modules version 2.1.5.Final
2025-05-06 02:05:23,191 INFO  [org.jboss.msc] (main) JBoss MSC version 1.5.4.Final
2025-05-06 02:05:23,206 INFO  [org.jboss.threads] (main) JBoss Threads version 2.4.0.Final
2025-05-06 02:05:23,373 INFO  [org.jboss.as] (MSC service thread 1-2) WFLYSRV0049: WildFly Full 32.0.1.Final (WildFly Core 24.0.1.Final) starting
2025-05-06 02:05:23,374 DEBUG [org.jboss.as.config] (MSC service thread 1-2) Configured system properties:
	[Standalone] = 
	file.encoding = UTF-8
	file.separator = /
	java.awt.headless = true
	java.class.path = /opt/wildfly/jboss-modules.jar
	java.class.version = 66.0
	java.home = /usr/lib/jvm/jdk-22.0.2-oracle-x64
	java.io.tmpdir = /tmp
	java.library.path = /usr/java/packages/lib:/usr/lib64:/lib64:/lib:/usr/lib
	java.net.preferIPv4Stack = true
	java.runtime.name = Java(TM) SE Runtime Environment
	java.runtime.version = 22.0.2+9-70
	java.security.manager = allow
	java.specification.name = Java Platform API Specification
	java.specification.vendor = Oracle Corporation
	java.specification.version = 22
	java.util.logging.manager = org.jboss.logmanager.LogManager
	java.vendor = Oracle Corporation
	java.vendor.url = https://java.oracle.com/
	java.vendor.url.bug = https://bugreport.java.com/bugreport/
	java.version = 22.0.2
	java.version.date = 2024-07-16
	java.vm.compressedOopsMode = Zero based
	java.vm.info = mixed mode, sharing
	java.vm.name = Java HotSpot(TM) 64-Bit Server VM
	java.vm.specification.name = Java Virtual Machine Specification
	java.vm.specification.vendor = Oracle Corporation
	java.vm.specification.version = 22
	java.vm.vendor = Oracle Corporation
	java.vm.version = 22.0.2+9-70
	javax.management.builder.initial = org.jboss.as.jmx.PluggableMBeanServerBuilder
	jboss.bind.address = 0.0.0.0
	jboss.home.dir = /opt/wildfly
	jboss.host.name = alma
	jboss.modules.system.pkgs = org.jboss.byteman
	jboss.node.name = alma
	jboss.qualified.host.name = alma.bsum.edu.ng
	jboss.server.base.dir = /opt/wildfly/standalone
	jboss.server.config.dir = /opt/wildfly/standalone/configuration
	jboss.server.data.dir = /opt/wildfly/standalone/data
	jboss.server.log.dir = /opt/wildfly/standalone/log
	jboss.server.name = alma
	jboss.server.persist.config = true
	jboss.server.temp.dir = /opt/wildfly/standalone/tmp
	jdk.debug = release
	jdk.serialFilter = maxbytes=10485760;maxdepth=128;maxarray=100000;maxrefs=300000
	line.separator = 

	logging.configuration = file:/opt/wildfly/standalone/configuration/logging.properties
	module.path = /opt/wildfly/modules
	native.encoding = UTF-8
	org.jboss.boot.log.file = /opt/wildfly/standalone/log/server.log
	org.jboss.resolver.warning = true
	os.arch = amd64
	os.name = Linux
	os.version = 5.4.0-214-generic
	path.separator = :
	stderr.encoding = UTF-8
	stdout.encoding = UTF-8
	sun.arch.data.model = 64
	sun.boot.library.path = /usr/lib/jvm/jdk-22.0.2-oracle-x64/lib
	sun.cpu.endian = little
	sun.io.unicode.encoding = UnicodeLittle
	sun.java.command = /opt/wildfly/jboss-modules.jar -mp /opt/wildfly/modules org.jboss.as.standalone -Djboss.home.dir=/opt/wildfly -Djboss.server.base.dir=/opt/wildfly/standalone -c standalone.xml -b 0.0.0.0
	sun.java.launcher = SUN_STANDARD
	sun.jnu.encoding = UTF-8
	sun.management.compiler = HotSpot 64-Bit Tiered Compilers
	user.country = US
	user.dir = /
	user.home = /home/wildfly
	user.language = en
	user.name = wildfly
	user.timezone = EST
2025-05-06 02:05:23,374 DEBUG [org.jboss.as.config] (MSC service thread 1-2) VM Arguments: -D[Standalone] -Djdk.serialFilter=maxbytes=10485760;maxdepth=128;maxarray=100000;maxrefs=300000 -Xms4G -Xmx8G -XX:+UseG1GC -XX:MaxGCPauseMillis=200 -XX:+ParallelRefProcEnabled -XX:+HeapDumpOnOutOfMemoryError -XX:HeapDumpPath=/opt/heapdump -Djava.net.preferIPv4Stack=true -Djboss.modules.system.pkgs=org.jboss.byteman -Djava.awt.headless=true --add-exports=java.desktop/sun.awt=ALL-UNNAMED --add-exports=java.naming/com.sun.jndi.ldap=ALL-UNNAMED --add-exports=java.naming/com.sun.jndi.url.ldap=ALL-UNNAMED --add-exports=java.naming/com.sun.jndi.url.ldaps=ALL-UNNAMED --add-exports=jdk.naming.dns/com.sun.jndi.dns=ALL-UNNAMED --add-opens=java.base/java.lang=ALL-UNNAMED --add-opens=java.base/java.lang.invoke=ALL-UNNAMED --add-opens=java.base/java.lang.reflect=ALL-UNNAMED --add-opens=java.base/java.io=ALL-UNNAMED --add-opens=java.base/java.net=ALL-UNNAMED --add-opens=java.base/java.security=ALL-UNNAMED --add-opens=java.base/java.util=ALL-UNNAMED --add-opens=java.base/java.util.concurrent=ALL-UNNAMED --add-opens=java.management/javax.management=ALL-UNNAMED --add-opens=java.naming/javax.naming=ALL-UNNAMED -Djava.security.manager=allow -Dorg.jboss.boot.log.file=/opt/wildfly/standalone/log/server.log -Dlogging.configuration=file:/opt/wildfly/standalone/configuration/logging.properties 
2025-05-06 02:05:24,423 INFO  [org.wildfly.security] (Controller Boot Thread) ELY00001: WildFly Elytron version 2.4.2.Final
2025-05-06 02:05:24,878 INFO  [org.jboss.as.controller.management-deprecated] (ServerService Thread Pool -- 25) WFLYCTL0028: Attribute 'cluster' in the resource at address '/subsystem=ejb3/service=remote' is deprecated, and may be removed in a future version. See the attribute description in the output of the read-resource-description operation to learn more about the deprecation.
2025-05-06 02:05:25,283 INFO  [org.jboss.as.repository] (ServerService Thread Pool -- 15) WFLYDR0001: Content added at location /opt/wildfly/standalone/data/content/40/b21d30feaa0da97417403324f002da53d8d4b5/content
2025-05-06 02:05:25,311 INFO  [org.jboss.as.repository] (ServerService Thread Pool -- 15) WFLYDR0001: Content added at location /opt/wildfly/standalone/data/content/fe/77a9cbae2e44534d233626f29d3a29be0f9e47/content
2025-05-06 02:05:25,334 INFO  [org.jboss.as.server] (Controller Boot Thread) WFLYSRV0039: Creating http management service using socket-binding (management-http)
2025-05-06 02:05:25,351 INFO  [org.xnio] (MSC service thread 1-1) XNIO version 3.8.15.Final
2025-05-06 02:05:25,363 INFO  [org.xnio.nio] (MSC service thread 1-1) XNIO NIO Implementation Version 3.8.15.Final
2025-05-06 02:05:25,391 INFO  [org.wildfly.extension.elytron.oidc._private] (ServerService Thread Pool -- 53) WFLYOIDC0001: Activating WildFly Elytron OIDC Subsystem
2025-05-06 02:05:25,392 INFO  [org.jboss.as.clustering.infinispan] (ServerService Thread Pool -- 55) WFLYCLINF0001: Activating Infinispan subsystem.
2025-05-06 02:05:25,398 INFO  [org.wildfly.extension.microprofile.config.smallrye] (ServerService Thread Pool -- 65) WFLYCONF0001: Activating MicroProfile Config Subsystem
2025-05-06 02:05:25,402 INFO  [org.wildfly.extension.microprofile.jwt.smallrye] (ServerService Thread Pool -- 66) WFLYJWT0001: Activating MicroProfile JWT Subsystem
2025-05-06 02:05:25,401 WARN  [org.jboss.as.txn] (ServerService Thread Pool -- 74) WFLYTX0013: The node-identifier attribute on the /subsystem=transactions is set to the default value. This is a danger for environments running multiple servers. Please make sure the attribute value is unique.
2025-05-06 02:05:25,406 INFO  [org.wildfly.extension.health] (ServerService Thread Pool -- 54) WFLYHEALTH0001: Activating Base Health Subsystem
2025-05-06 02:05:25,409 INFO  [org.wildfly.extension.metrics] (ServerService Thread Pool -- 64) WFLYMETRICS0001: Activating Base Metrics Subsystem
2025-05-06 02:05:25,409 INFO  [org.jboss.as.naming] (ServerService Thread Pool -- 67) WFLYNAM0001: Activating Naming Subsystem
2025-05-06 02:05:25,417 INFO  [org.jboss.as.connector] (MSC service thread 1-8) WFLYJCA0009: Starting Jakarta Connectors Subsystem (WildFly/IronJacamar 3.0.9.Final)
2025-05-06 02:05:25,418 INFO  [org.jboss.as.webservices] (ServerService Thread Pool -- 76) WFLYWS0002: Activating WebServices Extension
2025-05-06 02:05:25,423 INFO  [org.jboss.remoting] (MSC service thread 1-2) JBoss Remoting version 5.0.28.Final
2025-05-06 02:05:25,423 INFO  [org.jboss.as.jaxrs] (ServerService Thread Pool -- 57) WFLYRS0016: RESTEasy version 6.2.9.Final
2025-05-06 02:05:25,422 INFO  [org.jboss.as.jsf] (ServerService Thread Pool -- 62) WFLYJSF0007: Activated the following Jakarta Server Faces Implementations: [main]
2025-05-06 02:05:25,425 INFO  [org.wildfly.extension.io] (ServerService Thread Pool -- 56) WFLYIO001: Worker 'default' has auto-configured to 40 IO threads with 320 max task threads based on your 20 available processors
2025-05-06 02:05:25,439 INFO  [org.jboss.as.naming] (MSC service thread 1-5) WFLYNAM0003: Starting Naming Service
2025-05-06 02:05:25,441 INFO  [org.jboss.as.connector.subsystems.datasources] (ServerService Thread Pool -- 44) WFLYJCA0004: Deploying JDBC-compliant driver class org.h2.Driver (version 2.2)
2025-05-06 02:05:25,441 INFO  [org.jboss.as.server.deployment] (MSC service thread 1-4) WFLYSRV0027: Starting deployment of "BsuPortal-1.0-SNAPSHOT.war" (runtime-name: "BsuPortal-1.0-SNAPSHOT.war")
2025-05-06 02:05:25,441 INFO  [org.jboss.as.server.deployment] (MSC service thread 1-6) WFLYSRV0027: Starting deployment of "BSUPortalRestore-1.0-SNAPSHOT.war" (runtime-name: "BSUPortalRestore-1.0-SNAPSHOT.war")
2025-05-06 02:05:25,441 INFO  [org.jboss.as.mail.extension] (MSC service thread 1-5) WFLYMAIL0001: Bound mail session [java:jboss/mail/Default]
2025-05-06 02:05:25,444 INFO  [org.jboss.as.connector.deployers.jdbc] (MSC service thread 1-3) WFLYJCA0018: Started Driver service with driver-name = h2
2025-05-06 02:05:25,463 INFO  [org.wildfly.extension.undertow] (MSC service thread 1-8) WFLYUT0003: Undertow 2.3.13.Final starting
2025-05-06 02:05:25,488 INFO  [org.jboss.as.connector.subsystems.datasources] (ServerService Thread Pool -- 44) WFLYJCA0004: Deploying JDBC-compliant driver class org.mariadb.jdbc.Driver (version 2.6)
2025-05-06 02:05:25,494 INFO  [org.jboss.as.connector.deployers.jdbc] (MSC service thread 1-4) WFLYJCA0018: Started Driver service with driver-name = mariadb
2025-05-06 02:05:25,502 INFO  [org.jboss.as.connector.subsystems.datasources] (ServerService Thread Pool -- 44) WFLYJCA0005: Deploying non-JDBC-compliant driver class org.postgresql.Driver (version 42.7)
2025-05-06 02:05:25,503 INFO  [org.jboss.as.connector.deployers.jdbc] (MSC service thread 1-3) WFLYJCA0018: Started Driver service with driver-name = postgresql
2025-05-06 02:05:25,524 INFO  [org.wildfly.extension.undertow] (ServerService Thread Pool -- 75) WFLYUT0014: Creating file handler for path '/opt/wildfly/welcome-content' with options [directory-listing: 'false', follow-symlink: 'false', case-sensitive: 'true', safe-symlink-paths: '[]']
2025-05-06 02:05:25,534 INFO  [org.jboss.as.ejb3] (MSC service thread 1-5) WFLYEJB0481: Strict pool slsb-strict-max-pool is using a max instance size of 80 (per class), which is derived from thread worker pool sizing.
2025-05-06 02:05:25,534 INFO  [org.jboss.as.ejb3] (MSC service thread 1-3) WFLYEJB0482: Strict pool mdb-strict-max-pool is using a max instance size of 80 (per class), which is derived from the number of CPUs on this host.
2025-05-06 02:05:25,536 INFO  [org.wildfly.extension.undertow] (ServerService Thread Pool -- 75) WFLYUT0014: Creating file handler for path '/home/jux1235' with options [directory-listing: 'false', follow-symlink: 'false', case-sensitive: 'true', safe-symlink-paths: '[]']
2025-05-06 02:05:25,556 INFO  [org.wildfly.extension.undertow] (MSC service thread 1-5) WFLYUT0012: Started server default-server.
2025-05-06 02:05:25,559 INFO  [org.wildfly.extension.undertow] (MSC service thread 1-5) Queuing requests.
2025-05-06 02:05:25,560 INFO  [org.wildfly.extension.undertow] (MSC service thread 1-5) WFLYUT0018: Host default-host starting
2025-05-06 02:05:25,599 INFO  [org.wildfly.extension.undertow] (MSC service thread 1-2) WFLYUT0006: Undertow HTTP listener default listening on 0.0.0.0:8080
2025-05-06 02:05:25,633 INFO  [org.jboss.as.ejb3] (MSC service thread 1-2) WFLYEJB0493: Jakarta Enterprise Beans subsystem suspension complete
2025-05-06 02:05:25,663 INFO  [org.wildfly.extension.undertow] (MSC service thread 1-4) WFLYUT0006: Undertow HTTPS listener https listening on 0.0.0.0:8443
2025-05-06 02:05:25,684 INFO  [org.jboss.as.connector.subsystems.datasources] (MSC service thread 1-7) WFLYJCA0001: Bound data source [java:jboss/datasources/ExampleDS]
2025-05-06 02:05:25,688 INFO  [org.jboss.as.connector.subsystems.datasources] (MSC service thread 1-4) WFLYJCA0001: Bound data source [java:jboss/datasources/PostgresDS]
2025-05-06 02:05:25,688 INFO  [org.jboss.as.connector.subsystems.datasources] (MSC service thread 1-2) WFLYJCA0001: Bound data source [java:jboss/datasources/MariadbDS]
2025-05-06 02:05:25,820 INFO  [org.jboss.as.server.deployment.scanner] (MSC service thread 1-3) WFLYDS0013: Started FileSystemDeploymentService for directory /opt/wildfly/standalone/deployments
2025-05-06 02:05:25,934 INFO  [org.jboss.ws.common.management] (MSC service thread 1-4) JBWS022052: Starting JBossWS 7.1.0.Final (Apache CXF 4.0.4) 
2025-05-06 02:05:26,375 INFO  [org.jboss.as.jpa] (MSC service thread 1-4) WFLYJPA0002: Read persistence.xml for JakartaDS
2025-05-06 02:05:26,504 INFO  [org.jipijapa] (MSC service thread 1-4) JIPIORMV6020260: Second level cache enabled for BSUPortalRestore-1.0-SNAPSHOT.war#JakartaDS
2025-05-06 02:05:26,646 INFO  [org.jboss.weld.deployer] (MSC service thread 1-8) WFLYWELD0003: Processing weld deployment BSUPortalRestore-1.0-SNAPSHOT.war
2025-05-06 02:05:26,762 INFO  [org.hibernate.validator.internal.util.Version] (MSC service thread 1-8) HV000001: Hibernate Validator 8.0.1.Final
2025-05-06 02:05:26,971 INFO  [org.jboss.as.ejb3.deployment] (MSC service thread 1-8) WFLYEJB0473: JNDI bindings for session bean named 'MainSession' in deployment unit 'deployment "BSUPortalRestore-1.0-SNAPSHOT.war"' are as follows:

	java:global/BSUPortalRestore-1.0-SNAPSHOT/MainSession!com.mnl.bsuportalrestore.sessions.MainSession
	java:app/BSUPortalRestore-1.0-SNAPSHOT/MainSession!com.mnl.bsuportalrestore.sessions.MainSession
	java:module/MainSession!com.mnl.bsuportalrestore.sessions.MainSession
	java:global/BSUPortalRestore-1.0-SNAPSHOT/MainSession
	java:app/BSUPortalRestore-1.0-SNAPSHOT/MainSession
	java:module/MainSession

2025-05-06 02:05:27,175 INFO  [org.jipijapa] (MSC service thread 1-2) JIPIORMV6020260: Second level cache enabled for BSUPortalRestore-1.0-SNAPSHOT.war#JakartaDS
2025-05-06 02:05:27,191 INFO  [org.infinispan.CONTAINER] (ServerService Thread Pool -- 78) ISPN000556: Starting user marshaller 'org.wildfly.clustering.infinispan.marshalling.jboss.JBossMarshaller'
2025-05-06 02:05:27,256 INFO  [org.jboss.weld.Version] (MSC service thread 1-2) WELD-000900: 5.1.2 (Final)
2025-05-06 02:05:27,703 INFO  [org.jboss.as.jpa] (ServerService Thread Pool -- 78) WFLYJPA0010: Starting Persistence Unit (phase 1 of 2) Service 'BSUPortalRestore-1.0-SNAPSHOT.war#JakartaDS'
2025-05-06 02:05:27,733 INFO  [org.hibernate.jpa.internal.util.LogHelper] (ServerService Thread Pool -- 78) HHH000204: Processing PersistenceUnitInfo [name: JakartaDS]
2025-05-06 02:05:27,850 INFO  [org.hibernate.Version] (ServerService Thread Pool -- 78) HHH000412: Hibernate ORM core version 6.4.4.Final
2025-05-06 02:05:28,026 WARN  [org.hibernate.dialect.Dialect] (ServerService Thread Pool -- 78) HHH000511: The 10.1.0 version for [org.hibernate.dialect.MariaDBDialect] is no longer supported, hence certain features may not work properly. The minimum supported version is 10.4.0. Check the community dialects project for available legacy versions.
2025-05-06 02:05:28,060 INFO  [org.hibernate.cache.internal.RegionFactoryInitiator] (ServerService Thread Pool -- 78) HHH000025: Second-level cache region factory [org.infinispan.hibernate.cache.v62.InfinispanRegionFactory]
2025-05-06 02:05:28,176 INFO  [org.hibernate.envers.boot.internal.EnversServiceImpl] (ServerService Thread Pool -- 78) Envers integration enabled? : true
2025-05-06 02:05:28,419 INFO  [org.jboss.as.jpa] (ServerService Thread Pool -- 78) WFLYJPA0010: Starting Persistence Unit (phase 2 of 2) Service 'BSUPortalRestore-1.0-SNAPSHOT.war#JakartaDS'
2025-05-06 02:05:29,897 INFO  [org.jboss.as.jpa] (MSC service thread 1-4) WFLYJPA0002: Read persistence.xml for JakartaDS
2025-05-06 02:05:30,237 INFO  [org.jipijapa] (MSC service thread 1-7) JIPIORMV6020260: Second level cache enabled for BsuPortal-1.0-SNAPSHOT.war#JakartaDS
2025-05-06 02:05:30,238 INFO  [org.jboss.as.jpa] (ServerService Thread Pool -- 78) WFLYJPA0010: Starting Persistence Unit (phase 1 of 2) Service 'BsuPortal-1.0-SNAPSHOT.war#JakartaDS'
2025-05-06 02:05:30,240 INFO  [org.hibernate.jpa.internal.util.LogHelper] (ServerService Thread Pool -- 78) HHH000204: Processing PersistenceUnitInfo [name: JakartaDS]
2025-05-06 02:05:30,299 INFO  [org.hibernate.cache.internal.RegionFactoryInitiator] (ServerService Thread Pool -- 78) HHH000025: Second-level cache region factory [org.infinispan.hibernate.cache.v62.InfinispanRegionFactory]
2025-05-06 02:05:30,302 INFO  [org.hibernate.envers.boot.internal.EnversServiceImpl] (ServerService Thread Pool -- 78) Envers integration enabled? : true
2025-05-06 02:05:30,335 INFO  [org.jboss.weld.deployer] (MSC service thread 1-8) WFLYWELD0003: Processing weld deployment BsuPortal-1.0-SNAPSHOT.war
2025-05-06 02:05:30,373 INFO  [org.jboss.as.ejb3.deployment] (MSC service thread 1-8) WFLYEJB0473: JNDI bindings for session bean named 'MainSession' in deployment unit 'deployment "BsuPortal-1.0-SNAPSHOT.war"' are as follows:

	java:global/BsuPortal-1.0-SNAPSHOT/MainSession!com.mnl.bsum.bsuportal.sessions.MainSession
	java:app/BsuPortal-1.0-SNAPSHOT/MainSession!com.mnl.bsum.bsuportal.sessions.MainSession
	java:module/MainSession!com.mnl.bsum.bsuportal.sessions.MainSession
	java:global/BsuPortal-1.0-SNAPSHOT/MainSession
	java:app/BsuPortal-1.0-SNAPSHOT/MainSession
	java:module/MainSession

2025-05-06 02:05:30,373 INFO  [org.jboss.as.ejb3.deployment] (MSC service thread 1-8) WFLYEJB0473: JNDI bindings for session bean named 'ReportsSession' in deployment unit 'deployment "BsuPortal-1.0-SNAPSHOT.war"' are as follows:

	java:global/BsuPortal-1.0-SNAPSHOT/ReportsSession!com.mnl.bsum.bsuportal.sessions.ReportsSession
	java:app/BsuPortal-1.0-SNAPSHOT/ReportsSession!com.mnl.bsum.bsuportal.sessions.ReportsSession
	java:module/ReportsSession!com.mnl.bsum.bsuportal.sessions.ReportsSession
	java:global/BsuPortal-1.0-SNAPSHOT/ReportsSession
	java:app/BsuPortal-1.0-SNAPSHOT/ReportsSession
	java:module/ReportsSession

2025-05-06 02:05:30,563 INFO  [org.jipijapa] (MSC service thread 1-3) JIPIORMV6020260: Second level cache enabled for BsuPortal-1.0-SNAPSHOT.war#JakartaDS
2025-05-06 02:05:30,615 INFO  [org.jboss.as.jpa] (ServerService Thread Pool -- 78) WFLYJPA0010: Starting Persistence Unit (phase 2 of 2) Service 'BsuPortal-1.0-SNAPSHOT.war#JakartaDS'
2025-05-06 02:05:31,283 INFO  [org.jboss.resteasy.resteasy_jaxrs.i18n] (ServerService Thread Pool -- 79) RESTEASY002225: Deploying jakarta.ws.rs.core.Application: class com.mnl.bsuportalrestore.JakartaRestConfiguration$Proxy$_$$_WeldClientProxy
2025-05-06 02:05:31,323 INFO  [org.wildfly.extension.undertow] (ServerService Thread Pool -- 79) WFLYUT0021: Registered web context: '/restore' for server 'default-server'
2025-05-06 02:05:33,392 INFO  [org.jboss.resteasy.resteasy_jaxrs.i18n] (ServerService Thread Pool -- 87) RESTEASY002225: Deploying jakarta.ws.rs.core.Application: class com.mnl.bsum.bsuportal.JakartaRestConfiguration$Proxy$_$$_WeldClientProxy
2025-05-06 02:05:33,421 INFO  [org.wildfly.extension.undertow] (ServerService Thread Pool -- 87) WFLYUT0021: Registered web context: '/' for server 'default-server'
2025-05-06 02:05:33,542 INFO  [org.jboss.as.server] (ServerService Thread Pool -- 45) WFLYSRV0010: Deployed "BSUPortalRestore-1.0-SNAPSHOT.war" (runtime-name : "BSUPortalRestore-1.0-SNAPSHOT.war")
2025-05-06 02:05:33,543 INFO  [org.jboss.as.server] (ServerService Thread Pool -- 45) WFLYSRV0010: Deployed "BsuPortal-1.0-SNAPSHOT.war" (runtime-name : "BsuPortal-1.0-SNAPSHOT.war")
2025-05-06 02:05:33,584 INFO  [org.jboss.as.server] (Controller Boot Thread) WFLYSRV0212: Resuming server
2025-05-06 02:05:33,589 INFO  [org.jboss.as] (Controller Boot Thread) WFLYSRV0060: Http management interface listening on http://127.0.0.1:9990/management
2025-05-06 02:05:33,590 INFO  [org.jboss.as] (Controller Boot Thread) WFLYSRV0051: Admin console listening on http://127.0.0.1:9990
2025-05-06 02:05:33,602 INFO  [org.jboss.as] (Controller Boot Thread) WFLYSRV0025: WildFly Full 32.0.1.Final (WildFly Core 24.0.1.Final) started in 12057ms - Started 721 of 921 services (332 services are lazy, passive or on-demand) - Server configuration file in use: standalone.xml
2025-05-06 02:05:33,697 INFO  [io.undertow.servlet] (default task-4) org.tuckey.web.filters.urlrewrite.UrlRewriteFilter INFO: loaded (conf ok)
2025-05-06 02:06:04,870 ERROR [stderr] (default task-1) jakarta.persistence.NoResultException: No result found for query [SELECT u FROM Users u WHERE u.username = :username OR u.email = :email]
2025-05-06 02:06:04,871 ERROR [stderr] (default task-1) 	at org.hibernate@6.4.4.Final//org.hibernate.query.spi.AbstractSelectionQuery.getSingleResult(AbstractSelectionQuery.java:567)
2025-05-06 02:06:04,871 ERROR [stderr] (default task-1) 	at org.jboss.as.jpa@32.0.1.Final//org.jboss.as.jpa.container.QueryNonTxInvocationDetacher.getSingleResult(QueryNonTxInvocationDetacher.java:52)
2025-05-06 02:06:04,871 ERROR [stderr] (default task-1) 	at deployment.BsuPortal-1.0-SNAPSHOT.war//com.mnl.bsum.bsuportal.sessions.MainSession.login(MainSession.java:775)
2025-05-06 02:06:04,871 ERROR [stderr] (default task-1) 	at java.base/jdk.internal.reflect.DirectMethodHandleAccessor.invoke(DirectMethodHandleAccessor.java:103)
2025-05-06 02:06:04,871 ERROR [stderr] (default task-1) 	at java.base/java.lang.reflect.Method.invoke(Method.java:580)
2025-05-06 02:06:04,871 ERROR [stderr] (default task-1) 	at org.jboss.as.ee@32.0.1.Final//org.jboss.as.ee.component.ManagedReferenceMethodInterceptor.processInvocation(ManagedReferenceMethodInterceptor.java:35)
2025-05-06 02:06:04,871 ERROR [stderr] (default task-1) 	at org.jboss.invocation@2.0.1.Final//org.jboss.invocation.InterceptorContext.proceed(InterceptorContext.java:422)
2025-05-06 02:06:04,872 ERROR [stderr] (default task-1) 	at org.jboss.invocation@2.0.1.Final//org.jboss.invocation.InterceptorContext$Invocation.proceed(InterceptorContext.java:509)
2025-05-06 02:06:04,872 ERROR [stderr] (default task-1) 	at org.jboss.as.weld.common@32.0.1.Final//org.jboss.as.weld.interceptors.Jsr299BindingsInterceptor.delegateInterception(Jsr299BindingsInterceptor.java:62)
2025-05-06 02:06:04,872 ERROR [stderr] (default task-1) 	at org.jboss.as.weld.common@32.0.1.Final//org.jboss.as.weld.interceptors.Jsr299BindingsInterceptor.doMethodInterception(Jsr299BindingsInterceptor.java:72)
2025-05-06 02:06:04,872 ERROR [stderr] (default task-1) 	at org.jboss.as.weld.common@32.0.1.Final//org.jboss.as.weld.interceptors.Jsr299BindingsInterceptor.processInvocation(Jsr299BindingsInterceptor.java:85)
2025-05-06 02:06:04,872 ERROR [stderr] (default task-1) 	at org.jboss.as.ee@32.0.1.Final//org.jboss.as.ee.component.interceptors.UserInterceptorFactory$1.processInvocation(UserInterceptorFactory.java:46)
2025-05-06 02:06:04,872 ERROR [stderr] (default task-1) 	at org.jboss.invocation@2.0.1.Final//org.jboss.invocation.InterceptorContext.proceed(InterceptorContext.java:422)
2025-05-06 02:06:04,872 ERROR [stderr] (default task-1) 	at org.jboss.as.ejb3@32.0.1.Final//org.jboss.as.ejb3.component.invocationmetrics.ExecutionTimeInterceptor.processInvocation(ExecutionTimeInterceptor.java:26)
2025-05-06 02:06:04,872 ERROR [stderr] (default task-1) 	at org.jboss.invocation@2.0.1.Final//org.jboss.invocation.InterceptorContext.proceed(InterceptorContext.java:422)
2025-05-06 02:06:04,872 ERROR [stderr] (default task-1) 	at org.jboss.as.jpa@32.0.1.Final//org.jboss.as.jpa.interceptor.SBInvocationInterceptor.processInvocation(SBInvocationInterceptor.java:30)
2025-05-06 02:06:04,873 ERROR [stderr] (default task-1) 	at org.jboss.invocation@2.0.1.Final//org.jboss.invocation.InterceptorContext.proceed(InterceptorContext.java:422)
2025-05-06 02:06:04,873 ERROR [stderr] (default task-1) 	at org.jboss.as.ejb3@32.0.1.Final//org.jboss.as.ejb3.tx.EjbBMTInterceptor.handleInvocation(EjbBMTInterceptor.java:86)
2025-05-06 02:06:04,873 ERROR [stderr] (default task-1) 	at org.jboss.as.ejb3@32.0.1.Final//org.jboss.as.ejb3.tx.BMTInterceptor.processInvocation(BMTInterceptor.java:40)
2025-05-06 02:06:04,873 ERROR [stderr] (default task-1) 	at org.jboss.invocation@2.0.1.Final//org.jboss.invocation.InterceptorContext.proceed(InterceptorContext.java:422)
2025-05-06 02:06:04,873 ERROR [stderr] (default task-1) 	at org.jboss.as.ee@32.0.1.Final//org.jboss.as.ee.concurrent.ConcurrentContextInterceptor.processInvocation(ConcurrentContextInterceptor.java:28)
2025-05-06 02:06:04,873 ERROR [stderr] (default task-1) 	at org.jboss.invocation@2.0.1.Final//org.jboss.invocation.InterceptorContext.proceed(InterceptorContext.java:422)
2025-05-06 02:06:04,873 ERROR [stderr] (default task-1) 	at org.jboss.invocation@2.0.1.Final//org.jboss.invocation.InitialInterceptor.processInvocation(InitialInterceptor.java:40)
2025-05-06 02:06:04,873 ERROR [stderr] (default task-1) 	at org.jboss.invocation@2.0.1.Final//org.jboss.invocation.InterceptorContext.proceed(InterceptorContext.java:422)
2025-05-06 02:06:04,873 ERROR [stderr] (default task-1) 	at org.jboss.invocation@2.0.1.Final//org.jboss.invocation.ChainedInterceptor.processInvocation(ChainedInterceptor.java:53)
2025-05-06 02:06:04,873 ERROR [stderr] (default task-1) 	at org.jboss.as.ee@32.0.1.Final//org.jboss.as.ee.component.interceptors.ComponentDispatcherInterceptor.processInvocation(ComponentDispatcherInterceptor.java:35)
2025-05-06 02:06:04,874 ERROR [stderr] (default task-1) 	at org.jboss.invocation@2.0.1.Final//org.jboss.invocation.InterceptorContext.proceed(InterceptorContext.java:422)
2025-05-06 02:06:04,874 ERROR [stderr] (default task-1) 	at org.jboss.as.ejb3@32.0.1.Final//org.jboss.as.ejb3.component.pool.PooledInstanceInterceptor.processInvocation(PooledInstanceInterceptor.java:34)
2025-05-06 02:06:04,874 ERROR [stderr] (default task-1) 	at org.jboss.invocation@2.0.1.Final//org.jboss.invocation.InterceptorContext.proceed(InterceptorContext.java:422)
2025-05-06 02:06:04,874 ERROR [stderr] (default task-1) 	at org.jboss.as.ejb3@32.0.1.Final//org.jboss.as.ejb3.component.interceptors.AdditionalSetupInterceptor.processInvocation(AdditionalSetupInterceptor.java:39)
2025-05-06 02:06:04,874 ERROR [stderr] (default task-1) 	at org.jboss.invocation@2.0.1.Final//org.jboss.invocation.InterceptorContext.proceed(InterceptorContext.java:422)
2025-05-06 02:06:04,874 ERROR [stderr] (default task-1) 	at org.jboss.invocation@2.0.1.Final//org.jboss.invocation.InterceptorContext$Invocation.proceed(InterceptorContext.java:509)
2025-05-06 02:06:04,874 ERROR [stderr] (default task-1) 	at org.jboss.weld.core@5.1.2.Final//org.jboss.weld.module.ejb.AbstractEJBRequestScopeActivationInterceptor.aroundInvoke(AbstractEJBRequestScopeActivationInterceptor.java:78)
2025-05-06 02:06:04,874 ERROR [stderr] (default task-1) 	at org.jboss.as.weld.common@32.0.1.Final//org.jboss.as.weld.ejb.EjbRequestScopeActivationInterceptor.processInvocation(EjbRequestScopeActivationInterceptor.java:72)
2025-05-06 02:06:04,874 ERROR [stderr] (default task-1) 	at org.jboss.invocation@2.0.1.Final//org.jboss.invocation.InterceptorContext.proceed(InterceptorContext.java:422)
2025-05-06 02:06:04,874 ERROR [stderr] (default task-1) 	at org.jboss.as.ejb3@32.0.1.Final//org.jboss.as.ejb3.component.interceptors.CurrentInvocationContextInterceptor.processInvocation(CurrentInvocationContextInterceptor.java:24)
2025-05-06 02:06:04,875 ERROR [stderr] (default task-1) 	at org.jboss.invocation@2.0.1.Final//org.jboss.invocation.InterceptorContext.proceed(InterceptorContext.java:422)
2025-05-06 02:06:04,875 ERROR [stderr] (default task-1) 	at org.jboss.as.ejb3@32.0.1.Final//org.jboss.as.ejb3.component.invocationmetrics.WaitTimeInterceptor.processInvocation(WaitTimeInterceptor.java:30)
2025-05-06 02:06:04,875 ERROR [stderr] (default task-1) 	at org.jboss.invocation@2.0.1.Final//org.jboss.invocation.InterceptorContext.proceed(InterceptorContext.java:422)
2025-05-06 02:06:04,875 ERROR [stderr] (default task-1) 	at org.jboss.as.ejb3@32.0.1.Final//org.jboss.as.ejb3.security.IdentityOutflowInterceptor.processInvocation(IdentityOutflowInterceptor.java:56)
2025-05-06 02:06:04,875 ERROR [stderr] (default task-1) 	at org.jboss.invocation@2.0.1.Final//org.jboss.invocation.InterceptorContext.proceed(InterceptorContext.java:422)
2025-05-06 02:06:04,875 ERROR [stderr] (default task-1) 	at org.jboss.as.ejb3@32.0.1.Final//org.jboss.as.ejb3.security.SecurityDomainInterceptor.processInvocation(SecurityDomainInterceptor.java:27)
2025-05-06 02:06:04,875 ERROR [stderr] (default task-1) 	at org.jboss.invocation@2.0.1.Final//org.jboss.invocation.InterceptorContext.proceed(InterceptorContext.java:422)
2025-05-06 02:06:04,875 ERROR [stderr] (default task-1) 	at org.jboss.as.ejb3@32.0.1.Final//org.jboss.as.ejb3.deployment.processors.StartupAwaitInterceptor.processInvocation(StartupAwaitInterceptor.java:27)
2025-05-06 02:06:04,875 ERROR [stderr] (default task-1) 	at org.jboss.invocation@2.0.1.Final//org.jboss.invocation.InterceptorContext.proceed(InterceptorContext.java:422)
2025-05-06 02:06:04,875 ERROR [stderr] (default task-1) 	at org.jboss.as.ejb3@32.0.1.Final//org.jboss.as.ejb3.component.interceptors.ShutDownInterceptorFactory$1.processInvocation(ShutDownInterceptorFactory.java:47)
2025-05-06 02:06:04,875 ERROR [stderr] (default task-1) 	at org.jboss.invocation@2.0.1.Final//org.jboss.invocation.InterceptorContext.proceed(InterceptorContext.java:422)
2025-05-06 02:06:04,876 ERROR [stderr] (default task-1) 	at org.jboss.as.ejb3@32.0.1.Final//org.jboss.as.ejb3.component.interceptors.LoggingInterceptor.processInvocation(LoggingInterceptor.java:50)
2025-05-06 02:06:04,876 ERROR [stderr] (default task-1) 	at org.jboss.invocation@2.0.1.Final//org.jboss.invocation.InterceptorContext.proceed(InterceptorContext.java:422)
2025-05-06 02:06:04,876 ERROR [stderr] (default task-1) 	at org.jboss.as.ee@32.0.1.Final//org.jboss.as.ee.component.NamespaceContextInterceptor.processInvocation(NamespaceContextInterceptor.java:33)
2025-05-06 02:06:04,876 ERROR [stderr] (default task-1) 	at org.jboss.invocation@2.0.1.Final//org.jboss.invocation.InterceptorContext.proceed(InterceptorContext.java:422)
2025-05-06 02:06:04,876 ERROR [stderr] (default task-1) 	at org.jboss.invocation@2.0.1.Final//org.jboss.invocation.ContextClassLoaderInterceptor.processInvocation(ContextClassLoaderInterceptor.java:60)
2025-05-06 02:06:04,876 ERROR [stderr] (default task-1) 	at org.jboss.invocation@2.0.1.Final//org.jboss.invocation.InterceptorContext.proceed(InterceptorContext.java:422)
2025-05-06 02:06:04,876 ERROR [stderr] (default task-1) 	at org.jboss.invocation@2.0.1.Final//org.jboss.invocation.InterceptorContext.run(InterceptorContext.java:438)
2025-05-06 02:06:04,876 ERROR [stderr] (default task-1) 	at org.wildfly.security.elytron-base@2.4.2.Final//org.wildfly.security.manager.WildFlySecurityManager.doChecked(WildFlySecurityManager.java:633)
2025-05-06 02:06:04,876 ERROR [stderr] (default task-1) 	at org.jboss.invocation@2.0.1.Final//org.jboss.invocation.AccessCheckingInterceptor.processInvocation(AccessCheckingInterceptor.java:57)
2025-05-06 02:06:04,876 ERROR [stderr] (default task-1) 	at org.jboss.invocation@2.0.1.Final//org.jboss.invocation.InterceptorContext.proceed(InterceptorContext.java:422)
2025-05-06 02:06:04,876 ERROR [stderr] (default task-1) 	at org.jboss.invocation@2.0.1.Final//org.jboss.invocation.ChainedInterceptor.processInvocation(ChainedInterceptor.java:53)
2025-05-06 02:06:04,877 ERROR [stderr] (default task-1) 	at org.jboss.as.ee@32.0.1.Final//org.jboss.as.ee.component.ViewService$View.invoke(ViewService.java:181)
2025-05-06 02:06:04,877 ERROR [stderr] (default task-1) 	at org.jboss.as.ee@32.0.1.Final//org.jboss.as.ee.component.ViewDescription$1.processInvocation(ViewDescription.java:174)
2025-05-06 02:06:04,877 ERROR [stderr] (default task-1) 	at org.jboss.invocation@2.0.1.Final//org.jboss.invocation.InterceptorContext.proceed(InterceptorContext.java:422)
2025-05-06 02:06:04,877 ERROR [stderr] (default task-1) 	at org.jboss.as.ejb3@32.0.1.Final//org.jboss.as.ejb3.security.IdentityInterceptor.lambda$processInvocation$0(IdentityInterceptor.java:30)
2025-05-06 02:06:04,877 ERROR [stderr] (default task-1) 	at org.wildfly.security.elytron-base@2.4.2.Final//org.wildfly.security.auth.server.SecurityIdentity.runAsFunctionEx(SecurityIdentity.java:421)
2025-05-06 02:06:04,877 ERROR [stderr] (default task-1) 	at org.wildfly.security.elytron-base@2.4.2.Final//org.wildfly.security.auth.server.Scoped.runAsFunctionEx(Scoped.java:161)
2025-05-06 02:06:04,877 ERROR [stderr] (default task-1) 	at org.wildfly.security.elytron-base@2.4.2.Final//org.wildfly.security.auth.server.Scoped.runAsSupplierEx(Scoped.java:229)
2025-05-06 02:06:04,877 ERROR [stderr] (default task-1) 	at org.jboss.as.ejb3@32.0.1.Final//org.jboss.as.ejb3.security.IdentityInterceptor.processInvocation(IdentityInterceptor.java:30)
2025-05-06 02:06:04,877 ERROR [stderr] (default task-1) 	at org.jboss.invocation@2.0.1.Final//org.jboss.invocation.InterceptorContext.proceed(InterceptorContext.java:422)
2025-05-06 02:06:04,877 ERROR [stderr] (default task-1) 	at org.jboss.invocation@2.0.1.Final//org.jboss.invocation.ChainedInterceptor.processInvocation(ChainedInterceptor.java:53)
2025-05-06 02:06:04,877 ERROR [stderr] (default task-1) 	at org.jboss.as.ee@32.0.1.Final//org.jboss.as.ee.component.ProxyInvocationHandler.invoke(ProxyInvocationHandler.java:64)
2025-05-06 02:06:04,878 ERROR [stderr] (default task-1) 	at deployment.BsuPortal-1.0-SNAPSHOT.war//com.mnl.bsum.bsuportal.sessions.MainSession$$$view2.login(Unknown Source)
2025-05-06 02:06:04,878 ERROR [stderr] (default task-1) 	at org.apache.jsp.index_jsp._jspService(index_jsp.java:325)
2025-05-06 02:06:04,878 ERROR [stderr] (default task-1) 	at io.undertow.jsp@2.2.7.Final//org.apache.jasper.runtime.HttpJspBase.service(HttpJspBase.java:70)
2025-05-06 02:06:04,878 ERROR [stderr] (default task-1) 	at jakarta.servlet.api@6.0.0//jakarta.servlet.http.HttpServlet.service(HttpServlet.java:614)
2025-05-06 02:06:04,878 ERROR [stderr] (default task-1) 	at io.undertow.jsp@2.2.7.Final//org.apache.jasper.servlet.JspServletWrapper.service(JspServletWrapper.java:422)
2025-05-06 02:06:04,878 ERROR [stderr] (default task-1) 	at io.undertow.jsp@2.2.7.Final//org.apache.jasper.servlet.JspServlet.serviceJspFile(JspServlet.java:403)
2025-05-06 02:06:04,878 ERROR [stderr] (default task-1) 	at io.undertow.jsp@2.2.7.Final//org.apache.jasper.servlet.JspServlet.service(JspServlet.java:347)
2025-05-06 02:06:04,878 ERROR [stderr] (default task-1) 	at jakarta.servlet.api@6.0.0//jakarta.servlet.http.HttpServlet.service(HttpServlet.java:614)
2025-05-06 02:06:04,878 ERROR [stderr] (default task-1) 	at io.undertow.servlet@2.3.13.Final//io.undertow.servlet.handlers.ServletHandler.handleRequest(ServletHandler.java:74)
2025-05-06 02:06:04,878 ERROR [stderr] (default task-1) 	at io.undertow.servlet@2.3.13.Final//io.undertow.servlet.handlers.FilterHandler$FilterChainImpl.doFilter(FilterHandler.java:129)
2025-05-06 02:06:04,878 ERROR [stderr] (default task-1) 	at deployment.BsuPortal-1.0-SNAPSHOT.war//org.tuckey.web.filters.urlrewrite.RuleChain.handleRewrite(RuleChain.java:176)
2025-05-06 02:06:04,878 ERROR [stderr] (default task-1) 	at deployment.BsuPortal-1.0-SNAPSHOT.war//org.tuckey.web.filters.urlrewrite.RuleChain.doRules(RuleChain.java:145)
2025-05-06 02:06:04,879 ERROR [stderr] (default task-1) 	at deployment.BsuPortal-1.0-SNAPSHOT.war//org.tuckey.web.filters.urlrewrite.UrlRewriter.processRequest(UrlRewriter.java:92)
2025-05-06 02:06:04,879 ERROR [stderr] (default task-1) 	at deployment.BsuPortal-1.0-SNAPSHOT.war//org.tuckey.web.filters.urlrewrite.UrlRewriteFilter.doFilter(UrlRewriteFilter.java:405)
2025-05-06 02:06:04,879 ERROR [stderr] (default task-1) 	at io.undertow.servlet@2.3.13.Final//io.undertow.servlet.core.ManagedFilter.doFilter(ManagedFilter.java:67)
2025-05-06 02:06:04,879 ERROR [stderr] (default task-1) 	at io.undertow.servlet@2.3.13.Final//io.undertow.servlet.handlers.FilterHandler$FilterChainImpl.doFilter(FilterHandler.java:131)
2025-05-06 02:06:04,879 ERROR [stderr] (default task-1) 	at io.undertow.servlet@2.3.13.Final//io.undertow.servlet.handlers.FilterHandler.handleRequest(FilterHandler.java:84)
2025-05-06 02:06:04,879 ERROR [stderr] (default task-1) 	at io.undertow.servlet@2.3.13.Final//io.undertow.servlet.handlers.security.ServletSecurityRoleHandler.handleRequest(ServletSecurityRoleHandler.java:62)
2025-05-06 02:06:04,879 ERROR [stderr] (default task-1) 	at io.undertow.jsp@2.2.7.Final//io.undertow.jsp.JspFileHandler.handleRequest(JspFileHandler.java:32)
2025-05-06 02:06:04,879 ERROR [stderr] (default task-1) 	at io.undertow.servlet@2.3.13.Final//io.undertow.servlet.handlers.ServletChain$1.handleRequest(ServletChain.java:68)
2025-05-06 02:06:04,879 ERROR [stderr] (default task-1) 	at io.undertow.servlet@2.3.13.Final//io.undertow.servlet.handlers.ServletDispatchingHandler.handleRequest(ServletDispatchingHandler.java:36)
2025-05-06 02:06:04,879 ERROR [stderr] (default task-1) 	at org.wildfly.security.elytron-web.undertow-server@4.1.0.Final//org.wildfly.elytron.web.undertow.server.ElytronRunAsHandler.lambda$handleRequest$1(ElytronRunAsHandler.java:68)
2025-05-06 02:06:04,880 ERROR [stderr] (default task-1) 	at org.wildfly.security.elytron-base@2.4.2.Final//org.wildfly.security.auth.server.FlexibleIdentityAssociation.runAsFunctionEx(FlexibleIdentityAssociation.java:103)
2025-05-06 02:06:04,880 ERROR [stderr] (default task-1) 	at org.wildfly.security.elytron-base@2.4.2.Final//org.wildfly.security.auth.server.Scoped.runAsFunctionEx(Scoped.java:161)
2025-05-06 02:06:04,880 ERROR [stderr] (default task-1) 	at org.wildfly.security.elytron-base@2.4.2.Final//org.wildfly.security.auth.server.Scoped.runAs(Scoped.java:73)
2025-05-06 02:06:04,880 ERROR [stderr] (default task-1) 	at org.wildfly.security.elytron-web.undertow-server@4.1.0.Final//org.wildfly.elytron.web.undertow.server.ElytronRunAsHandler.handleRequest(ElytronRunAsHandler.java:67)
2025-05-06 02:06:04,880 ERROR [stderr] (default task-1) 	at io.undertow.servlet@2.3.13.Final//io.undertow.servlet.handlers.RedirectDirHandler.handleRequest(RedirectDirHandler.java:68)
2025-05-06 02:06:04,880 ERROR [stderr] (default task-1) 	at io.undertow.servlet@2.3.13.Final//io.undertow.servlet.handlers.security.SSLInformationAssociationHandler.handleRequest(SSLInformationAssociationHandler.java:117)
2025-05-06 02:06:04,880 ERROR [stderr] (default task-1) 	at io.undertow.servlet@2.3.13.Final//io.undertow.servlet.handlers.security.ServletAuthenticationCallHandler.handleRequest(ServletAuthenticationCallHandler.java:57)
2025-05-06 02:06:04,880 ERROR [stderr] (default task-1) 	at io.undertow.core@2.3.13.Final//io.undertow.server.handlers.PredicateHandler.handleRequest(PredicateHandler.java:43)
2025-05-06 02:06:04,880 ERROR [stderr] (default task-1) 	at io.undertow.core@2.3.13.Final//io.undertow.security.handlers.AbstractConfidentialityHandler.handleRequest(AbstractConfidentialityHandler.java:46)
2025-05-06 02:06:04,880 ERROR [stderr] (default task-1) 	at io.undertow.servlet@2.3.13.Final//io.undertow.servlet.handlers.security.ServletConfidentialityConstraintHandler.handleRequest(ServletConfidentialityConstraintHandler.java:64)
2025-05-06 02:06:04,881 ERROR [stderr] (default task-1) 	at io.undertow.core@2.3.13.Final//io.undertow.security.handlers.AbstractSecurityContextAssociationHandler.handleRequest(AbstractSecurityContextAssociationHandler.java:43)
2025-05-06 02:06:04,881 ERROR [stderr] (default task-1) 	at org.wildfly.security.elytron-web.undertow-server-servlet@4.1.0.Final//org.wildfly.elytron.web.undertow.server.servlet.CleanUpHandler.handleRequest(CleanUpHandler.java:38)
2025-05-06 02:06:04,881 ERROR [stderr] (default task-1) 	at io.undertow.core@2.3.13.Final//io.undertow.server.handlers.PredicateHandler.handleRequest(PredicateHandler.java:43)
2025-05-06 02:06:04,881 ERROR [stderr] (default task-1) 	at org.wildfly.extension.undertow@32.0.1.Final//org.wildfly.extension.undertow.security.jacc.JACCContextIdHandler.handleRequest(JACCContextIdHandler.java:44)
2025-05-06 02:06:04,881 ERROR [stderr] (default task-1) 	at io.undertow.core@2.3.13.Final//io.undertow.server.handlers.PredicateHandler.handleRequest(PredicateHandler.java:43)
2025-05-06 02:06:04,881 ERROR [stderr] (default task-1) 	at org.wildfly.extension.undertow@32.0.1.Final//org.wildfly.extension.undertow.deployment.GlobalRequestControllerHandler.handleRequest(GlobalRequestControllerHandler.java:51)
2025-05-06 02:06:04,881 ERROR [stderr] (default task-1) 	at io.undertow.servlet@2.3.13.Final//io.undertow.servlet.handlers.SendErrorPageHandler.handleRequest(SendErrorPageHandler.java:52)
2025-05-06 02:06:04,881 ERROR [stderr] (default task-1) 	at io.undertow.core@2.3.13.Final//io.undertow.server.handlers.PredicateHandler.handleRequest(PredicateHandler.java:43)
2025-05-06 02:06:04,881 ERROR [stderr] (default task-1) 	at io.undertow.servlet@2.3.13.Final//io.undertow.servlet.handlers.ServletInitialHandler.handleFirstRequest(ServletInitialHandler.java:276)
2025-05-06 02:06:04,881 ERROR [stderr] (default task-1) 	at io.undertow.servlet@2.3.13.Final//io.undertow.servlet.handlers.ServletInitialHandler$2.call(ServletInitialHandler.java:135)
2025-05-06 02:06:04,881 ERROR [stderr] (default task-1) 	at io.undertow.servlet@2.3.13.Final//io.undertow.servlet.handlers.ServletInitialHandler$2.call(ServletInitialHandler.java:132)
2025-05-06 02:06:04,882 ERROR [stderr] (default task-1) 	at io.undertow.servlet@2.3.13.Final//io.undertow.servlet.core.ServletRequestContextThreadSetupAction$1.call(ServletRequestContextThreadSetupAction.java:48)
2025-05-06 02:06:04,882 ERROR [stderr] (default task-1) 	at io.undertow.servlet@2.3.13.Final//io.undertow.servlet.core.ContextClassLoaderSetupAction$1.call(ContextClassLoaderSetupAction.java:43)
2025-05-06 02:06:04,882 ERROR [stderr] (default task-1) 	at org.wildfly.extension.undertow@32.0.1.Final//org.wildfly.extension.undertow.deployment.UndertowDeploymentInfoService$UndertowThreadSetupAction.lambda$create$0(UndertowDeploymentInfoService.java:1421)
2025-05-06 02:06:04,882 ERROR [stderr] (default task-1) 	at org.wildfly.extension.undertow@32.0.1.Final//org.wildfly.extension.undertow.deployment.UndertowDeploymentInfoService$UndertowThreadSetupAction.lambda$create$0(UndertowDeploymentInfoService.java:1421)
2025-05-06 02:06:04,882 ERROR [stderr] (default task-1) 	at org.wildfly.extension.undertow@32.0.1.Final//org.wildfly.extension.undertow.deployment.UndertowDeploymentInfoService$UndertowThreadSetupAction.lambda$create$0(UndertowDeploymentInfoService.java:1421)
2025-05-06 02:06:04,882 ERROR [stderr] (default task-1) 	at org.wildfly.extension.undertow@32.0.1.Final//org.wildfly.extension.undertow.deployment.UndertowDeploymentInfoService$UndertowThreadSetupAction.lambda$create$0(UndertowDeploymentInfoService.java:1421)
2025-05-06 02:06:04,882 ERROR [stderr] (default task-1) 	at org.wildfly.extension.undertow@32.0.1.Final//org.wildfly.extension.undertow.deployment.UndertowDeploymentInfoService$UndertowThreadSetupAction.lambda$create$0(UndertowDeploymentInfoService.java:1421)
2025-05-06 02:06:04,882 ERROR [stderr] (default task-1) 	at io.undertow.servlet@2.3.13.Final//io.undertow.servlet.handlers.ServletInitialHandler.dispatchRequest(ServletInitialHandler.java:256)
2025-05-06 02:06:04,882 ERROR [stderr] (default task-1) 	at io.undertow.servlet@2.3.13.Final//io.undertow.servlet.handlers.ServletInitialHandler$1.handleRequest(ServletInitialHandler.java:101)
2025-05-06 02:06:04,882 ERROR [stderr] (default task-1) 	at io.undertow.core@2.3.13.Final//io.undertow.server.Connectors.executeRootHandler(Connectors.java:393)
2025-05-06 02:06:04,882 ERROR [stderr] (default task-1) 	at io.undertow.core@2.3.13.Final//io.undertow.server.HttpServerExchange$1.run(HttpServerExchange.java:859)
2025-05-06 02:06:04,882 ERROR [stderr] (default task-1) 	at org.jboss.threads@2.4.0.Final//org.jboss.threads.ContextClassLoaderSavingRunnable.run(ContextClassLoaderSavingRunnable.java:35)
2025-05-06 02:06:04,883 ERROR [stderr] (default task-1) 	at org.jboss.threads@2.4.0.Final//org.jboss.threads.EnhancedQueueExecutor.safeRun(EnhancedQueueExecutor.java:1990)
2025-05-06 02:06:04,883 ERROR [stderr] (default task-1) 	at org.jboss.threads@2.4.0.Final//org.jboss.threads.EnhancedQueueExecutor$ThreadBody.doRunTask(EnhancedQueueExecutor.java:1486)
2025-05-06 02:06:04,883 ERROR [stderr] (default task-1) 	at org.jboss.threads@2.4.0.Final//org.jboss.threads.EnhancedQueueExecutor$ThreadBody.run(EnhancedQueueExecutor.java:1377)
2025-05-06 02:06:04,883 ERROR [stderr] (default task-1) 	at org.jboss.xnio@3.8.15.Final//org.xnio.XnioWorker$WorkerThreadFactory$1$1.run(XnioWorker.java:1282)
2025-05-06 02:06:04,883 ERROR [stderr] (default task-1) 	at java.base/java.lang.Thread.run(Thread.java:1570)
2025-05-06 02:06:15,368 ERROR [io.undertow.request] (default task-3) UT005023: Exception handling request to /stdpaymenthistory.jsp: org.apache.jasper.JasperException: java.lang.NullPointerException: Cannot invoke "com.mnl.bsum.bsuportal.entities.Users.getDefaultRole()" because "user" is null
	at io.undertow.jsp@2.2.7.Final//org.apache.jasper.servlet.JspServletWrapper.service(JspServletWrapper.java:461)
	at io.undertow.jsp@2.2.7.Final//org.apache.jasper.servlet.JspServlet.serviceJspFile(JspServlet.java:403)
	at io.undertow.jsp@2.2.7.Final//org.apache.jasper.servlet.JspServlet.service(JspServlet.java:347)
	at jakarta.servlet.api@6.0.0//jakarta.servlet.http.HttpServlet.service(HttpServlet.java:614)
	at io.undertow.servlet@2.3.13.Final//io.undertow.servlet.handlers.ServletHandler.handleRequest(ServletHandler.java:74)
	at io.undertow.servlet@2.3.13.Final//io.undertow.servlet.handlers.FilterHandler$FilterChainImpl.doFilter(FilterHandler.java:129)
	at deployment.BsuPortal-1.0-SNAPSHOT.war//org.tuckey.web.filters.urlrewrite.RuleChain.handleRewrite(RuleChain.java:176)
	at deployment.BsuPortal-1.0-SNAPSHOT.war//org.tuckey.web.filters.urlrewrite.RuleChain.doRules(RuleChain.java:145)
	at deployment.BsuPortal-1.0-SNAPSHOT.war//org.tuckey.web.filters.urlrewrite.UrlRewriter.processRequest(UrlRewriter.java:92)
	at deployment.BsuPortal-1.0-SNAPSHOT.war//org.tuckey.web.filters.urlrewrite.UrlRewriteFilter.doFilter(UrlRewriteFilter.java:405)
	at io.undertow.servlet@2.3.13.Final//io.undertow.servlet.core.ManagedFilter.doFilter(ManagedFilter.java:67)
	at io.undertow.servlet@2.3.13.Final//io.undertow.servlet.handlers.FilterHandler$FilterChainImpl.doFilter(FilterHandler.java:131)
	at io.undertow.servlet@2.3.13.Final//io.undertow.servlet.handlers.FilterHandler.handleRequest(FilterHandler.java:84)
	at io.undertow.servlet@2.3.13.Final//io.undertow.servlet.handlers.security.ServletSecurityRoleHandler.handleRequest(ServletSecurityRoleHandler.java:62)
	at io.undertow.jsp@2.2.7.Final//io.undertow.jsp.JspFileHandler.handleRequest(JspFileHandler.java:32)
	at io.undertow.servlet@2.3.13.Final//io.undertow.servlet.handlers.ServletChain$1.handleRequest(ServletChain.java:68)
	at io.undertow.servlet@2.3.13.Final//io.undertow.servlet.handlers.ServletDispatchingHandler.handleRequest(ServletDispatchingHandler.java:36)
	at org.wildfly.security.elytron-web.undertow-server@4.1.0.Final//org.wildfly.elytron.web.undertow.server.ElytronRunAsHandler.lambda$handleRequest$1(ElytronRunAsHandler.java:68)
	at org.wildfly.security.elytron-base@2.4.2.Final//org.wildfly.security.auth.server.FlexibleIdentityAssociation.runAsFunctionEx(FlexibleIdentityAssociation.java:103)
	at org.wildfly.security.elytron-base@2.4.2.Final//org.wildfly.security.auth.server.Scoped.runAsFunctionEx(Scoped.java:161)
	at org.wildfly.security.elytron-base@2.4.2.Final//org.wildfly.security.auth.server.Scoped.runAs(Scoped.java:73)
	at org.wildfly.security.elytron-web.undertow-server@4.1.0.Final//org.wildfly.elytron.web.undertow.server.ElytronRunAsHandler.handleRequest(ElytronRunAsHandler.java:67)
	at io.undertow.servlet@2.3.13.Final//io.undertow.servlet.handlers.RedirectDirHandler.handleRequest(RedirectDirHandler.java:68)
	at io.undertow.core@2.3.13.Final//io.undertow.server.handlers.PredicateHandler.handleRequest(PredicateHandler.java:43)
	at io.undertow.core@2.3.13.Final//io.undertow.server.handlers.PredicateHandler.handleRequest(PredicateHandler.java:43)
	at io.undertow.servlet@2.3.13.Final//io.undertow.servlet.handlers.ServletInitialHandler.dispatchRequest(ServletInitialHandler.java:258)
	at io.undertow.servlet@2.3.13.Final//io.undertow.servlet.handlers.ServletInitialHandler.dispatchToPath(ServletInitialHandler.java:183)
	at io.undertow.servlet@2.3.13.Final//io.undertow.servlet.spec.RequestDispatcherImpl.forwardImpl(RequestDispatcherImpl.java:188)
	at io.undertow.servlet@2.3.13.Final//io.undertow.servlet.spec.RequestDispatcherImpl.forwardImplSetup(RequestDispatcherImpl.java:136)
	at io.undertow.servlet@2.3.13.Final//io.undertow.servlet.spec.RequestDispatcherImpl.forward(RequestDispatcherImpl.java:99)
	at deployment.BsuPortal-1.0-SNAPSHOT.war//org.tuckey.web.filters.urlrewrite.NormalRewrittenUrl.doRewrite(NormalRewrittenUrl.java:233)
	at deployment.BsuPortal-1.0-SNAPSHOT.war//org.tuckey.web.filters.urlrewrite.RuleChain.handleRewrite(RuleChain.java:171)
	at deployment.BsuPortal-1.0-SNAPSHOT.war//org.tuckey.web.filters.urlrewrite.RuleChain.doRules(RuleChain.java:145)
	at deployment.BsuPortal-1.0-SNAPSHOT.war//org.tuckey.web.filters.urlrewrite.UrlRewriter.processRequest(UrlRewriter.java:92)
	at deployment.BsuPortal-1.0-SNAPSHOT.war//org.tuckey.web.filters.urlrewrite.UrlRewriteFilter.doFilter(UrlRewriteFilter.java:405)
	at io.undertow.servlet@2.3.13.Final//io.undertow.servlet.core.ManagedFilter.doFilter(ManagedFilter.java:67)
	at io.undertow.servlet@2.3.13.Final//io.undertow.servlet.handlers.FilterHandler$FilterChainImpl.doFilter(FilterHandler.java:131)
	at io.undertow.servlet@2.3.13.Final//io.undertow.servlet.handlers.FilterHandler.handleRequest(FilterHandler.java:84)
	at io.undertow.servlet@2.3.13.Final//io.undertow.servlet.handlers.security.ServletSecurityRoleHandler.handleRequest(ServletSecurityRoleHandler.java:62)
	at io.undertow.servlet@2.3.13.Final//io.undertow.servlet.handlers.ServletChain$1.handleRequest(ServletChain.java:68)
	at io.undertow.servlet@2.3.13.Final//io.undertow.servlet.handlers.ServletDispatchingHandler.handleRequest(ServletDispatchingHandler.java:36)
	at org.wildfly.security.elytron-web.undertow-server@4.1.0.Final//org.wildfly.elytron.web.undertow.server.ElytronRunAsHandler.lambda$handleRequest$1(ElytronRunAsHandler.java:68)
	at org.wildfly.security.elytron-base@2.4.2.Final//org.wildfly.security.auth.server.FlexibleIdentityAssociation.runAsFunctionEx(FlexibleIdentityAssociation.java:103)
	at org.wildfly.security.elytron-base@2.4.2.Final//org.wildfly.security.auth.server.Scoped.runAsFunctionEx(Scoped.java:161)
	at org.wildfly.security.elytron-base@2.4.2.Final//org.wildfly.security.auth.server.Scoped.runAs(Scoped.java:73)
	at org.wildfly.security.elytron-web.undertow-server@4.1.0.Final//org.wildfly.elytron.web.undertow.server.ElytronRunAsHandler.handleRequest(ElytronRunAsHandler.java:67)
	at io.undertow.servlet@2.3.13.Final//io.undertow.servlet.handlers.RedirectDirHandler.handleRequest(RedirectDirHandler.java:68)
	at io.undertow.servlet@2.3.13.Final//io.undertow.servlet.handlers.security.SSLInformationAssociationHandler.handleRequest(SSLInformationAssociationHandler.java:117)
	at io.undertow.servlet@2.3.13.Final//io.undertow.servlet.handlers.security.ServletAuthenticationCallHandler.handleRequest(ServletAuthenticationCallHandler.java:57)
	at io.undertow.core@2.3.13.Final//io.undertow.server.handlers.PredicateHandler.handleRequest(PredicateHandler.java:43)
	at io.undertow.core@2.3.13.Final//io.undertow.security.handlers.AbstractConfidentialityHandler.handleRequest(AbstractConfidentialityHandler.java:46)
	at io.undertow.servlet@2.3.13.Final//io.undertow.servlet.handlers.security.ServletConfidentialityConstraintHandler.handleRequest(ServletConfidentialityConstraintHandler.java:64)
	at io.undertow.core@2.3.13.Final//io.undertow.security.handlers.AbstractSecurityContextAssociationHandler.handleRequest(AbstractSecurityContextAssociationHandler.java:43)
	at org.wildfly.security.elytron-web.undertow-server-servlet@4.1.0.Final//org.wildfly.elytron.web.undertow.server.servlet.CleanUpHandler.handleRequest(CleanUpHandler.java:38)
	at io.undertow.core@2.3.13.Final//io.undertow.server.handlers.PredicateHandler.handleRequest(PredicateHandler.java:43)
	at org.wildfly.extension.undertow@32.0.1.Final//org.wildfly.extension.undertow.security.jacc.JACCContextIdHandler.handleRequest(JACCContextIdHandler.java:44)
	at io.undertow.core@2.3.13.Final//io.undertow.server.handlers.PredicateHandler.handleRequest(PredicateHandler.java:43)
	at org.wildfly.extension.undertow@32.0.1.Final//org.wildfly.extension.undertow.deployment.GlobalRequestControllerHandler.handleRequest(GlobalRequestControllerHandler.java:51)
	at io.undertow.servlet@2.3.13.Final//io.undertow.servlet.handlers.SendErrorPageHandler.handleRequest(SendErrorPageHandler.java:52)
	at io.undertow.core@2.3.13.Final//io.undertow.server.handlers.PredicateHandler.handleRequest(PredicateHandler.java:43)
	at io.undertow.servlet@2.3.13.Final//io.undertow.servlet.handlers.ServletInitialHandler.handleFirstRequest(ServletInitialHandler.java:276)
	at io.undertow.servlet@2.3.13.Final//io.undertow.servlet.handlers.ServletInitialHandler$2.call(ServletInitialHandler.java:135)
	at io.undertow.servlet@2.3.13.Final//io.undertow.servlet.handlers.ServletInitialHandler$2.call(ServletInitialHandler.java:132)
	at io.undertow.servlet@2.3.13.Final//io.undertow.servlet.core.ServletRequestContextThreadSetupAction$1.call(ServletRequestContextThreadSetupAction.java:48)
	at io.undertow.servlet@2.3.13.Final//io.undertow.servlet.core.ContextClassLoaderSetupAction$1.call(ContextClassLoaderSetupAction.java:43)
	at org.wildfly.extension.undertow@32.0.1.Final//org.wildfly.extension.undertow.deployment.UndertowDeploymentInfoService$UndertowThreadSetupAction.lambda$create$0(UndertowDeploymentInfoService.java:1421)
	at org.wildfly.extension.undertow@32.0.1.Final//org.wildfly.extension.undertow.deployment.UndertowDeploymentInfoService$UndertowThreadSetupAction.lambda$create$0(UndertowDeploymentInfoService.java:1421)
	at org.wildfly.extension.undertow@32.0.1.Final//org.wildfly.extension.undertow.deployment.UndertowDeploymentInfoService$UndertowThreadSetupAction.lambda$create$0(UndertowDeploymentInfoService.java:1421)
	at org.wildfly.extension.undertow@32.0.1.Final//org.wildfly.extension.undertow.deployment.UndertowDeploymentInfoService$UndertowThreadSetupAction.lambda$create$0(UndertowDeploymentInfoService.java:1421)
	at org.wildfly.extension.undertow@32.0.1.Final//org.wildfly.extension.undertow.deployment.UndertowDeploymentInfoService$UndertowThreadSetupAction.lambda$create$0(UndertowDeploymentInfoService.java:1421)
	at io.undertow.servlet@2.3.13.Final//io.undertow.servlet.handlers.ServletInitialHandler.dispatchRequest(ServletInitialHandler.java:256)
	at io.undertow.servlet@2.3.13.Final//io.undertow.servlet.handlers.ServletInitialHandler$1.handleRequest(ServletInitialHandler.java:101)
	at io.undertow.core@2.3.13.Final//io.undertow.server.Connectors.executeRootHandler(Connectors.java:393)
	at io.undertow.core@2.3.13.Final//io.undertow.server.HttpServerExchange$1.run(HttpServerExchange.java:859)
	at org.jboss.threads@2.4.0.Final//org.jboss.threads.ContextClassLoaderSavingRunnable.run(ContextClassLoaderSavingRunnable.java:35)
	at org.jboss.threads@2.4.0.Final//org.jboss.threads.EnhancedQueueExecutor.safeRun(EnhancedQueueExecutor.java:1990)
	at org.jboss.threads@2.4.0.Final//org.jboss.threads.EnhancedQueueExecutor$ThreadBody.doRunTask(EnhancedQueueExecutor.java:1486)
	at org.jboss.threads@2.4.0.Final//org.jboss.threads.EnhancedQueueExecutor$ThreadBody.run(EnhancedQueueExecutor.java:1377)
	at org.jboss.xnio@3.8.15.Final//org.xnio.XnioWorker$WorkerThreadFactory$1$1.run(XnioWorker.java:1282)
	at java.base/java.lang.Thread.run(Thread.java:1570)
Caused by: java.lang.NullPointerException: Cannot invoke "com.mnl.bsum.bsuportal.entities.Users.getDefaultRole()" because "user" is null
	at org.apache.jsp.stdpaymenthistory_jsp._jspService(stdpaymenthistory_jsp.java:266)
	at io.undertow.jsp@2.2.7.Final//org.apache.jasper.runtime.HttpJspBase.service(HttpJspBase.java:70)
	at jakarta.servlet.api@6.0.0//jakarta.servlet.http.HttpServlet.service(HttpServlet.java:614)
	at io.undertow.jsp@2.2.7.Final//org.apache.jasper.servlet.JspServletWrapper.service(JspServletWrapper.java:422)
	... 79 more

2025-05-06 02:06:27,163 ERROR [io.undertow.request] (default task-1) UT005023: Exception handling request to /stdhostelapplications.jsp: org.apache.jasper.JasperException: java.lang.NullPointerException: Cannot invoke "com.mnl.bsum.bsuportal.entities.Users.getDefaultRole()" because "user" is null
	at io.undertow.jsp@2.2.7.Final//org.apache.jasper.servlet.JspServletWrapper.service(JspServletWrapper.java:461)
	at io.undertow.jsp@2.2.7.Final//org.apache.jasper.servlet.JspServlet.serviceJspFile(JspServlet.java:403)
	at io.undertow.jsp@2.2.7.Final//org.apache.jasper.servlet.JspServlet.service(JspServlet.java:347)
	at jakarta.servlet.api@6.0.0//jakarta.servlet.http.HttpServlet.service(HttpServlet.java:614)
	at io.undertow.servlet@2.3.13.Final//io.undertow.servlet.handlers.ServletHandler.handleRequest(ServletHandler.java:74)
	at io.undertow.servlet@2.3.13.Final//io.undertow.servlet.handlers.FilterHandler$FilterChainImpl.doFilter(FilterHandler.java:129)
	at deployment.BsuPortal-1.0-SNAPSHOT.war//org.tuckey.web.filters.urlrewrite.RuleChain.handleRewrite(RuleChain.java:176)
	at deployment.BsuPortal-1.0-SNAPSHOT.war//org.tuckey.web.filters.urlrewrite.RuleChain.doRules(RuleChain.java:145)
	at deployment.BsuPortal-1.0-SNAPSHOT.war//org.tuckey.web.filters.urlrewrite.UrlRewriter.processRequest(UrlRewriter.java:92)
	at deployment.BsuPortal-1.0-SNAPSHOT.war//org.tuckey.web.filters.urlrewrite.UrlRewriteFilter.doFilter(UrlRewriteFilter.java:405)
	at io.undertow.servlet@2.3.13.Final//io.undertow.servlet.core.ManagedFilter.doFilter(ManagedFilter.java:67)
	at io.undertow.servlet@2.3.13.Final//io.undertow.servlet.handlers.FilterHandler$FilterChainImpl.doFilter(FilterHandler.java:131)
	at io.undertow.servlet@2.3.13.Final//io.undertow.servlet.handlers.FilterHandler.handleRequest(FilterHandler.java:84)
	at io.undertow.servlet@2.3.13.Final//io.undertow.servlet.handlers.security.ServletSecurityRoleHandler.handleRequest(ServletSecurityRoleHandler.java:62)
	at io.undertow.jsp@2.2.7.Final//io.undertow.jsp.JspFileHandler.handleRequest(JspFileHandler.java:32)
	at io.undertow.servlet@2.3.13.Final//io.undertow.servlet.handlers.ServletChain$1.handleRequest(ServletChain.java:68)
	at io.undertow.servlet@2.3.13.Final//io.undertow.servlet.handlers.ServletDispatchingHandler.handleRequest(ServletDispatchingHandler.java:36)
	at org.wildfly.security.elytron-web.undertow-server@4.1.0.Final//org.wildfly.elytron.web.undertow.server.ElytronRunAsHandler.lambda$handleRequest$1(ElytronRunAsHandler.java:68)
	at org.wildfly.security.elytron-base@2.4.2.Final//org.wildfly.security.auth.server.FlexibleIdentityAssociation.runAsFunctionEx(FlexibleIdentityAssociation.java:103)
	at org.wildfly.security.elytron-base@2.4.2.Final//org.wildfly.security.auth.server.Scoped.runAsFunctionEx(Scoped.java:161)
	at org.wildfly.security.elytron-base@2.4.2.Final//org.wildfly.security.auth.server.Scoped.runAs(Scoped.java:73)
	at org.wildfly.security.elytron-web.undertow-server@4.1.0.Final//org.wildfly.elytron.web.undertow.server.ElytronRunAsHandler.handleRequest(ElytronRunAsHandler.java:67)
	at io.undertow.servlet@2.3.13.Final//io.undertow.servlet.handlers.RedirectDirHandler.handleRequest(RedirectDirHandler.java:68)
	at io.undertow.core@2.3.13.Final//io.undertow.server.handlers.PredicateHandler.handleRequest(PredicateHandler.java:43)
	at io.undertow.core@2.3.13.Final//io.undertow.server.handlers.PredicateHandler.handleRequest(PredicateHandler.java:43)
	at io.undertow.servlet@2.3.13.Final//io.undertow.servlet.handlers.ServletInitialHandler.dispatchRequest(ServletInitialHandler.java:258)
	at io.undertow.servlet@2.3.13.Final//io.undertow.servlet.handlers.ServletInitialHandler.dispatchToPath(ServletInitialHandler.java:183)
	at io.undertow.servlet@2.3.13.Final//io.undertow.servlet.spec.RequestDispatcherImpl.forwardImpl(RequestDispatcherImpl.java:188)
	at io.undertow.servlet@2.3.13.Final//io.undertow.servlet.spec.RequestDispatcherImpl.forwardImplSetup(RequestDispatcherImpl.java:136)
	at io.undertow.servlet@2.3.13.Final//io.undertow.servlet.spec.RequestDispatcherImpl.forward(RequestDispatcherImpl.java:99)
	at deployment.BsuPortal-1.0-SNAPSHOT.war//org.tuckey.web.filters.urlrewrite.NormalRewrittenUrl.doRewrite(NormalRewrittenUrl.java:233)
	at deployment.BsuPortal-1.0-SNAPSHOT.war//org.tuckey.web.filters.urlrewrite.RuleChain.handleRewrite(RuleChain.java:171)
	at deployment.BsuPortal-1.0-SNAPSHOT.war//org.tuckey.web.filters.urlrewrite.RuleChain.doRules(RuleChain.java:145)
	at deployment.BsuPortal-1.0-SNAPSHOT.war//org.tuckey.web.filters.urlrewrite.UrlRewriter.processRequest(UrlRewriter.java:92)
	at deployment.BsuPortal-1.0-SNAPSHOT.war//org.tuckey.web.filters.urlrewrite.UrlRewriteFilter.doFilter(UrlRewriteFilter.java:405)
	at io.undertow.servlet@2.3.13.Final//io.undertow.servlet.core.ManagedFilter.doFilter(ManagedFilter.java:67)
	at io.undertow.servlet@2.3.13.Final//io.undertow.servlet.handlers.FilterHandler$FilterChainImpl.doFilter(FilterHandler.java:131)
	at io.undertow.servlet@2.3.13.Final//io.undertow.servlet.handlers.FilterHandler.handleRequest(FilterHandler.java:84)
	at io.undertow.servlet@2.3.13.Final//io.undertow.servlet.handlers.security.ServletSecurityRoleHandler.handleRequest(ServletSecurityRoleHandler.java:62)
	at io.undertow.servlet@2.3.13.Final//io.undertow.servlet.handlers.ServletChain$1.handleRequest(ServletChain.java:68)
	at io.undertow.servlet@2.3.13.Final//io.undertow.servlet.handlers.ServletDispatchingHandler.handleRequest(ServletDispatchingHandler.java:36)
	at org.wildfly.security.elytron-web.undertow-server@4.1.0.Final//org.wildfly.elytron.web.undertow.server.ElytronRunAsHandler.lambda$handleRequest$1(ElytronRunAsHandler.java:68)
	at org.wildfly.security.elytron-base@2.4.2.Final//org.wildfly.security.auth.server.FlexibleIdentityAssociation.runAsFunctionEx(FlexibleIdentityAssociation.java:103)
	at org.wildfly.security.elytron-base@2.4.2.Final//org.wildfly.security.auth.server.Scoped.runAsFunctionEx(Scoped.java:161)
	at org.wildfly.security.elytron-base@2.4.2.Final//org.wildfly.security.auth.server.Scoped.runAs(Scoped.java:73)
	at org.wildfly.security.elytron-web.undertow-server@4.1.0.Final//org.wildfly.elytron.web.undertow.server.ElytronRunAsHandler.handleRequest(ElytronRunAsHandler.java:67)
	at io.undertow.servlet@2.3.13.Final//io.undertow.servlet.handlers.RedirectDirHandler.handleRequest(RedirectDirHandler.java:68)
	at io.undertow.servlet@2.3.13.Final//io.undertow.servlet.handlers.security.SSLInformationAssociationHandler.handleRequest(SSLInformationAssociationHandler.java:117)
	at io.undertow.servlet@2.3.13.Final//io.undertow.servlet.handlers.security.ServletAuthenticationCallHandler.handleRequest(ServletAuthenticationCallHandler.java:57)
	at io.undertow.core@2.3.13.Final//io.undertow.server.handlers.PredicateHandler.handleRequest(PredicateHandler.java:43)
	at io.undertow.core@2.3.13.Final//io.undertow.security.handlers.AbstractConfidentialityHandler.handleRequest(AbstractConfidentialityHandler.java:46)
	at io.undertow.servlet@2.3.13.Final//io.undertow.servlet.handlers.security.ServletConfidentialityConstraintHandler.handleRequest(ServletConfidentialityConstraintHandler.java:64)
	at io.undertow.core@2.3.13.Final//io.undertow.security.handlers.AbstractSecurityContextAssociationHandler.handleRequest(AbstractSecurityContextAssociationHandler.java:43)
	at org.wildfly.security.elytron-web.undertow-server-servlet@4.1.0.Final//org.wildfly.elytron.web.undertow.server.servlet.CleanUpHandler.handleRequest(CleanUpHandler.java:38)
	at io.undertow.core@2.3.13.Final//io.undertow.server.handlers.PredicateHandler.handleRequest(PredicateHandler.java:43)
	at org.wildfly.extension.undertow@32.0.1.Final//org.wildfly.extension.undertow.security.jacc.JACCContextIdHandler.handleRequest(JACCContextIdHandler.java:44)
	at io.undertow.core@2.3.13.Final//io.undertow.server.handlers.PredicateHandler.handleRequest(PredicateHandler.java:43)
	at org.wildfly.extension.undertow@32.0.1.Final//org.wildfly.extension.undertow.deployment.GlobalRequestControllerHandler.handleRequest(GlobalRequestControllerHandler.java:51)
	at io.undertow.servlet@2.3.13.Final//io.undertow.servlet.handlers.SendErrorPageHandler.handleRequest(SendErrorPageHandler.java:52)
	at io.undertow.core@2.3.13.Final//io.undertow.server.handlers.PredicateHandler.handleRequest(PredicateHandler.java:43)
	at io.undertow.servlet@2.3.13.Final//io.undertow.servlet.handlers.ServletInitialHandler.handleFirstRequest(ServletInitialHandler.java:276)
	at io.undertow.servlet@2.3.13.Final//io.undertow.servlet.handlers.ServletInitialHandler$2.call(ServletInitialHandler.java:135)
	at io.undertow.servlet@2.3.13.Final//io.undertow.servlet.handlers.ServletInitialHandler$2.call(ServletInitialHandler.java:132)
	at io.undertow.servlet@2.3.13.Final//io.undertow.servlet.core.ServletRequestContextThreadSetupAction$1.call(ServletRequestContextThreadSetupAction.java:48)
	at io.undertow.servlet@2.3.13.Final//io.undertow.servlet.core.ContextClassLoaderSetupAction$1.call(ContextClassLoaderSetupAction.java:43)
	at org.wildfly.extension.undertow@32.0.1.Final//org.wildfly.extension.undertow.deployment.UndertowDeploymentInfoService$UndertowThreadSetupAction.lambda$create$0(UndertowDeploymentInfoService.java:1421)
	at org.wildfly.extension.undertow@32.0.1.Final//org.wildfly.extension.undertow.deployment.UndertowDeploymentInfoService$UndertowThreadSetupAction.lambda$create$0(UndertowDeploymentInfoService.java:1421)
	at org.wildfly.extension.undertow@32.0.1.Final//org.wildfly.extension.undertow.deployment.UndertowDeploymentInfoService$UndertowThreadSetupAction.lambda$create$0(UndertowDeploymentInfoService.java:1421)
	at org.wildfly.extension.undertow@32.0.1.Final//org.wildfly.extension.undertow.deployment.UndertowDeploymentInfoService$UndertowThreadSetupAction.lambda$create$0(UndertowDeploymentInfoService.java:1421)
	at org.wildfly.extension.undertow@32.0.1.Final//org.wildfly.extension.undertow.deployment.UndertowDeploymentInfoService$UndertowThreadSetupAction.lambda$create$0(UndertowDeploymentInfoService.java:1421)
	at io.undertow.servlet@2.3.13.Final//io.undertow.servlet.handlers.ServletInitialHandler.dispatchRequest(ServletInitialHandler.java:256)
	at io.undertow.servlet@2.3.13.Final//io.undertow.servlet.handlers.ServletInitialHandler$1.handleRequest(ServletInitialHandler.java:101)
	at io.undertow.core@2.3.13.Final//io.undertow.server.Connectors.executeRootHandler(Connectors.java:393)
	at io.undertow.core@2.3.13.Final//io.undertow.server.HttpServerExchange$1.run(HttpServerExchange.java:859)
	at org.jboss.threads@2.4.0.Final//org.jboss.threads.ContextClassLoaderSavingRunnable.run(ContextClassLoaderSavingRunnable.java:35)
	at org.jboss.threads@2.4.0.Final//org.jboss.threads.EnhancedQueueExecutor.safeRun(EnhancedQueueExecutor.java:1990)
	at org.jboss.threads@2.4.0.Final//org.jboss.threads.EnhancedQueueExecutor$ThreadBody.doRunTask(EnhancedQueueExecutor.java:1486)
	at org.jboss.threads@2.4.0.Final//org.jboss.threads.EnhancedQueueExecutor$ThreadBody.run(EnhancedQueueExecutor.java:1377)
	at org.jboss.xnio@3.8.15.Final//org.xnio.XnioWorker$WorkerThreadFactory$1$1.run(XnioWorker.java:1282)
	at java.base/java.lang.Thread.run(Thread.java:1570)
Caused by: java.lang.NullPointerException: Cannot invoke "com.mnl.bsum.bsuportal.entities.Users.getDefaultRole()" because "user" is null
	at org.apache.jsp.stdhostelapplications_jsp._jspService(stdhostelapplications_jsp.java:503)
	at io.undertow.jsp@2.2.7.Final//org.apache.jasper.runtime.HttpJspBase.service(HttpJspBase.java:70)
	at jakarta.servlet.api@6.0.0//jakarta.servlet.http.HttpServlet.service(HttpServlet.java:614)
	at io.undertow.jsp@2.2.7.Final//org.apache.jasper.servlet.JspServletWrapper.service(JspServletWrapper.java:422)
	... 79 more

2025-05-06 02:06:27,231 ERROR [io.undertow.request] (default task-1) UT005023: Exception handling request to /stdhostelapplications.jsp: org.apache.jasper.JasperException: java.lang.NullPointerException: Cannot invoke "com.mnl.bsum.bsuportal.entities.Users.getDefaultRole()" because "user" is null
	at io.undertow.jsp@2.2.7.Final//org.apache.jasper.servlet.JspServletWrapper.service(JspServletWrapper.java:461)
	at io.undertow.jsp@2.2.7.Final//org.apache.jasper.servlet.JspServlet.serviceJspFile(JspServlet.java:403)
	at io.undertow.jsp@2.2.7.Final//org.apache.jasper.servlet.JspServlet.service(JspServlet.java:347)
	at jakarta.servlet.api@6.0.0//jakarta.servlet.http.HttpServlet.service(HttpServlet.java:614)
	at io.undertow.servlet@2.3.13.Final//io.undertow.servlet.handlers.ServletHandler.handleRequest(ServletHandler.java:74)
	at io.undertow.servlet@2.3.13.Final//io.undertow.servlet.handlers.FilterHandler$FilterChainImpl.doFilter(FilterHandler.java:129)
	at deployment.BsuPortal-1.0-SNAPSHOT.war//org.tuckey.web.filters.urlrewrite.RuleChain.handleRewrite(RuleChain.java:176)
	at deployment.BsuPortal-1.0-SNAPSHOT.war//org.tuckey.web.filters.urlrewrite.RuleChain.doRules(RuleChain.java:145)
	at deployment.BsuPortal-1.0-SNAPSHOT.war//org.tuckey.web.filters.urlrewrite.UrlRewriter.processRequest(UrlRewriter.java:92)
	at deployment.BsuPortal-1.0-SNAPSHOT.war//org.tuckey.web.filters.urlrewrite.UrlRewriteFilter.doFilter(UrlRewriteFilter.java:405)
	at io.undertow.servlet@2.3.13.Final//io.undertow.servlet.core.ManagedFilter.doFilter(ManagedFilter.java:67)
	at io.undertow.servlet@2.3.13.Final//io.undertow.servlet.handlers.FilterHandler$FilterChainImpl.doFilter(FilterHandler.java:131)
	at io.undertow.servlet@2.3.13.Final//io.undertow.servlet.handlers.FilterHandler.handleRequest(FilterHandler.java:84)
	at io.undertow.servlet@2.3.13.Final//io.undertow.servlet.handlers.security.ServletSecurityRoleHandler.handleRequest(ServletSecurityRoleHandler.java:62)
	at io.undertow.jsp@2.2.7.Final//io.undertow.jsp.JspFileHandler.handleRequest(JspFileHandler.java:32)
	at io.undertow.servlet@2.3.13.Final//io.undertow.servlet.handlers.ServletChain$1.handleRequest(ServletChain.java:68)
	at io.undertow.servlet@2.3.13.Final//io.undertow.servlet.handlers.ServletDispatchingHandler.handleRequest(ServletDispatchingHandler.java:36)
	at org.wildfly.security.elytron-web.undertow-server@4.1.0.Final//org.wildfly.elytron.web.undertow.server.ElytronRunAsHandler.lambda$handleRequest$1(ElytronRunAsHandler.java:68)
	at org.wildfly.security.elytron-base@2.4.2.Final//org.wildfly.security.auth.server.FlexibleIdentityAssociation.runAsFunctionEx(FlexibleIdentityAssociation.java:103)
	at org.wildfly.security.elytron-base@2.4.2.Final//org.wildfly.security.auth.server.Scoped.runAsFunctionEx(Scoped.java:161)
	at org.wildfly.security.elytron-base@2.4.2.Final//org.wildfly.security.auth.server.Scoped.runAs(Scoped.java:73)
	at org.wildfly.security.elytron-web.undertow-server@4.1.0.Final//org.wildfly.elytron.web.undertow.server.ElytronRunAsHandler.handleRequest(ElytronRunAsHandler.java:67)
	at io.undertow.servlet@2.3.13.Final//io.undertow.servlet.handlers.RedirectDirHandler.handleRequest(RedirectDirHandler.java:68)
	at io.undertow.core@2.3.13.Final//io.undertow.server.handlers.PredicateHandler.handleRequest(PredicateHandler.java:43)
	at io.undertow.core@2.3.13.Final//io.undertow.server.handlers.PredicateHandler.handleRequest(PredicateHandler.java:43)
	at io.undertow.servlet@2.3.13.Final//io.undertow.servlet.handlers.ServletInitialHandler.dispatchRequest(ServletInitialHandler.java:258)
	at io.undertow.servlet@2.3.13.Final//io.undertow.servlet.handlers.ServletInitialHandler.dispatchToPath(ServletInitialHandler.java:183)
	at io.undertow.servlet@2.3.13.Final//io.undertow.servlet.spec.RequestDispatcherImpl.forwardImpl(RequestDispatcherImpl.java:188)
	at io.undertow.servlet@2.3.13.Final//io.undertow.servlet.spec.RequestDispatcherImpl.forwardImplSetup(RequestDispatcherImpl.java:136)
	at io.undertow.servlet@2.3.13.Final//io.undertow.servlet.spec.RequestDispatcherImpl.forward(RequestDispatcherImpl.java:99)
	at deployment.BsuPortal-1.0-SNAPSHOT.war//org.tuckey.web.filters.urlrewrite.NormalRewrittenUrl.doRewrite(NormalRewrittenUrl.java:233)
	at deployment.BsuPortal-1.0-SNAPSHOT.war//org.tuckey.web.filters.urlrewrite.RuleChain.handleRewrite(RuleChain.java:171)
	at deployment.BsuPortal-1.0-SNAPSHOT.war//org.tuckey.web.filters.urlrewrite.RuleChain.doRules(RuleChain.java:145)
	at deployment.BsuPortal-1.0-SNAPSHOT.war//org.tuckey.web.filters.urlrewrite.UrlRewriter.processRequest(UrlRewriter.java:92)
	at deployment.BsuPortal-1.0-SNAPSHOT.war//org.tuckey.web.filters.urlrewrite.UrlRewriteFilter.doFilter(UrlRewriteFilter.java:405)
	at io.undertow.servlet@2.3.13.Final//io.undertow.servlet.core.ManagedFilter.doFilter(ManagedFilter.java:67)
	at io.undertow.servlet@2.3.13.Final//io.undertow.servlet.handlers.FilterHandler$FilterChainImpl.doFilter(FilterHandler.java:131)
	at io.undertow.servlet@2.3.13.Final//io.undertow.servlet.handlers.FilterHandler.handleRequest(FilterHandler.java:84)
	at io.undertow.servlet@2.3.13.Final//io.undertow.servlet.handlers.security.ServletSecurityRoleHandler.handleRequest(ServletSecurityRoleHandler.java:62)
	at io.undertow.servlet@2.3.13.Final//io.undertow.servlet.handlers.ServletChain$1.handleRequest(ServletChain.java:68)
	at io.undertow.servlet@2.3.13.Final//io.undertow.servlet.handlers.ServletDispatchingHandler.handleRequest(ServletDispatchingHandler.java:36)
	at org.wildfly.security.elytron-web.undertow-server@4.1.0.Final//org.wildfly.elytron.web.undertow.server.ElytronRunAsHandler.lambda$handleRequest$1(ElytronRunAsHandler.java:68)
	at org.wildfly.security.elytron-base@2.4.2.Final//org.wildfly.security.auth.server.FlexibleIdentityAssociation.runAsFunctionEx(FlexibleIdentityAssociation.java:103)
	at org.wildfly.security.elytron-base@2.4.2.Final//org.wildfly.security.auth.server.Scoped.runAsFunctionEx(Scoped.java:161)
	at org.wildfly.security.elytron-base@2.4.2.Final//org.wildfly.security.auth.server.Scoped.runAs(Scoped.java:73)
	at org.wildfly.security.elytron-web.undertow-server@4.1.0.Final//org.wildfly.elytron.web.undertow.server.ElytronRunAsHandler.handleRequest(ElytronRunAsHandler.java:67)
	at io.undertow.servlet@2.3.13.Final//io.undertow.servlet.handlers.RedirectDirHandler.handleRequest(RedirectDirHandler.java:68)
	at io.undertow.servlet@2.3.13.Final//io.undertow.servlet.handlers.security.SSLInformationAssociationHandler.handleRequest(SSLInformationAssociationHandler.java:117)
	at io.undertow.servlet@2.3.13.Final//io.undertow.servlet.handlers.security.ServletAuthenticationCallHandler.handleRequest(ServletAuthenticationCallHandler.java:57)
	at io.undertow.core@2.3.13.Final//io.undertow.server.handlers.PredicateHandler.handleRequest(PredicateHandler.java:43)
	at io.undertow.core@2.3.13.Final//io.undertow.security.handlers.AbstractConfidentialityHandler.handleRequest(AbstractConfidentialityHandler.java:46)
	at io.undertow.servlet@2.3.13.Final//io.undertow.servlet.handlers.security.ServletConfidentialityConstraintHandler.handleRequest(ServletConfidentialityConstraintHandler.java:64)
	at io.undertow.core@2.3.13.Final//io.undertow.security.handlers.AbstractSecurityContextAssociationHandler.handleRequest(AbstractSecurityContextAssociationHandler.java:43)
	at org.wildfly.security.elytron-web.undertow-server-servlet@4.1.0.Final//org.wildfly.elytron.web.undertow.server.servlet.CleanUpHandler.handleRequest(CleanUpHandler.java:38)
	at io.undertow.core@2.3.13.Final//io.undertow.server.handlers.PredicateHandler.handleRequest(PredicateHandler.java:43)
	at org.wildfly.extension.undertow@32.0.1.Final//org.wildfly.extension.undertow.security.jacc.JACCContextIdHandler.handleRequest(JACCContextIdHandler.java:44)
	at io.undertow.core@2.3.13.Final//io.undertow.server.handlers.PredicateHandler.handleRequest(PredicateHandler.java:43)
	at org.wildfly.extension.undertow@32.0.1.Final//org.wildfly.extension.undertow.deployment.GlobalRequestControllerHandler.handleRequest(GlobalRequestControllerHandler.java:51)
	at io.undertow.servlet@2.3.13.Final//io.undertow.servlet.handlers.SendErrorPageHandler.handleRequest(SendErrorPageHandler.java:52)
	at io.undertow.core@2.3.13.Final//io.undertow.server.handlers.PredicateHandler.handleRequest(PredicateHandler.java:43)
	at io.undertow.servlet@2.3.13.Final//io.undertow.servlet.handlers.ServletInitialHandler.handleFirstRequest(ServletInitialHandler.java:276)
	at io.undertow.servlet@2.3.13.Final//io.undertow.servlet.handlers.ServletInitialHandler$2.call(ServletInitialHandler.java:135)
	at io.undertow.servlet@2.3.13.Final//io.undertow.servlet.handlers.ServletInitialHandler$2.call(ServletInitialHandler.java:132)
	at io.undertow.servlet@2.3.13.Final//io.undertow.servlet.core.ServletRequestContextThreadSetupAction$1.call(ServletRequestContextThreadSetupAction.java:48)
	at io.undertow.servlet@2.3.13.Final//io.undertow.servlet.core.ContextClassLoaderSetupAction$1.call(ContextClassLoaderSetupAction.java:43)
	at org.wildfly.extension.undertow@32.0.1.Final//org.wildfly.extension.undertow.deployment.UndertowDeploymentInfoService$UndertowThreadSetupAction.lambda$create$0(UndertowDeploymentInfoService.java:1421)
	at org.wildfly.extension.undertow@32.0.1.Final//org.wildfly.extension.undertow.deployment.UndertowDeploymentInfoService$UndertowThreadSetupAction.lambda$create$0(UndertowDeploymentInfoService.java:1421)
	at org.wildfly.extension.undertow@32.0.1.Final//org.wildfly.extension.undertow.deployment.UndertowDeploymentInfoService$UndertowThreadSetupAction.lambda$create$0(UndertowDeploymentInfoService.java:1421)
	at org.wildfly.extension.undertow@32.0.1.Final//org.wildfly.extension.undertow.deployment.UndertowDeploymentInfoService$UndertowThreadSetupAction.lambda$create$0(UndertowDeploymentInfoService.java:1421)
	at org.wildfly.extension.undertow@32.0.1.Final//org.wildfly.extension.undertow.deployment.UndertowDeploymentInfoService$UndertowThreadSetupAction.lambda$create$0(UndertowDeploymentInfoService.java:1421)
	at io.undertow.servlet@2.3.13.Final//io.undertow.servlet.handlers.ServletInitialHandler.dispatchRequest(ServletInitialHandler.java:256)
	at io.undertow.servlet@2.3.13.Final//io.undertow.servlet.handlers.ServletInitialHandler$1.handleRequest(ServletInitialHandler.java:101)
	at io.undertow.core@2.3.13.Final//io.undertow.server.Connectors.executeRootHandler(Connectors.java:393)
	at io.undertow.core@2.3.13.Final//io.undertow.server.HttpServerExchange$1.run(HttpServerExchange.java:859)
	at org.jboss.threads@2.4.0.Final//org.jboss.threads.ContextClassLoaderSavingRunnable.run(ContextClassLoaderSavingRunnable.java:35)
	at org.jboss.threads@2.4.0.Final//org.jboss.threads.EnhancedQueueExecutor.safeRun(EnhancedQueueExecutor.java:1990)
	at org.jboss.threads@2.4.0.Final//org.jboss.threads.EnhancedQueueExecutor$ThreadBody.doRunTask(EnhancedQueueExecutor.java:1486)
	at org.jboss.threads@2.4.0.Final//org.jboss.threads.EnhancedQueueExecutor$ThreadBody.run(EnhancedQueueExecutor.java:1377)
	at org.jboss.xnio@3.8.15.Final//org.xnio.XnioWorker$WorkerThreadFactory$1$1.run(XnioWorker.java:1282)
	at java.base/java.lang.Thread.run(Thread.java:1570)
Caused by: java.lang.NullPointerException: Cannot invoke "com.mnl.bsum.bsuportal.entities.Users.getDefaultRole()" because "user" is null
	at org.apache.jsp.stdhostelapplications_jsp._jspService(stdhostelapplications_jsp.java:503)
	at io.undertow.jsp@2.2.7.Final//org.apache.jasper.runtime.HttpJspBase.service(HttpJspBase.java:70)
	at jakarta.servlet.api@6.0.0//jakarta.servlet.http.HttpServlet.service(HttpServlet.java:614)
	at io.undertow.jsp@2.2.7.Final//org.apache.jasper.servlet.JspServletWrapper.service(JspServletWrapper.java:422)
	... 79 more

2025-05-06 02:06:28,545 ERROR [stderr] (default task-1) jakarta.persistence.NoResultException: No result found for query [SELECT u FROM Users u WHERE u.username = :username OR u.email = :email]
2025-05-06 02:06:28,545 ERROR [stderr] (default task-1) 	at org.hibernate@6.4.4.Final//org.hibernate.query.spi.AbstractSelectionQuery.getSingleResult(AbstractSelectionQuery.java:567)
2025-05-06 02:06:28,546 ERROR [stderr] (default task-1) 	at org.jboss.as.jpa@32.0.1.Final//org.jboss.as.jpa.container.QueryNonTxInvocationDetacher.getSingleResult(QueryNonTxInvocationDetacher.java:52)
2025-05-06 02:06:28,546 ERROR [stderr] (default task-1) 	at deployment.BsuPortal-1.0-SNAPSHOT.war//com.mnl.bsum.bsuportal.sessions.MainSession.login(MainSession.java:775)
2025-05-06 02:06:28,546 ERROR [stderr] (default task-1) 	at java.base/jdk.internal.reflect.DirectMethodHandleAccessor.invoke(DirectMethodHandleAccessor.java:103)
2025-05-06 02:06:28,546 ERROR [stderr] (default task-1) 	at java.base/java.lang.reflect.Method.invoke(Method.java:580)
2025-05-06 02:06:28,546 ERROR [stderr] (default task-1) 	at org.jboss.as.ee@32.0.1.Final//org.jboss.as.ee.component.ManagedReferenceMethodInterceptor.processInvocation(ManagedReferenceMethodInterceptor.java:35)
2025-05-06 02:06:28,546 ERROR [stderr] (default task-1) 	at org.jboss.invocation@2.0.1.Final//org.jboss.invocation.InterceptorContext.proceed(InterceptorContext.java:422)
2025-05-06 02:06:28,546 ERROR [stderr] (default task-1) 	at org.jboss.invocation@2.0.1.Final//org.jboss.invocation.InterceptorContext$Invocation.proceed(InterceptorContext.java:509)
2025-05-06 02:06:28,546 ERROR [stderr] (default task-1) 	at org.jboss.as.weld.common@32.0.1.Final//org.jboss.as.weld.interceptors.Jsr299BindingsInterceptor.delegateInterception(Jsr299BindingsInterceptor.java:62)
2025-05-06 02:06:28,546 ERROR [stderr] (default task-1) 	at org.jboss.as.weld.common@32.0.1.Final//org.jboss.as.weld.interceptors.Jsr299BindingsInterceptor.doMethodInterception(Jsr299BindingsInterceptor.java:72)
2025-05-06 02:06:28,546 ERROR [stderr] (default task-1) 	at org.jboss.as.weld.common@32.0.1.Final//org.jboss.as.weld.interceptors.Jsr299BindingsInterceptor.processInvocation(Jsr299BindingsInterceptor.java:85)
2025-05-06 02:06:28,546 ERROR [stderr] (default task-1) 	at org.jboss.as.ee@32.0.1.Final//org.jboss.as.ee.component.interceptors.UserInterceptorFactory$1.processInvocation(UserInterceptorFactory.java:46)
2025-05-06 02:06:28,546 ERROR [stderr] (default task-1) 	at org.jboss.invocation@2.0.1.Final//org.jboss.invocation.InterceptorContext.proceed(InterceptorContext.java:422)
2025-05-06 02:06:28,547 ERROR [stderr] (default task-1) 	at org.jboss.as.ejb3@32.0.1.Final//org.jboss.as.ejb3.component.invocationmetrics.ExecutionTimeInterceptor.processInvocation(ExecutionTimeInterceptor.java:26)
2025-05-06 02:06:28,547 ERROR [stderr] (default task-1) 	at org.jboss.invocation@2.0.1.Final//org.jboss.invocation.InterceptorContext.proceed(InterceptorContext.java:422)
2025-05-06 02:06:28,547 ERROR [stderr] (default task-1) 	at org.jboss.as.jpa@32.0.1.Final//org.jboss.as.jpa.interceptor.SBInvocationInterceptor.processInvocation(SBInvocationInterceptor.java:30)
2025-05-06 02:06:28,547 ERROR [stderr] (default task-1) 	at org.jboss.invocation@2.0.1.Final//org.jboss.invocation.InterceptorContext.proceed(InterceptorContext.java:422)
2025-05-06 02:06:28,547 ERROR [stderr] (default task-1) 	at org.jboss.as.ejb3@32.0.1.Final//org.jboss.as.ejb3.tx.EjbBMTInterceptor.handleInvocation(EjbBMTInterceptor.java:86)
2025-05-06 02:06:28,547 ERROR [stderr] (default task-1) 	at org.jboss.as.ejb3@32.0.1.Final//org.jboss.as.ejb3.tx.BMTInterceptor.processInvocation(BMTInterceptor.java:40)
2025-05-06 02:06:28,547 ERROR [stderr] (default task-1) 	at org.jboss.invocation@2.0.1.Final//org.jboss.invocation.InterceptorContext.proceed(InterceptorContext.java:422)
2025-05-06 02:06:28,547 ERROR [stderr] (default task-1) 	at org.jboss.as.ee@32.0.1.Final//org.jboss.as.ee.concurrent.ConcurrentContextInterceptor.processInvocation(ConcurrentContextInterceptor.java:28)
2025-05-06 02:06:28,547 ERROR [stderr] (default task-1) 	at org.jboss.invocation@2.0.1.Final//org.jboss.invocation.InterceptorContext.proceed(InterceptorContext.java:422)
2025-05-06 02:06:28,547 ERROR [stderr] (default task-1) 	at org.jboss.invocation@2.0.1.Final//org.jboss.invocation.InitialInterceptor.processInvocation(InitialInterceptor.java:40)
2025-05-06 02:06:28,547 ERROR [stderr] (default task-1) 	at org.jboss.invocation@2.0.1.Final//org.jboss.invocation.InterceptorContext.proceed(InterceptorContext.java:422)
2025-05-06 02:06:28,547 ERROR [stderr] (default task-1) 	at org.jboss.invocation@2.0.1.Final//org.jboss.invocation.ChainedInterceptor.processInvocation(ChainedInterceptor.java:53)
2025-05-06 02:06:28,547 ERROR [stderr] (default task-1) 	at org.jboss.as.ee@32.0.1.Final//org.jboss.as.ee.component.interceptors.ComponentDispatcherInterceptor.processInvocation(ComponentDispatcherInterceptor.java:35)
2025-05-06 02:06:28,547 ERROR [stderr] (default task-1) 	at org.jboss.invocation@2.0.1.Final//org.jboss.invocation.InterceptorContext.proceed(InterceptorContext.java:422)
2025-05-06 02:06:28,547 ERROR [stderr] (default task-1) 	at org.jboss.as.ejb3@32.0.1.Final//org.jboss.as.ejb3.component.pool.PooledInstanceInterceptor.processInvocation(PooledInstanceInterceptor.java:34)
2025-05-06 02:06:28,547 ERROR [stderr] (default task-1) 	at org.jboss.invocation@2.0.1.Final//org.jboss.invocation.InterceptorContext.proceed(InterceptorContext.java:422)
2025-05-06 02:06:28,547 ERROR [stderr] (default task-1) 	at org.jboss.as.ejb3@32.0.1.Final//org.jboss.as.ejb3.component.interceptors.AdditionalSetupInterceptor.processInvocation(AdditionalSetupInterceptor.java:39)
2025-05-06 02:06:28,547 ERROR [stderr] (default task-1) 	at org.jboss.invocation@2.0.1.Final//org.jboss.invocation.InterceptorContext.proceed(InterceptorContext.java:422)
2025-05-06 02:06:28,547 ERROR [stderr] (default task-1) 	at org.jboss.invocation@2.0.1.Final//org.jboss.invocation.InterceptorContext$Invocation.proceed(InterceptorContext.java:509)
2025-05-06 02:06:28,548 ERROR [stderr] (default task-1) 	at org.jboss.weld.core@5.1.2.Final//org.jboss.weld.module.ejb.AbstractEJBRequestScopeActivationInterceptor.aroundInvoke(AbstractEJBRequestScopeActivationInterceptor.java:78)
2025-05-06 02:06:28,548 ERROR [stderr] (default task-1) 	at org.jboss.as.weld.common@32.0.1.Final//org.jboss.as.weld.ejb.EjbRequestScopeActivationInterceptor.processInvocation(EjbRequestScopeActivationInterceptor.java:72)
2025-05-06 02:06:28,548 ERROR [stderr] (default task-1) 	at org.jboss.invocation@2.0.1.Final//org.jboss.invocation.InterceptorContext.proceed(InterceptorContext.java:422)
2025-05-06 02:06:28,548 ERROR [stderr] (default task-1) 	at org.jboss.as.ejb3@32.0.1.Final//org.jboss.as.ejb3.component.interceptors.CurrentInvocationContextInterceptor.processInvocation(CurrentInvocationContextInterceptor.java:24)
2025-05-06 02:06:28,548 ERROR [stderr] (default task-1) 	at org.jboss.invocation@2.0.1.Final//org.jboss.invocation.InterceptorContext.proceed(InterceptorContext.java:422)
2025-05-06 02:06:28,548 ERROR [stderr] (default task-1) 	at org.jboss.as.ejb3@32.0.1.Final//org.jboss.as.ejb3.component.invocationmetrics.WaitTimeInterceptor.processInvocation(WaitTimeInterceptor.java:30)
2025-05-06 02:06:28,548 ERROR [stderr] (default task-1) 	at org.jboss.invocation@2.0.1.Final//org.jboss.invocation.InterceptorContext.proceed(InterceptorContext.java:422)
2025-05-06 02:06:28,548 ERROR [stderr] (default task-1) 	at org.jboss.as.ejb3@32.0.1.Final//org.jboss.as.ejb3.security.IdentityOutflowInterceptor.processInvocation(IdentityOutflowInterceptor.java:56)
2025-05-06 02:06:28,548 ERROR [stderr] (default task-1) 	at org.jboss.invocation@2.0.1.Final//org.jboss.invocation.InterceptorContext.proceed(InterceptorContext.java:422)
2025-05-06 02:06:28,548 ERROR [stderr] (default task-1) 	at org.jboss.as.ejb3@32.0.1.Final//org.jboss.as.ejb3.security.SecurityDomainInterceptor.processInvocation(SecurityDomainInterceptor.java:27)
2025-05-06 02:06:28,548 ERROR [stderr] (default task-1) 	at org.jboss.invocation@2.0.1.Final//org.jboss.invocation.InterceptorContext.proceed(InterceptorContext.java:422)
2025-05-06 02:06:28,548 ERROR [stderr] (default task-1) 	at org.jboss.as.ejb3@32.0.1.Final//org.jboss.as.ejb3.deployment.processors.StartupAwaitInterceptor.processInvocation(StartupAwaitInterceptor.java:27)
2025-05-06 02:06:28,548 ERROR [stderr] (default task-1) 	at org.jboss.invocation@2.0.1.Final//org.jboss.invocation.InterceptorContext.proceed(InterceptorContext.java:422)
2025-05-06 02:06:28,548 ERROR [stderr] (default task-1) 	at org.jboss.as.ejb3@32.0.1.Final//org.jboss.as.ejb3.component.interceptors.ShutDownInterceptorFactory$1.processInvocation(ShutDownInterceptorFactory.java:47)
2025-05-06 02:06:28,548 ERROR [stderr] (default task-1) 	at org.jboss.invocation@2.0.1.Final//org.jboss.invocation.InterceptorContext.proceed(InterceptorContext.java:422)
2025-05-06 02:06:28,548 ERROR [stderr] (default task-1) 	at org.jboss.as.ejb3@32.0.1.Final//org.jboss.as.ejb3.component.interceptors.LoggingInterceptor.processInvocation(LoggingInterceptor.java:50)
2025-05-06 02:06:28,548 ERROR [stderr] (default task-1) 	at org.jboss.invocation@2.0.1.Final//org.jboss.invocation.InterceptorContext.proceed(InterceptorContext.java:422)
2025-05-06 02:06:28,548 ERROR [stderr] (default task-1) 	at org.jboss.as.ee@32.0.1.Final//org.jboss.as.ee.component.NamespaceContextInterceptor.processInvocation(NamespaceContextInterceptor.java:33)
2025-05-06 02:06:28,548 ERROR [stderr] (default task-1) 	at org.jboss.invocation@2.0.1.Final//org.jboss.invocation.InterceptorContext.proceed(InterceptorContext.java:422)
2025-05-06 02:06:28,548 ERROR [stderr] (default task-1) 	at org.jboss.invocation@2.0.1.Final//org.jboss.invocation.ContextClassLoaderInterceptor.processInvocation(ContextClassLoaderInterceptor.java:60)
2025-05-06 02:06:28,548 ERROR [stderr] (default task-1) 	at org.jboss.invocation@2.0.1.Final//org.jboss.invocation.InterceptorContext.proceed(InterceptorContext.java:422)
2025-05-06 02:06:28,549 ERROR [stderr] (default task-1) 	at org.jboss.invocation@2.0.1.Final//org.jboss.invocation.InterceptorContext.run(InterceptorContext.java:438)
2025-05-06 02:06:28,549 ERROR [stderr] (default task-1) 	at org.wildfly.security.elytron-base@2.4.2.Final//org.wildfly.security.manager.WildFlySecurityManager.doChecked(WildFlySecurityManager.java:633)
2025-05-06 02:06:28,549 ERROR [stderr] (default task-1) 	at org.jboss.invocation@2.0.1.Final//org.jboss.invocation.AccessCheckingInterceptor.processInvocation(AccessCheckingInterceptor.java:57)
2025-05-06 02:06:28,549 ERROR [stderr] (default task-1) 	at org.jboss.invocation@2.0.1.Final//org.jboss.invocation.InterceptorContext.proceed(InterceptorContext.java:422)
2025-05-06 02:06:28,549 ERROR [stderr] (default task-1) 	at org.jboss.invocation@2.0.1.Final//org.jboss.invocation.ChainedInterceptor.processInvocation(ChainedInterceptor.java:53)
2025-05-06 02:06:28,549 ERROR [stderr] (default task-1) 	at org.jboss.as.ee@32.0.1.Final//org.jboss.as.ee.component.ViewService$View.invoke(ViewService.java:181)
2025-05-06 02:06:28,549 ERROR [stderr] (default task-1) 	at org.jboss.as.ee@32.0.1.Final//org.jboss.as.ee.component.ViewDescription$1.processInvocation(ViewDescription.java:174)
2025-05-06 02:06:28,549 ERROR [stderr] (default task-1) 	at org.jboss.invocation@2.0.1.Final//org.jboss.invocation.InterceptorContext.proceed(InterceptorContext.java:422)
2025-05-06 02:06:28,549 ERROR [stderr] (default task-1) 	at org.jboss.as.ejb3@32.0.1.Final//org.jboss.as.ejb3.security.IdentityInterceptor.lambda$processInvocation$0(IdentityInterceptor.java:30)
2025-05-06 02:06:28,549 ERROR [stderr] (default task-1) 	at org.wildfly.security.elytron-base@2.4.2.Final//org.wildfly.security.auth.server.SecurityIdentity.runAsFunctionEx(SecurityIdentity.java:421)
2025-05-06 02:06:28,549 ERROR [stderr] (default task-1) 	at org.wildfly.security.elytron-base@2.4.2.Final//org.wildfly.security.auth.server.Scoped.runAsFunctionEx(Scoped.java:161)
2025-05-06 02:06:28,549 ERROR [stderr] (default task-1) 	at org.wildfly.security.elytron-base@2.4.2.Final//org.wildfly.security.auth.server.Scoped.runAsSupplierEx(Scoped.java:229)
2025-05-06 02:06:28,549 ERROR [stderr] (default task-1) 	at org.jboss.as.ejb3@32.0.1.Final//org.jboss.as.ejb3.security.IdentityInterceptor.processInvocation(IdentityInterceptor.java:30)
2025-05-06 02:06:28,549 ERROR [stderr] (default task-1) 	at org.jboss.invocation@2.0.1.Final//org.jboss.invocation.InterceptorContext.proceed(InterceptorContext.java:422)
2025-05-06 02:06:28,549 ERROR [stderr] (default task-1) 	at org.jboss.invocation@2.0.1.Final//org.jboss.invocation.ChainedInterceptor.processInvocation(ChainedInterceptor.java:53)
2025-05-06 02:06:28,549 ERROR [stderr] (default task-1) 	at org.jboss.as.ee@32.0.1.Final//org.jboss.as.ee.component.ProxyInvocationHandler.invoke(ProxyInvocationHandler.java:64)
2025-05-06 02:06:28,549 ERROR [stderr] (default task-1) 	at deployment.BsuPortal-1.0-SNAPSHOT.war//com.mnl.bsum.bsuportal.sessions.MainSession$$$view2.login(Unknown Source)
2025-05-06 02:06:28,549 ERROR [stderr] (default task-1) 	at org.apache.jsp.index_jsp._jspService(index_jsp.java:325)
2025-05-06 02:06:28,549 ERROR [stderr] (default task-1) 	at io.undertow.jsp@2.2.7.Final//org.apache.jasper.runtime.HttpJspBase.service(HttpJspBase.java:70)
2025-05-06 02:06:28,549 ERROR [stderr] (default task-1) 	at jakarta.servlet.api@6.0.0//jakarta.servlet.http.HttpServlet.service(HttpServlet.java:614)
2025-05-06 02:06:28,549 ERROR [stderr] (default task-1) 	at io.undertow.jsp@2.2.7.Final//org.apache.jasper.servlet.JspServletWrapper.service(JspServletWrapper.java:422)
2025-05-06 02:06:28,549 ERROR [stderr] (default task-1) 	at io.undertow.jsp@2.2.7.Final//org.apache.jasper.servlet.JspServlet.serviceJspFile(JspServlet.java:403)
2025-05-06 02:06:28,550 ERROR [stderr] (default task-1) 	at io.undertow.jsp@2.2.7.Final//org.apache.jasper.servlet.JspServlet.service(JspServlet.java:347)
2025-05-06 02:06:28,550 ERROR [stderr] (default task-1) 	at jakarta.servlet.api@6.0.0//jakarta.servlet.http.HttpServlet.service(HttpServlet.java:614)
2025-05-06 02:06:28,550 ERROR [stderr] (default task-1) 	at io.undertow.servlet@2.3.13.Final//io.undertow.servlet.handlers.ServletHandler.handleRequest(ServletHandler.java:74)
2025-05-06 02:06:28,550 ERROR [stderr] (default task-1) 	at io.undertow.servlet@2.3.13.Final//io.undertow.servlet.handlers.FilterHandler$FilterChainImpl.doFilter(FilterHandler.java:129)
2025-05-06 02:06:28,550 ERROR [stderr] (default task-1) 	at deployment.BsuPortal-1.0-SNAPSHOT.war//org.tuckey.web.filters.urlrewrite.RuleChain.handleRewrite(RuleChain.java:176)
2025-05-06 02:06:28,550 ERROR [stderr] (default task-1) 	at deployment.BsuPortal-1.0-SNAPSHOT.war//org.tuckey.web.filters.urlrewrite.RuleChain.doRules(RuleChain.java:145)
2025-05-06 02:06:28,550 ERROR [stderr] (default task-1) 	at deployment.BsuPortal-1.0-SNAPSHOT.war//org.tuckey.web.filters.urlrewrite.UrlRewriter.processRequest(UrlRewriter.java:92)
2025-05-06 02:06:28,550 ERROR [stderr] (default task-1) 	at deployment.BsuPortal-1.0-SNAPSHOT.war//org.tuckey.web.filters.urlrewrite.UrlRewriteFilter.doFilter(UrlRewriteFilter.java:405)
2025-05-06 02:06:28,550 ERROR [stderr] (default task-1) 	at io.undertow.servlet@2.3.13.Final//io.undertow.servlet.core.ManagedFilter.doFilter(ManagedFilter.java:67)
2025-05-06 02:06:28,550 ERROR [stderr] (default task-1) 	at io.undertow.servlet@2.3.13.Final//io.undertow.servlet.handlers.FilterHandler$FilterChainImpl.doFilter(FilterHandler.java:131)
2025-05-06 02:06:28,550 ERROR [stderr] (default task-1) 	at io.undertow.servlet@2.3.13.Final//io.undertow.servlet.handlers.FilterHandler.handleRequest(FilterHandler.java:84)
2025-05-06 02:06:28,550 ERROR [stderr] (default task-1) 	at io.undertow.servlet@2.3.13.Final//io.undertow.servlet.handlers.security.ServletSecurityRoleHandler.handleRequest(ServletSecurityRoleHandler.java:62)
2025-05-06 02:06:28,550 ERROR [stderr] (default task-1) 	at io.undertow.jsp@2.2.7.Final//io.undertow.jsp.JspFileHandler.handleRequest(JspFileHandler.java:32)
2025-05-06 02:06:28,550 ERROR [stderr] (default task-1) 	at io.undertow.servlet@2.3.13.Final//io.undertow.servlet.handlers.ServletChain$1.handleRequest(ServletChain.java:68)
2025-05-06 02:06:28,550 ERROR [stderr] (default task-1) 	at io.undertow.servlet@2.3.13.Final//io.undertow.servlet.handlers.ServletDispatchingHandler.handleRequest(ServletDispatchingHandler.java:36)
2025-05-06 02:06:28,550 ERROR [stderr] (default task-1) 	at org.wildfly.security.elytron-web.undertow-server@4.1.0.Final//org.wildfly.elytron.web.undertow.server.ElytronRunAsHandler.lambda$handleRequest$1(ElytronRunAsHandler.java:68)
2025-05-06 02:06:28,550 ERROR [stderr] (default task-1) 	at org.wildfly.security.elytron-base@2.4.2.Final//org.wildfly.security.auth.server.FlexibleIdentityAssociation.runAsFunctionEx(FlexibleIdentityAssociation.java:103)
2025-05-06 02:06:28,550 ERROR [stderr] (default task-1) 	at org.wildfly.security.elytron-base@2.4.2.Final//org.wildfly.security.auth.server.Scoped.runAsFunctionEx(Scoped.java:161)
2025-05-06 02:06:28,550 ERROR [stderr] (default task-1) 	at org.wildfly.security.elytron-base@2.4.2.Final//org.wildfly.security.auth.server.Scoped.runAs(Scoped.java:73)
2025-05-06 02:06:28,551 ERROR [stderr] (default task-1) 	at org.wildfly.security.elytron-web.undertow-server@4.1.0.Final//org.wildfly.elytron.web.undertow.server.ElytronRunAsHandler.handleRequest(ElytronRunAsHandler.java:67)
2025-05-06 02:06:28,551 ERROR [stderr] (default task-1) 	at io.undertow.servlet@2.3.13.Final//io.undertow.servlet.handlers.RedirectDirHandler.handleRequest(RedirectDirHandler.java:68)
2025-05-06 02:06:28,551 ERROR [stderr] (default task-1) 	at io.undertow.servlet@2.3.13.Final//io.undertow.servlet.handlers.security.SSLInformationAssociationHandler.handleRequest(SSLInformationAssociationHandler.java:117)
2025-05-06 02:06:28,551 ERROR [stderr] (default task-1) 	at io.undertow.servlet@2.3.13.Final//io.undertow.servlet.handlers.security.ServletAuthenticationCallHandler.handleRequest(ServletAuthenticationCallHandler.java:57)
2025-05-06 02:06:28,551 ERROR [stderr] (default task-1) 	at io.undertow.core@2.3.13.Final//io.undertow.server.handlers.PredicateHandler.handleRequest(PredicateHandler.java:43)
2025-05-06 02:06:28,551 ERROR [stderr] (default task-1) 	at io.undertow.core@2.3.13.Final//io.undertow.security.handlers.AbstractConfidentialityHandler.handleRequest(AbstractConfidentialityHandler.java:46)
2025-05-06 02:06:28,551 ERROR [stderr] (default task-1) 	at io.undertow.servlet@2.3.13.Final//io.undertow.servlet.handlers.security.ServletConfidentialityConstraintHandler.handleRequest(ServletConfidentialityConstraintHandler.java:64)
2025-05-06 02:06:28,551 ERROR [stderr] (default task-1) 	at io.undertow.core@2.3.13.Final//io.undertow.security.handlers.AbstractSecurityContextAssociationHandler.handleRequest(AbstractSecurityContextAssociationHandler.java:43)
2025-05-06 02:06:28,551 ERROR [stderr] (default task-1) 	at org.wildfly.security.elytron-web.undertow-server-servlet@4.1.0.Final//org.wildfly.elytron.web.undertow.server.servlet.CleanUpHandler.handleRequest(CleanUpHandler.java:38)
2025-05-06 02:06:28,551 ERROR [stderr] (default task-1) 	at io.undertow.core@2.3.13.Final//io.undertow.server.handlers.PredicateHandler.handleRequest(PredicateHandler.java:43)
2025-05-06 02:06:28,551 ERROR [stderr] (default task-1) 	at org.wildfly.extension.undertow@32.0.1.Final//org.wildfly.extension.undertow.security.jacc.JACCContextIdHandler.handleRequest(JACCContextIdHandler.java:44)
2025-05-06 02:06:28,551 ERROR [stderr] (default task-1) 	at io.undertow.core@2.3.13.Final//io.undertow.server.handlers.PredicateHandler.handleRequest(PredicateHandler.java:43)
2025-05-06 02:06:28,551 ERROR [stderr] (default task-1) 	at org.wildfly.extension.undertow@32.0.1.Final//org.wildfly.extension.undertow.deployment.GlobalRequestControllerHandler.handleRequest(GlobalRequestControllerHandler.java:51)
2025-05-06 02:06:28,551 ERROR [stderr] (default task-1) 	at io.undertow.servlet@2.3.13.Final//io.undertow.servlet.handlers.SendErrorPageHandler.handleRequest(SendErrorPageHandler.java:52)
2025-05-06 02:06:28,551 ERROR [stderr] (default task-1) 	at io.undertow.core@2.3.13.Final//io.undertow.server.handlers.PredicateHandler.handleRequest(PredicateHandler.java:43)
2025-05-06 02:06:28,551 ERROR [stderr] (default task-1) 	at io.undertow.servlet@2.3.13.Final//io.undertow.servlet.handlers.ServletInitialHandler.handleFirstRequest(ServletInitialHandler.java:276)
2025-05-06 02:06:28,551 ERROR [stderr] (default task-1) 	at io.undertow.servlet@2.3.13.Final//io.undertow.servlet.handlers.ServletInitialHandler$2.call(ServletInitialHandler.java:135)
2025-05-06 02:06:28,551 ERROR [stderr] (default task-1) 	at io.undertow.servlet@2.3.13.Final//io.undertow.servlet.handlers.ServletInitialHandler$2.call(ServletInitialHandler.java:132)
2025-05-06 02:06:28,551 ERROR [stderr] (default task-1) 	at io.undertow.servlet@2.3.13.Final//io.undertow.servlet.core.ServletRequestContextThreadSetupAction$1.call(ServletRequestContextThreadSetupAction.java:48)
2025-05-06 02:06:28,551 ERROR [stderr] (default task-1) 	at io.undertow.servlet@2.3.13.Final//io.undertow.servlet.core.ContextClassLoaderSetupAction$1.call(ContextClassLoaderSetupAction.java:43)
2025-05-06 02:06:28,551 ERROR [stderr] (default task-1) 	at org.wildfly.extension.undertow@32.0.1.Final//org.wildfly.extension.undertow.deployment.UndertowDeploymentInfoService$UndertowThreadSetupAction.lambda$create$0(UndertowDeploymentInfoService.java:1421)
2025-05-06 02:06:28,552 ERROR [stderr] (default task-1) 	at org.wildfly.extension.undertow@32.0.1.Final//org.wildfly.extension.undertow.deployment.UndertowDeploymentInfoService$UndertowThreadSetupAction.lambda$create$0(UndertowDeploymentInfoService.java:1421)
2025-05-06 02:06:28,552 ERROR [stderr] (default task-1) 	at org.wildfly.extension.undertow@32.0.1.Final//org.wildfly.extension.undertow.deployment.UndertowDeploymentInfoService$UndertowThreadSetupAction.lambda$create$0(UndertowDeploymentInfoService.java:1421)
2025-05-06 02:06:28,552 ERROR [stderr] (default task-1) 	at org.wildfly.extension.undertow@32.0.1.Final//org.wildfly.extension.undertow.deployment.UndertowDeploymentInfoService$UndertowThreadSetupAction.lambda$create$0(UndertowDeploymentInfoService.java:1421)
2025-05-06 02:06:28,552 ERROR [stderr] (default task-1) 	at org.wildfly.extension.undertow@32.0.1.Final//org.wildfly.extension.undertow.deployment.UndertowDeploymentInfoService$UndertowThreadSetupAction.lambda$create$0(UndertowDeploymentInfoService.java:1421)
2025-05-06 02:06:28,552 ERROR [stderr] (default task-1) 	at io.undertow.servlet@2.3.13.Final//io.undertow.servlet.handlers.ServletInitialHandler.dispatchRequest(ServletInitialHandler.java:256)
2025-05-06 02:06:28,552 ERROR [stderr] (default task-1) 	at io.undertow.servlet@2.3.13.Final//io.undertow.servlet.handlers.ServletInitialHandler$1.handleRequest(ServletInitialHandler.java:101)
2025-05-06 02:06:28,552 ERROR [stderr] (default task-1) 	at io.undertow.core@2.3.13.Final//io.undertow.server.Connectors.executeRootHandler(Connectors.java:393)
2025-05-06 02:06:28,552 ERROR [stderr] (default task-1) 	at io.undertow.core@2.3.13.Final//io.undertow.server.HttpServerExchange$1.run(HttpServerExchange.java:859)
2025-05-06 02:06:28,552 ERROR [stderr] (default task-1) 	at org.jboss.threads@2.4.0.Final//org.jboss.threads.ContextClassLoaderSavingRunnable.run(ContextClassLoaderSavingRunnable.java:35)
2025-05-06 02:06:28,552 ERROR [stderr] (default task-1) 	at org.jboss.threads@2.4.0.Final//org.jboss.threads.EnhancedQueueExecutor.safeRun(EnhancedQueueExecutor.java:1990)
2025-05-06 02:06:28,552 ERROR [stderr] (default task-1) 	at org.jboss.threads@2.4.0.Final//org.jboss.threads.EnhancedQueueExecutor$ThreadBody.doRunTask(EnhancedQueueExecutor.java:1486)
2025-05-06 02:06:28,552 ERROR [stderr] (default task-1) 	at org.jboss.threads@2.4.0.Final//org.jboss.threads.EnhancedQueueExecutor$ThreadBody.run(EnhancedQueueExecutor.java:1377)
2025-05-06 02:06:28,552 ERROR [stderr] (default task-1) 	at org.jboss.xnio@3.8.15.Final//org.xnio.XnioWorker$WorkerThreadFactory$1$1.run(XnioWorker.java:1282)
2025-05-06 02:06:28,552 ERROR [stderr] (default task-1) 	at java.base/java.lang.Thread.run(Thread.java:1570)
2025-05-06 02:06:34,401 ERROR [stderr] (default task-3) jakarta.persistence.NoResultException: No result found for query [SELECT u FROM Users u WHERE u.username = :username OR u.email = :email]
2025-05-06 02:06:34,401 ERROR [stderr] (default task-3) 	at org.hibernate@6.4.4.Final//org.hibernate.query.spi.AbstractSelectionQuery.getSingleResult(AbstractSelectionQuery.java:567)
2025-05-06 02:06:34,402 ERROR [stderr] (default task-3) 	at org.jboss.as.jpa@32.0.1.Final//org.jboss.as.jpa.container.QueryNonTxInvocationDetacher.getSingleResult(QueryNonTxInvocationDetacher.java:52)
2025-05-06 02:06:34,402 ERROR [stderr] (default task-3) 	at deployment.BsuPortal-1.0-SNAPSHOT.war//com.mnl.bsum.bsuportal.sessions.MainSession.login(MainSession.java:775)
2025-05-06 02:06:34,402 ERROR [stderr] (default task-3) 	at java.base/jdk.internal.reflect.DirectMethodHandleAccessor.invoke(DirectMethodHandleAccessor.java:103)
2025-05-06 02:06:34,402 ERROR [stderr] (default task-3) 	at java.base/java.lang.reflect.Method.invoke(Method.java:580)
2025-05-06 02:06:34,402 ERROR [stderr] (default task-3) 	at org.jboss.as.ee@32.0.1.Final//org.jboss.as.ee.component.ManagedReferenceMethodInterceptor.processInvocation(ManagedReferenceMethodInterceptor.java:35)
2025-05-06 02:06:34,402 ERROR [stderr] (default task-3) 	at org.jboss.invocation@2.0.1.Final//org.jboss.invocation.InterceptorContext.proceed(InterceptorContext.java:422)
2025-05-06 02:06:34,402 ERROR [stderr] (default task-3) 	at org.jboss.invocation@2.0.1.Final//org.jboss.invocation.InterceptorContext$Invocation.proceed(InterceptorContext.java:509)
2025-05-06 02:06:34,402 ERROR [stderr] (default task-3) 	at org.jboss.as.weld.common@32.0.1.Final//org.jboss.as.weld.interceptors.Jsr299BindingsInterceptor.delegateInterception(Jsr299BindingsInterceptor.java:62)
2025-05-06 02:06:34,402 ERROR [stderr] (default task-3) 	at org.jboss.as.weld.common@32.0.1.Final//org.jboss.as.weld.interceptors.Jsr299BindingsInterceptor.doMethodInterception(Jsr299BindingsInterceptor.java:72)
2025-05-06 02:06:34,402 ERROR [stderr] (default task-3) 	at org.jboss.as.weld.common@32.0.1.Final//org.jboss.as.weld.interceptors.Jsr299BindingsInterceptor.processInvocation(Jsr299BindingsInterceptor.java:85)
2025-05-06 02:06:34,402 ERROR [stderr] (default task-3) 	at org.jboss.as.ee@32.0.1.Final//org.jboss.as.ee.component.interceptors.UserInterceptorFactory$1.processInvocation(UserInterceptorFactory.java:46)
2025-05-06 02:06:34,402 ERROR [stderr] (default task-3) 	at org.jboss.invocation@2.0.1.Final//org.jboss.invocation.InterceptorContext.proceed(InterceptorContext.java:422)
2025-05-06 02:06:34,402 ERROR [stderr] (default task-3) 	at org.jboss.as.ejb3@32.0.1.Final//org.jboss.as.ejb3.component.invocationmetrics.ExecutionTimeInterceptor.processInvocation(ExecutionTimeInterceptor.java:26)
2025-05-06 02:06:34,402 ERROR [stderr] (default task-3) 	at org.jboss.invocation@2.0.1.Final//org.jboss.invocation.InterceptorContext.proceed(InterceptorContext.java:422)
2025-05-06 02:06:34,402 ERROR [stderr] (default task-3) 	at org.jboss.as.jpa@32.0.1.Final//org.jboss.as.jpa.interceptor.SBInvocationInterceptor.processInvocation(SBInvocationInterceptor.java:30)
2025-05-06 02:06:34,402 ERROR [stderr] (default task-3) 	at org.jboss.invocation@2.0.1.Final//org.jboss.invocation.InterceptorContext.proceed(InterceptorContext.java:422)
2025-05-06 02:06:34,402 ERROR [stderr] (default task-3) 	at org.jboss.as.ejb3@32.0.1.Final//org.jboss.as.ejb3.tx.EjbBMTInterceptor.handleInvocation(EjbBMTInterceptor.java:86)
2025-05-06 02:06:34,402 ERROR [stderr] (default task-3) 	at org.jboss.as.ejb3@32.0.1.Final//org.jboss.as.ejb3.tx.BMTInterceptor.processInvocation(BMTInterceptor.java:40)
2025-05-06 02:06:34,402 ERROR [stderr] (default task-3) 	at org.jboss.invocation@2.0.1.Final//org.jboss.invocation.InterceptorContext.proceed(InterceptorContext.java:422)
2025-05-06 02:06:34,402 ERROR [stderr] (default task-3) 	at org.jboss.as.ee@32.0.1.Final//org.jboss.as.ee.concurrent.ConcurrentContextInterceptor.processInvocation(ConcurrentContextInterceptor.java:28)
2025-05-06 02:06:34,402 ERROR [stderr] (default task-3) 	at org.jboss.invocation@2.0.1.Final//org.jboss.invocation.InterceptorContext.proceed(InterceptorContext.java:422)
2025-05-06 02:06:34,402 ERROR [stderr] (default task-3) 	at org.jboss.invocation@2.0.1.Final//org.jboss.invocation.InitialInterceptor.processInvocation(InitialInterceptor.java:40)
2025-05-06 02:06:34,403 ERROR [stderr] (default task-3) 	at org.jboss.invocation@2.0.1.Final//org.jboss.invocation.InterceptorContext.proceed(InterceptorContext.java:422)
2025-05-06 02:06:34,403 ERROR [stderr] (default task-3) 	at org.jboss.invocation@2.0.1.Final//org.jboss.invocation.ChainedInterceptor.processInvocation(ChainedInterceptor.java:53)
2025-05-06 02:06:34,403 ERROR [stderr] (default task-3) 	at org.jboss.as.ee@32.0.1.Final//org.jboss.as.ee.component.interceptors.ComponentDispatcherInterceptor.processInvocation(ComponentDispatcherInterceptor.java:35)
2025-05-06 02:06:34,403 ERROR [stderr] (default task-3) 	at org.jboss.invocation@2.0.1.Final//org.jboss.invocation.InterceptorContext.proceed(InterceptorContext.java:422)
2025-05-06 02:06:34,403 ERROR [stderr] (default task-3) 	at org.jboss.as.ejb3@32.0.1.Final//org.jboss.as.ejb3.component.pool.PooledInstanceInterceptor.processInvocation(PooledInstanceInterceptor.java:34)
2025-05-06 02:06:34,403 ERROR [stderr] (default task-3) 	at org.jboss.invocation@2.0.1.Final//org.jboss.invocation.InterceptorContext.proceed(InterceptorContext.java:422)
2025-05-06 02:06:34,403 ERROR [stderr] (default task-3) 	at org.jboss.as.ejb3@32.0.1.Final//org.jboss.as.ejb3.component.interceptors.AdditionalSetupInterceptor.processInvocation(AdditionalSetupInterceptor.java:39)
2025-05-06 02:06:34,403 ERROR [stderr] (default task-3) 	at org.jboss.invocation@2.0.1.Final//org.jboss.invocation.InterceptorContext.proceed(InterceptorContext.java:422)
2025-05-06 02:06:34,403 ERROR [stderr] (default task-3) 	at org.jboss.invocation@2.0.1.Final//org.jboss.invocation.InterceptorContext$Invocation.proceed(InterceptorContext.java:509)
2025-05-06 02:06:34,403 ERROR [stderr] (default task-3) 	at org.jboss.weld.core@5.1.2.Final//org.jboss.weld.module.ejb.AbstractEJBRequestScopeActivationInterceptor.aroundInvoke(AbstractEJBRequestScopeActivationInterceptor.java:78)
2025-05-06 02:06:34,403 ERROR [stderr] (default task-3) 	at org.jboss.as.weld.common@32.0.1.Final//org.jboss.as.weld.ejb.EjbRequestScopeActivationInterceptor.processInvocation(EjbRequestScopeActivationInterceptor.java:72)
2025-05-06 02:06:34,403 ERROR [stderr] (default task-3) 	at org.jboss.invocation@2.0.1.Final//org.jboss.invocation.InterceptorContext.proceed(InterceptorContext.java:422)
2025-05-06 02:06:34,403 ERROR [stderr] (default task-3) 	at org.jboss.as.ejb3@32.0.1.Final//org.jboss.as.ejb3.component.interceptors.CurrentInvocationContextInterceptor.processInvocation(CurrentInvocationContextInterceptor.java:24)
2025-05-06 02:06:34,403 ERROR [stderr] (default task-3) 	at org.jboss.invocation@2.0.1.Final//org.jboss.invocation.InterceptorContext.proceed(InterceptorContext.java:422)
2025-05-06 02:06:34,403 ERROR [stderr] (default task-3) 	at org.jboss.as.ejb3@32.0.1.Final//org.jboss.as.ejb3.component.invocationmetrics.WaitTimeInterceptor.processInvocation(WaitTimeInterceptor.java:30)
2025-05-06 02:06:34,403 ERROR [stderr] (default task-3) 	at org.jboss.invocation@2.0.1.Final//org.jboss.invocation.InterceptorContext.proceed(InterceptorContext.java:422)
2025-05-06 02:06:34,403 ERROR [stderr] (default task-3) 	at org.jboss.as.ejb3@32.0.1.Final//org.jboss.as.ejb3.security.IdentityOutflowInterceptor.processInvocation(IdentityOutflowInterceptor.java:56)
2025-05-06 02:06:34,403 ERROR [stderr] (default task-3) 	at org.jboss.invocation@2.0.1.Final//org.jboss.invocation.InterceptorContext.proceed(InterceptorContext.java:422)
2025-05-06 02:06:34,403 ERROR [stderr] (default task-3) 	at org.jboss.as.ejb3@32.0.1.Final//org.jboss.as.ejb3.security.SecurityDomainInterceptor.processInvocation(SecurityDomainInterceptor.java:27)
2025-05-06 02:06:34,403 ERROR [stderr] (default task-3) 	at org.jboss.invocation@2.0.1.Final//org.jboss.invocation.InterceptorContext.proceed(InterceptorContext.java:422)
2025-05-06 02:06:34,403 ERROR [stderr] (default task-3) 	at org.jboss.as.ejb3@32.0.1.Final//org.jboss.as.ejb3.deployment.processors.StartupAwaitInterceptor.processInvocation(StartupAwaitInterceptor.java:27)
2025-05-06 02:06:34,403 ERROR [stderr] (default task-3) 	at org.jboss.invocation@2.0.1.Final//org.jboss.invocation.InterceptorContext.proceed(InterceptorContext.java:422)
2025-05-06 02:06:34,403 ERROR [stderr] (default task-3) 	at org.jboss.as.ejb3@32.0.1.Final//org.jboss.as.ejb3.component.interceptors.ShutDownInterceptorFactory$1.processInvocation(ShutDownInterceptorFactory.java:47)
2025-05-06 02:06:34,403 ERROR [stderr] (default task-3) 	at org.jboss.invocation@2.0.1.Final//org.jboss.invocation.InterceptorContext.proceed(InterceptorContext.java:422)
2025-05-06 02:06:34,404 ERROR [stderr] (default task-3) 	at org.jboss.as.ejb3@32.0.1.Final//org.jboss.as.ejb3.component.interceptors.LoggingInterceptor.processInvocation(LoggingInterceptor.java:50)
2025-05-06 02:06:34,404 ERROR [stderr] (default task-3) 	at org.jboss.invocation@2.0.1.Final//org.jboss.invocation.InterceptorContext.proceed(InterceptorContext.java:422)
2025-05-06 02:06:34,404 ERROR [stderr] (default task-3) 	at org.jboss.as.ee@32.0.1.Final//org.jboss.as.ee.component.NamespaceContextInterceptor.processInvocation(NamespaceContextInterceptor.java:33)
2025-05-06 02:06:34,404 ERROR [stderr] (default task-3) 	at org.jboss.invocation@2.0.1.Final//org.jboss.invocation.InterceptorContext.proceed(InterceptorContext.java:422)
2025-05-06 02:06:34,404 ERROR [stderr] (default task-3) 	at org.jboss.invocation@2.0.1.Final//org.jboss.invocation.ContextClassLoaderInterceptor.processInvocation(ContextClassLoaderInterceptor.java:60)
2025-05-06 02:06:34,404 ERROR [stderr] (default task-3) 	at org.jboss.invocation@2.0.1.Final//org.jboss.invocation.InterceptorContext.proceed(InterceptorContext.java:422)
2025-05-06 02:06:34,404 ERROR [stderr] (default task-3) 	at org.jboss.invocation@2.0.1.Final//org.jboss.invocation.InterceptorContext.run(InterceptorContext.java:438)
2025-05-06 02:06:34,404 ERROR [stderr] (default task-3) 	at org.wildfly.security.elytron-base@2.4.2.Final//org.wildfly.security.manager.WildFlySecurityManager.doChecked(WildFlySecurityManager.java:633)
2025-05-06 02:06:34,404 ERROR [stderr] (default task-3) 	at org.jboss.invocation@2.0.1.Final//org.jboss.invocation.AccessCheckingInterceptor.processInvocation(AccessCheckingInterceptor.java:57)
2025-05-06 02:06:34,404 ERROR [stderr] (default task-3) 	at org.jboss.invocation@2.0.1.Final//org.jboss.invocation.InterceptorContext.proceed(InterceptorContext.java:422)
2025-05-06 02:06:34,404 ERROR [stderr] (default task-3) 	at org.jboss.invocation@2.0.1.Final//org.jboss.invocation.ChainedInterceptor.processInvocation(ChainedInterceptor.java:53)
2025-05-06 02:06:34,404 ERROR [stderr] (default task-3) 	at org.jboss.as.ee@32.0.1.Final//org.jboss.as.ee.component.ViewService$View.invoke(ViewService.java:181)
2025-05-06 02:06:34,404 ERROR [stderr] (default task-3) 	at org.jboss.as.ee@32.0.1.Final//org.jboss.as.ee.component.ViewDescription$1.processInvocation(ViewDescription.java:174)
2025-05-06 02:06:34,404 ERROR [stderr] (default task-3) 	at org.jboss.invocation@2.0.1.Final//org.jboss.invocation.InterceptorContext.proceed(InterceptorContext.java:422)
2025-05-06 02:06:34,404 ERROR [stderr] (default task-3) 	at org.jboss.as.ejb3@32.0.1.Final//org.jboss.as.ejb3.security.IdentityInterceptor.lambda$processInvocation$0(IdentityInterceptor.java:30)
2025-05-06 02:06:34,404 ERROR [stderr] (default task-3) 	at org.wildfly.security.elytron-base@2.4.2.Final//org.wildfly.security.auth.server.SecurityIdentity.runAsFunctionEx(SecurityIdentity.java:421)
2025-05-06 02:06:34,404 ERROR [stderr] (default task-3) 	at org.wildfly.security.elytron-base@2.4.2.Final//org.wildfly.security.auth.server.Scoped.runAsFunctionEx(Scoped.java:161)
2025-05-06 02:06:34,404 ERROR [stderr] (default task-3) 	at org.wildfly.security.elytron-base@2.4.2.Final//org.wildfly.security.auth.server.Scoped.runAsSupplierEx(Scoped.java:229)
2025-05-06 02:06:34,404 ERROR [stderr] (default task-3) 	at org.jboss.as.ejb3@32.0.1.Final//org.jboss.as.ejb3.security.IdentityInterceptor.processInvocation(IdentityInterceptor.java:30)
2025-05-06 02:06:34,404 ERROR [stderr] (default task-3) 	at org.jboss.invocation@2.0.1.Final//org.jboss.invocation.InterceptorContext.proceed(InterceptorContext.java:422)
2025-05-06 02:06:34,404 ERROR [stderr] (default task-3) 	at org.jboss.invocation@2.0.1.Final//org.jboss.invocation.ChainedInterceptor.processInvocation(ChainedInterceptor.java:53)
2025-05-06 02:06:34,405 ERROR [stderr] (default task-3) 	at org.jboss.as.ee@32.0.1.Final//org.jboss.as.ee.component.ProxyInvocationHandler.invoke(ProxyInvocationHandler.java:64)
2025-05-06 02:06:34,405 ERROR [stderr] (default task-3) 	at deployment.BsuPortal-1.0-SNAPSHOT.war//com.mnl.bsum.bsuportal.sessions.MainSession$$$view2.login(Unknown Source)
2025-05-06 02:06:34,405 ERROR [stderr] (default task-3) 	at org.apache.jsp.index_jsp._jspService(index_jsp.java:325)
2025-05-06 02:06:34,405 ERROR [stderr] (default task-3) 	at io.undertow.jsp@2.2.7.Final//org.apache.jasper.runtime.HttpJspBase.service(HttpJspBase.java:70)
2025-05-06 02:06:34,405 ERROR [stderr] (default task-3) 	at jakarta.servlet.api@6.0.0//jakarta.servlet.http.HttpServlet.service(HttpServlet.java:614)
2025-05-06 02:06:34,405 ERROR [stderr] (default task-3) 	at io.undertow.jsp@2.2.7.Final//org.apache.jasper.servlet.JspServletWrapper.service(JspServletWrapper.java:422)
2025-05-06 02:06:34,405 ERROR [stderr] (default task-3) 	at io.undertow.jsp@2.2.7.Final//org.apache.jasper.servlet.JspServlet.serviceJspFile(JspServlet.java:403)
2025-05-06 02:06:34,405 ERROR [stderr] (default task-3) 	at io.undertow.jsp@2.2.7.Final//org.apache.jasper.servlet.JspServlet.service(JspServlet.java:347)
2025-05-06 02:06:34,405 ERROR [stderr] (default task-3) 	at jakarta.servlet.api@6.0.0//jakarta.servlet.http.HttpServlet.service(HttpServlet.java:614)
2025-05-06 02:06:34,405 ERROR [stderr] (default task-3) 	at io.undertow.servlet@2.3.13.Final//io.undertow.servlet.handlers.ServletHandler.handleRequest(ServletHandler.java:74)
2025-05-06 02:06:34,405 ERROR [stderr] (default task-3) 	at io.undertow.servlet@2.3.13.Final//io.undertow.servlet.handlers.FilterHandler$FilterChainImpl.doFilter(FilterHandler.java:129)
2025-05-06 02:06:34,405 ERROR [stderr] (default task-3) 	at deployment.BsuPortal-1.0-SNAPSHOT.war//org.tuckey.web.filters.urlrewrite.RuleChain.handleRewrite(RuleChain.java:176)
2025-05-06 02:06:34,405 ERROR [stderr] (default task-3) 	at deployment.BsuPortal-1.0-SNAPSHOT.war//org.tuckey.web.filters.urlrewrite.RuleChain.doRules(RuleChain.java:145)
2025-05-06 02:06:34,405 ERROR [stderr] (default task-3) 	at deployment.BsuPortal-1.0-SNAPSHOT.war//org.tuckey.web.filters.urlrewrite.UrlRewriter.processRequest(UrlRewriter.java:92)
2025-05-06 02:06:34,405 ERROR [stderr] (default task-3) 	at deployment.BsuPortal-1.0-SNAPSHOT.war//org.tuckey.web.filters.urlrewrite.UrlRewriteFilter.doFilter(UrlRewriteFilter.java:405)
2025-05-06 02:06:34,405 ERROR [stderr] (default task-3) 	at io.undertow.servlet@2.3.13.Final//io.undertow.servlet.core.ManagedFilter.doFilter(ManagedFilter.java:67)
2025-05-06 02:06:34,405 ERROR [stderr] (default task-3) 	at io.undertow.servlet@2.3.13.Final//io.undertow.servlet.handlers.FilterHandler$FilterChainImpl.doFilter(FilterHandler.java:131)
2025-05-06 02:06:34,405 ERROR [stderr] (default task-3) 	at io.undertow.servlet@2.3.13.Final//io.undertow.servlet.handlers.FilterHandler.handleRequest(FilterHandler.java:84)
2025-05-06 02:06:34,405 ERROR [stderr] (default task-3) 	at io.undertow.servlet@2.3.13.Final//io.undertow.servlet.handlers.security.ServletSecurityRoleHandler.handleRequest(ServletSecurityRoleHandler.java:62)
2025-05-06 02:06:34,405 ERROR [stderr] (default task-3) 	at io.undertow.jsp@2.2.7.Final//io.undertow.jsp.JspFileHandler.handleRequest(JspFileHandler.java:32)
2025-05-06 02:06:34,405 ERROR [stderr] (default task-3) 	at io.undertow.servlet@2.3.13.Final//io.undertow.servlet.handlers.ServletChain$1.handleRequest(ServletChain.java:68)
2025-05-06 02:06:34,405 ERROR [stderr] (default task-3) 	at io.undertow.servlet@2.3.13.Final//io.undertow.servlet.handlers.ServletDispatchingHandler.handleRequest(ServletDispatchingHandler.java:36)
2025-05-06 02:06:34,405 ERROR [stderr] (default task-3) 	at org.wildfly.security.elytron-web.undertow-server@4.1.0.Final//org.wildfly.elytron.web.undertow.server.ElytronRunAsHandler.lambda$handleRequest$1(ElytronRunAsHandler.java:68)
2025-05-06 02:06:34,405 ERROR [stderr] (default task-3) 	at org.wildfly.security.elytron-base@2.4.2.Final//org.wildfly.security.auth.server.FlexibleIdentityAssociation.runAsFunctionEx(FlexibleIdentityAssociation.java:103)
2025-05-06 02:06:34,405 ERROR [stderr] (default task-3) 	at org.wildfly.security.elytron-base@2.4.2.Final//org.wildfly.security.auth.server.Scoped.runAsFunctionEx(Scoped.java:161)
2025-05-06 02:06:34,405 ERROR [stderr] (default task-3) 	at org.wildfly.security.elytron-base@2.4.2.Final//org.wildfly.security.auth.server.Scoped.runAs(Scoped.java:73)
2025-05-06 02:06:34,406 ERROR [stderr] (default task-3) 	at org.wildfly.security.elytron-web.undertow-server@4.1.0.Final//org.wildfly.elytron.web.undertow.server.ElytronRunAsHandler.handleRequest(ElytronRunAsHandler.java:67)
2025-05-06 02:06:34,406 ERROR [stderr] (default task-3) 	at io.undertow.servlet@2.3.13.Final//io.undertow.servlet.handlers.RedirectDirHandler.handleRequest(RedirectDirHandler.java:68)
2025-05-06 02:06:34,406 ERROR [stderr] (default task-3) 	at io.undertow.servlet@2.3.13.Final//io.undertow.servlet.handlers.security.SSLInformationAssociationHandler.handleRequest(SSLInformationAssociationHandler.java:117)
2025-05-06 02:06:34,406 ERROR [stderr] (default task-3) 	at io.undertow.servlet@2.3.13.Final//io.undertow.servlet.handlers.security.ServletAuthenticationCallHandler.handleRequest(ServletAuthenticationCallHandler.java:57)
2025-05-06 02:06:34,406 ERROR [stderr] (default task-3) 	at io.undertow.core@2.3.13.Final//io.undertow.server.handlers.PredicateHandler.handleRequest(PredicateHandler.java:43)
2025-05-06 02:06:34,406 ERROR [stderr] (default task-3) 	at io.undertow.core@2.3.13.Final//io.undertow.security.handlers.AbstractConfidentialityHandler.handleRequest(AbstractConfidentialityHandler.java:46)
2025-05-06 02:06:34,406 ERROR [stderr] (default task-3) 	at io.undertow.servlet@2.3.13.Final//io.undertow.servlet.handlers.security.ServletConfidentialityConstraintHandler.handleRequest(ServletConfidentialityConstraintHandler.java:64)
2025-05-06 02:06:34,406 ERROR [stderr] (default task-3) 	at io.undertow.core@2.3.13.Final//io.undertow.security.handlers.AbstractSecurityContextAssociationHandler.handleRequest(AbstractSecurityContextAssociationHandler.java:43)
2025-05-06 02:06:34,406 ERROR [stderr] (default task-3) 	at org.wildfly.security.elytron-web.undertow-server-servlet@4.1.0.Final//org.wildfly.elytron.web.undertow.server.servlet.CleanUpHandler.handleRequest(CleanUpHandler.java:38)
2025-05-06 02:06:34,406 ERROR [stderr] (default task-3) 	at io.undertow.core@2.3.13.Final//io.undertow.server.handlers.PredicateHandler.handleRequest(PredicateHandler.java:43)
2025-05-06 02:06:34,406 ERROR [stderr] (default task-3) 	at org.wildfly.extension.undertow@32.0.1.Final//org.wildfly.extension.undertow.security.jacc.JACCContextIdHandler.handleRequest(JACCContextIdHandler.java:44)
2025-05-06 02:06:34,406 ERROR [stderr] (default task-3) 	at io.undertow.core@2.3.13.Final//io.undertow.server.handlers.PredicateHandler.handleRequest(PredicateHandler.java:43)
2025-05-06 02:06:34,406 ERROR [stderr] (default task-3) 	at org.wildfly.extension.undertow@32.0.1.Final//org.wildfly.extension.undertow.deployment.GlobalRequestControllerHandler.handleRequest(GlobalRequestControllerHandler.java:51)
2025-05-06 02:06:34,406 ERROR [stderr] (default task-3) 	at io.undertow.servlet@2.3.13.Final//io.undertow.servlet.handlers.SendErrorPageHandler.handleRequest(SendErrorPageHandler.java:52)
2025-05-06 02:06:34,406 ERROR [stderr] (default task-3) 	at io.undertow.core@2.3.13.Final//io.undertow.server.handlers.PredicateHandler.handleRequest(PredicateHandler.java:43)
2025-05-06 02:06:34,406 ERROR [stderr] (default task-3) 	at io.undertow.servlet@2.3.13.Final//io.undertow.servlet.handlers.ServletInitialHandler.handleFirstRequest(ServletInitialHandler.java:276)
2025-05-06 02:06:34,406 ERROR [stderr] (default task-3) 	at io.undertow.servlet@2.3.13.Final//io.undertow.servlet.handlers.ServletInitialHandler$2.call(ServletInitialHandler.java:135)
2025-05-06 02:06:34,406 ERROR [stderr] (default task-3) 	at io.undertow.servlet@2.3.13.Final//io.undertow.servlet.handlers.ServletInitialHandler$2.call(ServletInitialHandler.java:132)
2025-05-06 02:06:34,406 ERROR [stderr] (default task-3) 	at io.undertow.servlet@2.3.13.Final//io.undertow.servlet.core.ServletRequestContextThreadSetupAction$1.call(ServletRequestContextThreadSetupAction.java:48)
2025-05-06 02:06:34,406 ERROR [stderr] (default task-3) 	at io.undertow.servlet@2.3.13.Final//io.undertow.servlet.core.ContextClassLoaderSetupAction$1.call(ContextClassLoaderSetupAction.java:43)
2025-05-06 02:06:34,406 ERROR [stderr] (default task-3) 	at org.wildfly.extension.undertow@32.0.1.Final//org.wildfly.extension.undertow.deployment.UndertowDeploymentInfoService$UndertowThreadSetupAction.lambda$create$0(UndertowDeploymentInfoService.java:1421)
2025-05-06 02:06:34,406 ERROR [stderr] (default task-3) 	at org.wildfly.extension.undertow@32.0.1.Final//org.wildfly.extension.undertow.deployment.UndertowDeploymentInfoService$UndertowThreadSetupAction.lambda$create$0(UndertowDeploymentInfoService.java:1421)
2025-05-06 02:06:34,406 ERROR [stderr] (default task-3) 	at org.wildfly.extension.undertow@32.0.1.Final//org.wildfly.extension.undertow.deployment.UndertowDeploymentInfoService$UndertowThreadSetupAction.lambda$create$0(UndertowDeploymentInfoService.java:1421)
2025-05-06 02:06:34,406 ERROR [stderr] (default task-3) 	at org.wildfly.extension.undertow@32.0.1.Final//org.wildfly.extension.undertow.deployment.UndertowDeploymentInfoService$UndertowThreadSetupAction.lambda$create$0(UndertowDeploymentInfoService.java:1421)
2025-05-06 02:06:34,406 ERROR [stderr] (default task-3) 	at org.wildfly.extension.undertow@32.0.1.Final//org.wildfly.extension.undertow.deployment.UndertowDeploymentInfoService$UndertowThreadSetupAction.lambda$create$0(UndertowDeploymentInfoService.java:1421)
2025-05-06 02:06:34,407 ERROR [stderr] (default task-3) 	at io.undertow.servlet@2.3.13.Final//io.undertow.servlet.handlers.ServletInitialHandler.dispatchRequest(ServletInitialHandler.java:256)
2025-05-06 02:06:34,407 ERROR [stderr] (default task-3) 	at io.undertow.servlet@2.3.13.Final//io.undertow.servlet.handlers.ServletInitialHandler$1.handleRequest(ServletInitialHandler.java:101)
2025-05-06 02:06:34,407 ERROR [stderr] (default task-3) 	at io.undertow.core@2.3.13.Final//io.undertow.server.Connectors.executeRootHandler(Connectors.java:393)
2025-05-06 02:06:34,407 ERROR [stderr] (default task-3) 	at io.undertow.core@2.3.13.Final//io.undertow.server.HttpServerExchange$1.run(HttpServerExchange.java:859)
2025-05-06 02:06:34,407 ERROR [stderr] (default task-3) 	at org.jboss.threads@2.4.0.Final//org.jboss.threads.ContextClassLoaderSavingRunnable.run(ContextClassLoaderSavingRunnable.java:35)
2025-05-06 02:06:34,407 ERROR [stderr] (default task-3) 	at org.jboss.threads@2.4.0.Final//org.jboss.threads.EnhancedQueueExecutor.safeRun(EnhancedQueueExecutor.java:1990)
2025-05-06 02:06:34,407 ERROR [stderr] (default task-3) 	at org.jboss.threads@2.4.0.Final//org.jboss.threads.EnhancedQueueExecutor$ThreadBody.doRunTask(EnhancedQueueExecutor.java:1486)
2025-05-06 02:06:34,407 ERROR [stderr] (default task-3) 	at org.jboss.threads@2.4.0.Final//org.jboss.threads.EnhancedQueueExecutor$ThreadBody.run(EnhancedQueueExecutor.java:1377)
2025-05-06 02:06:34,407 ERROR [stderr] (default task-3) 	at org.jboss.xnio@3.8.15.Final//org.xnio.XnioWorker$WorkerThreadFactory$1$1.run(XnioWorker.java:1282)
2025-05-06 02:06:34,407 ERROR [stderr] (default task-3) 	at java.base/java.lang.Thread.run(Thread.java:1570)
2025-05-06 02:06:35,643 ERROR [stderr] (default task-1) jakarta.persistence.NoResultException: No result found for query [SELECT u FROM Users u WHERE u.username = :username OR u.email = :email]
2025-05-06 02:06:35,644 ERROR [stderr] (default task-1) 	at org.hibernate@6.4.4.Final//org.hibernate.query.spi.AbstractSelectionQuery.getSingleResult(AbstractSelectionQuery.java:567)
2025-05-06 02:06:35,644 ERROR [stderr] (default task-1) 	at org.jboss.as.jpa@32.0.1.Final//org.jboss.as.jpa.container.QueryNonTxInvocationDetacher.getSingleResult(QueryNonTxInvocationDetacher.java:52)
2025-05-06 02:06:35,644 ERROR [stderr] (default task-1) 	at deployment.BsuPortal-1.0-SNAPSHOT.war//com.mnl.bsum.bsuportal.sessions.MainSession.login(MainSession.java:775)
2025-05-06 02:06:35,644 ERROR [stderr] (default task-1) 	at java.base/jdk.internal.reflect.DirectMethodHandleAccessor.invoke(DirectMethodHandleAccessor.java:103)
2025-05-06 02:06:35,644 ERROR [stderr] (default task-1) 	at java.base/java.lang.reflect.Method.invoke(Method.java:580)
2025-05-06 02:06:35,644 ERROR [stderr] (default task-1) 	at org.jboss.as.ee@32.0.1.Final//org.jboss.as.ee.component.ManagedReferenceMethodInterceptor.processInvocation(ManagedReferenceMethodInterceptor.java:35)
2025-05-06 02:06:35,644 ERROR [stderr] (default task-1) 	at org.jboss.invocation@2.0.1.Final//org.jboss.invocation.InterceptorContext.proceed(InterceptorContext.java:422)
2025-05-06 02:06:35,644 ERROR [stderr] (default task-1) 	at org.jboss.invocation@2.0.1.Final//org.jboss.invocation.InterceptorContext$Invocation.proceed(InterceptorContext.java:509)
2025-05-06 02:06:35,644 ERROR [stderr] (default task-1) 	at org.jboss.as.weld.common@32.0.1.Final//org.jboss.as.weld.interceptors.Jsr299BindingsInterceptor.delegateInterception(Jsr299BindingsInterceptor.java:62)
2025-05-06 02:06:35,644 ERROR [stderr] (default task-1) 	at org.jboss.as.weld.common@32.0.1.Final//org.jboss.as.weld.interceptors.Jsr299BindingsInterceptor.doMethodInterception(Jsr299BindingsInterceptor.java:72)
2025-05-06 02:06:35,644 ERROR [stderr] (default task-1) 	at org.jboss.as.weld.common@32.0.1.Final//org.jboss.as.weld.interceptors.Jsr299BindingsInterceptor.processInvocation(Jsr299BindingsInterceptor.java:85)
2025-05-06 02:06:35,644 ERROR [stderr] (default task-1) 	at org.jboss.as.ee@32.0.1.Final//org.jboss.as.ee.component.interceptors.UserInterceptorFactory$1.processInvocation(UserInterceptorFactory.java:46)
2025-05-06 02:06:35,644 ERROR [stderr] (default task-1) 	at org.jboss.invocation@2.0.1.Final//org.jboss.invocation.InterceptorContext.proceed(InterceptorContext.java:422)
2025-05-06 02:06:35,644 ERROR [stderr] (default task-1) 	at org.jboss.as.ejb3@32.0.1.Final//org.jboss.as.ejb3.component.invocationmetrics.ExecutionTimeInterceptor.processInvocation(ExecutionTimeInterceptor.java:26)
2025-05-06 02:06:35,644 ERROR [stderr] (default task-1) 	at org.jboss.invocation@2.0.1.Final//org.jboss.invocation.InterceptorContext.proceed(InterceptorContext.java:422)
2025-05-06 02:06:35,644 ERROR [stderr] (default task-1) 	at org.jboss.as.jpa@32.0.1.Final//org.jboss.as.jpa.interceptor.SBInvocationInterceptor.processInvocation(SBInvocationInterceptor.java:30)
2025-05-06 02:06:35,644 ERROR [stderr] (default task-1) 	at org.jboss.invocation@2.0.1.Final//org.jboss.invocation.InterceptorContext.proceed(InterceptorContext.java:422)
2025-05-06 02:06:35,644 ERROR [stderr] (default task-1) 	at org.jboss.as.ejb3@32.0.1.Final//org.jboss.as.ejb3.tx.EjbBMTInterceptor.handleInvocation(EjbBMTInterceptor.java:86)
2025-05-06 02:06:35,644 ERROR [stderr] (default task-1) 	at org.jboss.as.ejb3@32.0.1.Final//org.jboss.as.ejb3.tx.BMTInterceptor.processInvocation(BMTInterceptor.java:40)
2025-05-06 02:06:35,644 ERROR [stderr] (default task-1) 	at org.jboss.invocation@2.0.1.Final//org.jboss.invocation.InterceptorContext.proceed(InterceptorContext.java:422)
2025-05-06 02:06:35,645 ERROR [stderr] (default task-1) 	at org.jboss.as.ee@32.0.1.Final//org.jboss.as.ee.concurrent.ConcurrentContextInterceptor.processInvocation(ConcurrentContextInterceptor.java:28)
2025-05-06 02:06:35,645 ERROR [stderr] (default task-1) 	at org.jboss.invocation@2.0.1.Final//org.jboss.invocation.InterceptorContext.proceed(InterceptorContext.java:422)
2025-05-06 02:06:35,645 ERROR [stderr] (default task-1) 	at org.jboss.invocation@2.0.1.Final//org.jboss.invocation.InitialInterceptor.processInvocation(InitialInterceptor.java:40)
2025-05-06 02:06:35,645 ERROR [stderr] (default task-1) 	at org.jboss.invocation@2.0.1.Final//org.jboss.invocation.InterceptorContext.proceed(InterceptorContext.java:422)
2025-05-06 02:06:35,645 ERROR [stderr] (default task-1) 	at org.jboss.invocation@2.0.1.Final//org.jboss.invocation.ChainedInterceptor.processInvocation(ChainedInterceptor.java:53)
2025-05-06 02:06:35,645 ERROR [stderr] (default task-1) 	at org.jboss.as.ee@32.0.1.Final//org.jboss.as.ee.component.interceptors.ComponentDispatcherInterceptor.processInvocation(ComponentDispatcherInterceptor.java:35)
2025-05-06 02:06:35,645 ERROR [stderr] (default task-1) 	at org.jboss.invocation@2.0.1.Final//org.jboss.invocation.InterceptorContext.proceed(InterceptorContext.java:422)
2025-05-06 02:06:35,645 ERROR [stderr] (default task-1) 	at org.jboss.as.ejb3@32.0.1.Final//org.jboss.as.ejb3.component.pool.PooledInstanceInterceptor.processInvocation(PooledInstanceInterceptor.java:34)
2025-05-06 02:06:35,645 ERROR [stderr] (default task-1) 	at org.jboss.invocation@2.0.1.Final//org.jboss.invocation.InterceptorContext.proceed(InterceptorContext.java:422)
2025-05-06 02:06:35,645 ERROR [stderr] (default task-1) 	at org.jboss.as.ejb3@32.0.1.Final//org.jboss.as.ejb3.component.interceptors.AdditionalSetupInterceptor.processInvocation(AdditionalSetupInterceptor.java:39)
2025-05-06 02:06:35,645 ERROR [stderr] (default task-1) 	at org.jboss.invocation@2.0.1.Final//org.jboss.invocation.InterceptorContext.proceed(InterceptorContext.java:422)
2025-05-06 02:06:35,645 ERROR [stderr] (default task-1) 	at org.jboss.invocation@2.0.1.Final//org.jboss.invocation.InterceptorContext$Invocation.proceed(InterceptorContext.java:509)
2025-05-06 02:06:35,645 ERROR [stderr] (default task-1) 	at org.jboss.weld.core@5.1.2.Final//org.jboss.weld.module.ejb.AbstractEJBRequestScopeActivationInterceptor.aroundInvoke(AbstractEJBRequestScopeActivationInterceptor.java:78)
2025-05-06 02:06:35,645 ERROR [stderr] (default task-1) 	at org.jboss.as.weld.common@32.0.1.Final//org.jboss.as.weld.ejb.EjbRequestScopeActivationInterceptor.processInvocation(EjbRequestScopeActivationInterceptor.java:72)
2025-05-06 02:06:35,645 ERROR [stderr] (default task-1) 	at org.jboss.invocation@2.0.1.Final//org.jboss.invocation.InterceptorContext.proceed(InterceptorContext.java:422)
2025-05-06 02:06:35,645 ERROR [stderr] (default task-1) 	at org.jboss.as.ejb3@32.0.1.Final//org.jboss.as.ejb3.component.interceptors.CurrentInvocationContextInterceptor.processInvocation(CurrentInvocationContextInterceptor.java:24)
2025-05-06 02:06:35,645 ERROR [stderr] (default task-1) 	at org.jboss.invocation@2.0.1.Final//org.jboss.invocation.InterceptorContext.proceed(InterceptorContext.java:422)
2025-05-06 02:06:35,645 ERROR [stderr] (default task-1) 	at org.jboss.as.ejb3@32.0.1.Final//org.jboss.as.ejb3.component.invocationmetrics.WaitTimeInterceptor.processInvocation(WaitTimeInterceptor.java:30)
2025-05-06 02:06:35,645 ERROR [stderr] (default task-1) 	at org.jboss.invocation@2.0.1.Final//org.jboss.invocation.InterceptorContext.proceed(InterceptorContext.java:422)
2025-05-06 02:06:35,645 ERROR [stderr] (default task-1) 	at org.jboss.as.ejb3@32.0.1.Final//org.jboss.as.ejb3.security.IdentityOutflowInterceptor.processInvocation(IdentityOutflowInterceptor.java:56)
2025-05-06 02:06:35,645 ERROR [stderr] (default task-1) 	at org.jboss.invocation@2.0.1.Final//org.jboss.invocation.InterceptorContext.proceed(InterceptorContext.java:422)
2025-05-06 02:06:35,645 ERROR [stderr] (default task-1) 	at org.jboss.as.ejb3@32.0.1.Final//org.jboss.as.ejb3.security.SecurityDomainInterceptor.processInvocation(SecurityDomainInterceptor.java:27)
2025-05-06 02:06:35,645 ERROR [stderr] (default task-1) 	at org.jboss.invocation@2.0.1.Final//org.jboss.invocation.InterceptorContext.proceed(InterceptorContext.java:422)
2025-05-06 02:06:35,645 ERROR [stderr] (default task-1) 	at org.jboss.as.ejb3@32.0.1.Final//org.jboss.as.ejb3.deployment.processors.StartupAwaitInterceptor.processInvocation(StartupAwaitInterceptor.java:27)
2025-05-06 02:06:35,645 ERROR [stderr] (default task-1) 	at org.jboss.invocation@2.0.1.Final//org.jboss.invocation.InterceptorContext.proceed(InterceptorContext.java:422)
2025-05-06 02:06:35,645 ERROR [stderr] (default task-1) 	at org.jboss.as.ejb3@32.0.1.Final//org.jboss.as.ejb3.component.interceptors.ShutDownInterceptorFactory$1.processInvocation(ShutDownInterceptorFactory.java:47)
2025-05-06 02:06:35,645 ERROR [stderr] (default task-1) 	at org.jboss.invocation@2.0.1.Final//org.jboss.invocation.InterceptorContext.proceed(InterceptorContext.java:422)
2025-05-06 02:06:35,645 ERROR [stderr] (default task-1) 	at org.jboss.as.ejb3@32.0.1.Final//org.jboss.as.ejb3.component.interceptors.LoggingInterceptor.processInvocation(LoggingInterceptor.java:50)
2025-05-06 02:06:35,645 ERROR [stderr] (default task-1) 	at org.jboss.invocation@2.0.1.Final//org.jboss.invocation.InterceptorContext.proceed(InterceptorContext.java:422)
2025-05-06 02:06:35,646 ERROR [stderr] (default task-1) 	at org.jboss.as.ee@32.0.1.Final//org.jboss.as.ee.component.NamespaceContextInterceptor.processInvocation(NamespaceContextInterceptor.java:33)
2025-05-06 02:06:35,646 ERROR [stderr] (default task-1) 	at org.jboss.invocation@2.0.1.Final//org.jboss.invocation.InterceptorContext.proceed(InterceptorContext.java:422)
2025-05-06 02:06:35,646 ERROR [stderr] (default task-1) 	at org.jboss.invocation@2.0.1.Final//org.jboss.invocation.ContextClassLoaderInterceptor.processInvocation(ContextClassLoaderInterceptor.java:60)
2025-05-06 02:06:35,646 ERROR [stderr] (default task-1) 	at org.jboss.invocation@2.0.1.Final//org.jboss.invocation.InterceptorContext.proceed(InterceptorContext.java:422)
2025-05-06 02:06:35,646 ERROR [stderr] (default task-1) 	at org.jboss.invocation@2.0.1.Final//org.jboss.invocation.InterceptorContext.run(InterceptorContext.java:438)
2025-05-06 02:06:35,646 ERROR [stderr] (default task-1) 	at org.wildfly.security.elytron-base@2.4.2.Final//org.wildfly.security.manager.WildFlySecurityManager.doChecked(WildFlySecurityManager.java:633)
2025-05-06 02:06:35,646 ERROR [stderr] (default task-1) 	at org.jboss.invocation@2.0.1.Final//org.jboss.invocation.AccessCheckingInterceptor.processInvocation(AccessCheckingInterceptor.java:57)
2025-05-06 02:06:35,646 ERROR [stderr] (default task-1) 	at org.jboss.invocation@2.0.1.Final//org.jboss.invocation.InterceptorContext.proceed(InterceptorContext.java:422)
2025-05-06 02:06:35,646 ERROR [stderr] (default task-1) 	at org.jboss.invocation@2.0.1.Final//org.jboss.invocation.ChainedInterceptor.processInvocation(ChainedInterceptor.java:53)
2025-05-06 02:06:35,646 ERROR [stderr] (default task-1) 	at org.jboss.as.ee@32.0.1.Final//org.jboss.as.ee.component.ViewService$View.invoke(ViewService.java:181)
2025-05-06 02:06:35,646 ERROR [stderr] (default task-1) 	at org.jboss.as.ee@32.0.1.Final//org.jboss.as.ee.component.ViewDescription$1.processInvocation(ViewDescription.java:174)
2025-05-06 02:06:35,646 ERROR [stderr] (default task-1) 	at org.jboss.invocation@2.0.1.Final//org.jboss.invocation.InterceptorContext.proceed(InterceptorContext.java:422)
2025-05-06 02:06:35,646 ERROR [stderr] (default task-1) 	at org.jboss.as.ejb3@32.0.1.Final//org.jboss.as.ejb3.security.IdentityInterceptor.lambda$processInvocation$0(IdentityInterceptor.java:30)
2025-05-06 02:06:35,646 ERROR [stderr] (default task-1) 	at org.wildfly.security.elytron-base@2.4.2.Final//org.wildfly.security.auth.server.SecurityIdentity.runAsFunctionEx(SecurityIdentity.java:421)
2025-05-06 02:06:35,646 ERROR [stderr] (default task-1) 	at org.wildfly.security.elytron-base@2.4.2.Final//org.wildfly.security.auth.server.Scoped.runAsFunctionEx(Scoped.java:161)
2025-05-06 02:06:35,646 ERROR [stderr] (default task-1) 	at org.wildfly.security.elytron-base@2.4.2.Final//org.wildfly.security.auth.server.Scoped.runAsSupplierEx(Scoped.java:229)
2025-05-06 02:06:35,646 ERROR [stderr] (default task-1) 	at org.jboss.as.ejb3@32.0.1.Final//org.jboss.as.ejb3.security.IdentityInterceptor.processInvocation(IdentityInterceptor.java:30)
2025-05-06 02:06:35,646 ERROR [stderr] (default task-1) 	at org.jboss.invocation@2.0.1.Final//org.jboss.invocation.InterceptorContext.proceed(InterceptorContext.java:422)
2025-05-06 02:06:35,646 ERROR [stderr] (default task-1) 	at org.jboss.invocation@2.0.1.Final//org.jboss.invocation.ChainedInterceptor.processInvocation(ChainedInterceptor.java:53)
2025-05-06 02:06:35,646 ERROR [stderr] (default task-1) 	at org.jboss.as.ee@32.0.1.Final//org.jboss.as.ee.component.ProxyInvocationHandler.invoke(ProxyInvocationHandler.java:64)
2025-05-06 02:06:35,646 ERROR [stderr] (default task-1) 	at deployment.BsuPortal-1.0-SNAPSHOT.war//com.mnl.bsum.bsuportal.sessions.MainSession$$$view2.login(Unknown Source)
2025-05-06 02:06:35,646 ERROR [stderr] (default task-1) 	at org.apache.jsp.index_jsp._jspService(index_jsp.java:325)
2025-05-06 02:06:35,646 ERROR [stderr] (default task-1) 	at io.undertow.jsp@2.2.7.Final//org.apache.jasper.runtime.HttpJspBase.service(HttpJspBase.java:70)
2025-05-06 02:06:35,646 ERROR [stderr] (default task-1) 	at jakarta.servlet.api@6.0.0//jakarta.servlet.http.HttpServlet.service(HttpServlet.java:614)
2025-05-06 02:06:35,646 ERROR [stderr] (default task-1) 	at io.undertow.jsp@2.2.7.Final//org.apache.jasper.servlet.JspServletWrapper.service(JspServletWrapper.java:422)
2025-05-06 02:06:35,646 ERROR [stderr] (default task-1) 	at io.undertow.jsp@2.2.7.Final//org.apache.jasper.servlet.JspServlet.serviceJspFile(JspServlet.java:403)
2025-05-06 02:06:35,646 ERROR [stderr] (default task-1) 	at io.undertow.jsp@2.2.7.Final//org.apache.jasper.servlet.JspServlet.service(JspServlet.java:347)
2025-05-06 02:06:35,646 ERROR [stderr] (default task-1) 	at jakarta.servlet.api@6.0.0//jakarta.servlet.http.HttpServlet.service(HttpServlet.java:614)
2025-05-06 02:06:35,646 ERROR [stderr] (default task-1) 	at io.undertow.servlet@2.3.13.Final//io.undertow.servlet.handlers.ServletHandler.handleRequest(ServletHandler.java:74)
2025-05-06 02:06:35,647 ERROR [stderr] (default task-1) 	at io.undertow.servlet@2.3.13.Final//io.undertow.servlet.handlers.FilterHandler$FilterChainImpl.doFilter(FilterHandler.java:129)
2025-05-06 02:06:35,647 ERROR [stderr] (default task-1) 	at deployment.BsuPortal-1.0-SNAPSHOT.war//org.tuckey.web.filters.urlrewrite.RuleChain.handleRewrite(RuleChain.java:176)
2025-05-06 02:06:35,647 ERROR [stderr] (default task-1) 	at deployment.BsuPortal-1.0-SNAPSHOT.war//org.tuckey.web.filters.urlrewrite.RuleChain.doRules(RuleChain.java:145)
2025-05-06 02:06:35,647 ERROR [stderr] (default task-1) 	at deployment.BsuPortal-1.0-SNAPSHOT.war//org.tuckey.web.filters.urlrewrite.UrlRewriter.processRequest(UrlRewriter.java:92)
2025-05-06 02:06:35,647 ERROR [stderr] (default task-1) 	at deployment.BsuPortal-1.0-SNAPSHOT.war//org.tuckey.web.filters.urlrewrite.UrlRewriteFilter.doFilter(UrlRewriteFilter.java:405)
2025-05-06 02:06:35,647 ERROR [stderr] (default task-1) 	at io.undertow.servlet@2.3.13.Final//io.undertow.servlet.core.ManagedFilter.doFilter(ManagedFilter.java:67)
2025-05-06 02:06:35,647 ERROR [stderr] (default task-1) 	at io.undertow.servlet@2.3.13.Final//io.undertow.servlet.handlers.FilterHandler$FilterChainImpl.doFilter(FilterHandler.java:131)
2025-05-06 02:06:35,647 ERROR [stderr] (default task-1) 	at io.undertow.servlet@2.3.13.Final//io.undertow.servlet.handlers.FilterHandler.handleRequest(FilterHandler.java:84)
2025-05-06 02:06:35,647 ERROR [stderr] (default task-1) 	at io.undertow.servlet@2.3.13.Final//io.undertow.servlet.handlers.security.ServletSecurityRoleHandler.handleRequest(ServletSecurityRoleHandler.java:62)
2025-05-06 02:06:35,647 ERROR [stderr] (default task-1) 	at io.undertow.jsp@2.2.7.Final//io.undertow.jsp.JspFileHandler.handleRequest(JspFileHandler.java:32)
2025-05-06 02:06:35,647 ERROR [stderr] (default task-1) 	at io.undertow.servlet@2.3.13.Final//io.undertow.servlet.handlers.ServletChain$1.handleRequest(ServletChain.java:68)
2025-05-06 02:06:35,647 ERROR [stderr] (default task-1) 	at io.undertow.servlet@2.3.13.Final//io.undertow.servlet.handlers.ServletDispatchingHandler.handleRequest(ServletDispatchingHandler.java:36)
2025-05-06 02:06:35,647 ERROR [stderr] (default task-1) 	at org.wildfly.security.elytron-web.undertow-server@4.1.0.Final//org.wildfly.elytron.web.undertow.server.ElytronRunAsHandler.lambda$handleRequest$1(ElytronRunAsHandler.java:68)
2025-05-06 02:06:35,647 ERROR [stderr] (default task-1) 	at org.wildfly.security.elytron-base@2.4.2.Final//org.wildfly.security.auth.server.FlexibleIdentityAssociation.runAsFunctionEx(FlexibleIdentityAssociation.java:103)
2025-05-06 02:06:35,647 ERROR [stderr] (default task-1) 	at org.wildfly.security.elytron-base@2.4.2.Final//org.wildfly.security.auth.server.Scoped.runAsFunctionEx(Scoped.java:161)
2025-05-06 02:06:35,647 ERROR [stderr] (default task-1) 	at org.wildfly.security.elytron-base@2.4.2.Final//org.wildfly.security.auth.server.Scoped.runAs(Scoped.java:73)
2025-05-06 02:06:35,647 ERROR [stderr] (default task-1) 	at org.wildfly.security.elytron-web.undertow-server@4.1.0.Final//org.wildfly.elytron.web.undertow.server.ElytronRunAsHandler.handleRequest(ElytronRunAsHandler.java:67)
2025-05-06 02:06:35,647 ERROR [stderr] (default task-1) 	at io.undertow.servlet@2.3.13.Final//io.undertow.servlet.handlers.RedirectDirHandler.handleRequest(RedirectDirHandler.java:68)
2025-05-06 02:06:35,647 ERROR [stderr] (default task-1) 	at io.undertow.servlet@2.3.13.Final//io.undertow.servlet.handlers.security.SSLInformationAssociationHandler.handleRequest(SSLInformationAssociationHandler.java:117)
2025-05-06 02:06:35,647 ERROR [stderr] (default task-1) 	at io.undertow.servlet@2.3.13.Final//io.undertow.servlet.handlers.security.ServletAuthenticationCallHandler.handleRequest(ServletAuthenticationCallHandler.java:57)
2025-05-06 02:06:35,647 ERROR [stderr] (default task-1) 	at io.undertow.core@2.3.13.Final//io.undertow.server.handlers.PredicateHandler.handleRequest(PredicateHandler.java:43)
2025-05-06 02:06:35,647 ERROR [stderr] (default task-1) 	at io.undertow.core@2.3.13.Final//io.undertow.security.handlers.AbstractConfidentialityHandler.handleRequest(AbstractConfidentialityHandler.java:46)
2025-05-06 02:06:35,647 ERROR [stderr] (default task-1) 	at io.undertow.servlet@2.3.13.Final//io.undertow.servlet.handlers.security.ServletConfidentialityConstraintHandler.handleRequest(ServletConfidentialityConstraintHandler.java:64)
2025-05-06 02:06:35,647 ERROR [stderr] (default task-1) 	at io.undertow.core@2.3.13.Final//io.undertow.security.handlers.AbstractSecurityContextAssociationHandler.handleRequest(AbstractSecurityContextAssociationHandler.java:43)
2025-05-06 02:06:35,647 ERROR [stderr] (default task-1) 	at org.wildfly.security.elytron-web.undertow-server-servlet@4.1.0.Final//org.wildfly.elytron.web.undertow.server.servlet.CleanUpHandler.handleRequest(CleanUpHandler.java:38)
2025-05-06 02:06:35,647 ERROR [stderr] (default task-1) 	at io.undertow.core@2.3.13.Final//io.undertow.server.handlers.PredicateHandler.handleRequest(PredicateHandler.java:43)
2025-05-06 02:06:35,647 ERROR [stderr] (default task-1) 	at org.wildfly.extension.undertow@32.0.1.Final//org.wildfly.extension.undertow.security.jacc.JACCContextIdHandler.handleRequest(JACCContextIdHandler.java:44)
2025-05-06 02:06:35,647 ERROR [stderr] (default task-1) 	at io.undertow.core@2.3.13.Final//io.undertow.server.handlers.PredicateHandler.handleRequest(PredicateHandler.java:43)
2025-05-06 02:06:35,647 ERROR [stderr] (default task-1) 	at org.wildfly.extension.undertow@32.0.1.Final//org.wildfly.extension.undertow.deployment.GlobalRequestControllerHandler.handleRequest(GlobalRequestControllerHandler.java:51)
2025-05-06 02:06:35,647 ERROR [stderr] (default task-1) 	at io.undertow.servlet@2.3.13.Final//io.undertow.servlet.handlers.SendErrorPageHandler.handleRequest(SendErrorPageHandler.java:52)
2025-05-06 02:06:35,648 ERROR [stderr] (default task-1) 	at io.undertow.core@2.3.13.Final//io.undertow.server.handlers.PredicateHandler.handleRequest(PredicateHandler.java:43)
2025-05-06 02:06:35,648 ERROR [stderr] (default task-1) 	at io.undertow.servlet@2.3.13.Final//io.undertow.servlet.handlers.ServletInitialHandler.handleFirstRequest(ServletInitialHandler.java:276)
2025-05-06 02:06:35,648 ERROR [stderr] (default task-1) 	at io.undertow.servlet@2.3.13.Final//io.undertow.servlet.handlers.ServletInitialHandler$2.call(ServletInitialHandler.java:135)
2025-05-06 02:06:35,648 ERROR [stderr] (default task-1) 	at io.undertow.servlet@2.3.13.Final//io.undertow.servlet.handlers.ServletInitialHandler$2.call(ServletInitialHandler.java:132)
2025-05-06 02:06:35,648 ERROR [stderr] (default task-1) 	at io.undertow.servlet@2.3.13.Final//io.undertow.servlet.core.ServletRequestContextThreadSetupAction$1.call(ServletRequestContextThreadSetupAction.java:48)
2025-05-06 02:06:35,648 ERROR [stderr] (default task-1) 	at io.undertow.servlet@2.3.13.Final//io.undertow.servlet.core.ContextClassLoaderSetupAction$1.call(ContextClassLoaderSetupAction.java:43)
2025-05-06 02:06:35,648 ERROR [stderr] (default task-1) 	at org.wildfly.extension.undertow@32.0.1.Final//org.wildfly.extension.undertow.deployment.UndertowDeploymentInfoService$UndertowThreadSetupAction.lambda$create$0(UndertowDeploymentInfoService.java:1421)
2025-05-06 02:06:35,648 ERROR [stderr] (default task-1) 	at org.wildfly.extension.undertow@32.0.1.Final//org.wildfly.extension.undertow.deployment.UndertowDeploymentInfoService$UndertowThreadSetupAction.lambda$create$0(UndertowDeploymentInfoService.java:1421)
2025-05-06 02:06:35,648 ERROR [stderr] (default task-1) 	at org.wildfly.extension.undertow@32.0.1.Final//org.wildfly.extension.undertow.deployment.UndertowDeploymentInfoService$UndertowThreadSetupAction.lambda$create$0(UndertowDeploymentInfoService.java:1421)
2025-05-06 02:06:35,648 ERROR [stderr] (default task-1) 	at org.wildfly.extension.undertow@32.0.1.Final//org.wildfly.extension.undertow.deployment.UndertowDeploymentInfoService$UndertowThreadSetupAction.lambda$create$0(UndertowDeploymentInfoService.java:1421)
2025-05-06 02:06:35,648 ERROR [stderr] (default task-1) 	at org.wildfly.extension.undertow@32.0.1.Final//org.wildfly.extension.undertow.deployment.UndertowDeploymentInfoService$UndertowThreadSetupAction.lambda$create$0(UndertowDeploymentInfoService.java:1421)
2025-05-06 02:06:35,648 ERROR [stderr] (default task-1) 	at io.undertow.servlet@2.3.13.Final//io.undertow.servlet.handlers.ServletInitialHandler.dispatchRequest(ServletInitialHandler.java:256)
2025-05-06 02:06:35,648 ERROR [stderr] (default task-1) 	at io.undertow.servlet@2.3.13.Final//io.undertow.servlet.handlers.ServletInitialHandler$1.handleRequest(ServletInitialHandler.java:101)
2025-05-06 02:06:35,648 ERROR [stderr] (default task-1) 	at io.undertow.core@2.3.13.Final//io.undertow.server.Connectors.executeRootHandler(Connectors.java:393)
2025-05-06 02:06:35,648 ERROR [stderr] (default task-1) 	at io.undertow.core@2.3.13.Final//io.undertow.server.HttpServerExchange$1.run(HttpServerExchange.java:859)
2025-05-06 02:06:35,648 ERROR [stderr] (default task-1) 	at org.jboss.threads@2.4.0.Final//org.jboss.threads.ContextClassLoaderSavingRunnable.run(ContextClassLoaderSavingRunnable.java:35)
2025-05-06 02:06:35,648 ERROR [stderr] (default task-1) 	at org.jboss.threads@2.4.0.Final//org.jboss.threads.EnhancedQueueExecutor.safeRun(EnhancedQueueExecutor.java:1990)
2025-05-06 02:06:35,648 ERROR [stderr] (default task-1) 	at org.jboss.threads@2.4.0.Final//org.jboss.threads.EnhancedQueueExecutor$ThreadBody.doRunTask(EnhancedQueueExecutor.java:1486)
2025-05-06 02:06:35,648 ERROR [stderr] (default task-1) 	at org.jboss.threads@2.4.0.Final//org.jboss.threads.EnhancedQueueExecutor$ThreadBody.run(EnhancedQueueExecutor.java:1377)
2025-05-06 02:06:35,648 ERROR [stderr] (default task-1) 	at org.jboss.xnio@3.8.15.Final//org.xnio.XnioWorker$WorkerThreadFactory$1$1.run(XnioWorker.java:1282)
2025-05-06 02:06:35,648 ERROR [stderr] (default task-1) 	at java.base/java.lang.Thread.run(Thread.java:1570)
2025-05-06 02:06:39,491 ERROR [io.undertow.request] (default task-3) UT005023: Exception handling request to /studentdashboard.jsp: org.apache.jasper.JasperException: java.lang.NullPointerException: Cannot invoke "com.mnl.bsum.bsuportal.entities.Users.getDefaultRole()" because "user" is null
	at io.undertow.jsp@2.2.7.Final//org.apache.jasper.servlet.JspServletWrapper.service(JspServletWrapper.java:461)
	at io.undertow.jsp@2.2.7.Final//org.apache.jasper.servlet.JspServlet.serviceJspFile(JspServlet.java:403)
	at io.undertow.jsp@2.2.7.Final//org.apache.jasper.servlet.JspServlet.service(JspServlet.java:347)
	at jakarta.servlet.api@6.0.0//jakarta.servlet.http.HttpServlet.service(HttpServlet.java:614)
	at io.undertow.servlet@2.3.13.Final//io.undertow.servlet.handlers.ServletHandler.handleRequest(ServletHandler.java:74)
	at io.undertow.servlet@2.3.13.Final//io.undertow.servlet.handlers.FilterHandler$FilterChainImpl.doFilter(FilterHandler.java:129)
	at deployment.BsuPortal-1.0-SNAPSHOT.war//org.tuckey.web.filters.urlrewrite.RuleChain.handleRewrite(RuleChain.java:176)
	at deployment.BsuPortal-1.0-SNAPSHOT.war//org.tuckey.web.filters.urlrewrite.RuleChain.doRules(RuleChain.java:145)
	at deployment.BsuPortal-1.0-SNAPSHOT.war//org.tuckey.web.filters.urlrewrite.UrlRewriter.processRequest(UrlRewriter.java:92)
	at deployment.BsuPortal-1.0-SNAPSHOT.war//org.tuckey.web.filters.urlrewrite.UrlRewriteFilter.doFilter(UrlRewriteFilter.java:405)
	at io.undertow.servlet@2.3.13.Final//io.undertow.servlet.core.ManagedFilter.doFilter(ManagedFilter.java:67)
	at io.undertow.servlet@2.3.13.Final//io.undertow.servlet.handlers.FilterHandler$FilterChainImpl.doFilter(FilterHandler.java:131)
	at io.undertow.servlet@2.3.13.Final//io.undertow.servlet.handlers.FilterHandler.handleRequest(FilterHandler.java:84)
	at io.undertow.servlet@2.3.13.Final//io.undertow.servlet.handlers.security.ServletSecurityRoleHandler.handleRequest(ServletSecurityRoleHandler.java:62)
	at io.undertow.jsp@2.2.7.Final//io.undertow.jsp.JspFileHandler.handleRequest(JspFileHandler.java:32)
	at io.undertow.servlet@2.3.13.Final//io.undertow.servlet.handlers.ServletChain$1.handleRequest(ServletChain.java:68)
	at io.undertow.servlet@2.3.13.Final//io.undertow.servlet.handlers.ServletDispatchingHandler.handleRequest(ServletDispatchingHandler.java:36)
	at org.wildfly.security.elytron-web.undertow-server@4.1.0.Final//org.wildfly.elytron.web.undertow.server.ElytronRunAsHandler.lambda$handleRequest$1(ElytronRunAsHandler.java:68)
	at org.wildfly.security.elytron-base@2.4.2.Final//org.wildfly.security.auth.server.FlexibleIdentityAssociation.runAsFunctionEx(FlexibleIdentityAssociation.java:103)
	at org.wildfly.security.elytron-base@2.4.2.Final//org.wildfly.security.auth.server.Scoped.runAsFunctionEx(Scoped.java:161)
	at org.wildfly.security.elytron-base@2.4.2.Final//org.wildfly.security.auth.server.Scoped.runAs(Scoped.java:73)
	at org.wildfly.security.elytron-web.undertow-server@4.1.0.Final//org.wildfly.elytron.web.undertow.server.ElytronRunAsHandler.handleRequest(ElytronRunAsHandler.java:67)
	at io.undertow.servlet@2.3.13.Final//io.undertow.servlet.handlers.RedirectDirHandler.handleRequest(RedirectDirHandler.java:68)
	at io.undertow.core@2.3.13.Final//io.undertow.server.handlers.PredicateHandler.handleRequest(PredicateHandler.java:43)
	at io.undertow.core@2.3.13.Final//io.undertow.server.handlers.PredicateHandler.handleRequest(PredicateHandler.java:43)
	at io.undertow.servlet@2.3.13.Final//io.undertow.servlet.handlers.ServletInitialHandler.dispatchRequest(ServletInitialHandler.java:258)
	at io.undertow.servlet@2.3.13.Final//io.undertow.servlet.handlers.ServletInitialHandler.dispatchToPath(ServletInitialHandler.java:183)
	at io.undertow.servlet@2.3.13.Final//io.undertow.servlet.spec.RequestDispatcherImpl.forwardImpl(RequestDispatcherImpl.java:188)
	at io.undertow.servlet@2.3.13.Final//io.undertow.servlet.spec.RequestDispatcherImpl.forwardImplSetup(RequestDispatcherImpl.java:136)
	at io.undertow.servlet@2.3.13.Final//io.undertow.servlet.spec.RequestDispatcherImpl.forward(RequestDispatcherImpl.java:99)
	at deployment.BsuPortal-1.0-SNAPSHOT.war//org.tuckey.web.filters.urlrewrite.NormalRewrittenUrl.doRewrite(NormalRewrittenUrl.java:233)
	at deployment.BsuPortal-1.0-SNAPSHOT.war//org.tuckey.web.filters.urlrewrite.RuleChain.handleRewrite(RuleChain.java:171)
	at deployment.BsuPortal-1.0-SNAPSHOT.war//org.tuckey.web.filters.urlrewrite.RuleChain.doRules(RuleChain.java:145)
	at deployment.BsuPortal-1.0-SNAPSHOT.war//org.tuckey.web.filters.urlrewrite.UrlRewriter.processRequest(UrlRewriter.java:92)
	at deployment.BsuPortal-1.0-SNAPSHOT.war//org.tuckey.web.filters.urlrewrite.UrlRewriteFilter.doFilter(UrlRewriteFilter.java:405)
	at io.undertow.servlet@2.3.13.Final//io.undertow.servlet.core.ManagedFilter.doFilter(ManagedFilter.java:67)
	at io.undertow.servlet@2.3.13.Final//io.undertow.servlet.handlers.FilterHandler$FilterChainImpl.doFilter(FilterHandler.java:131)
	at io.undertow.servlet@2.3.13.Final//io.undertow.servlet.handlers.FilterHandler.handleRequest(FilterHandler.java:84)
	at io.undertow.servlet@2.3.13.Final//io.undertow.servlet.handlers.security.ServletSecurityRoleHandler.handleRequest(ServletSecurityRoleHandler.java:62)
	at io.undertow.servlet@2.3.13.Final//io.undertow.servlet.handlers.ServletChain$1.handleRequest(ServletChain.java:68)
	at io.undertow.servlet@2.3.13.Final//io.undertow.servlet.handlers.ServletDispatchingHandler.handleRequest(ServletDispatchingHandler.java:36)
	at org.wildfly.security.elytron-web.undertow-server@4.1.0.Final//org.wildfly.elytron.web.undertow.server.ElytronRunAsHandler.lambda$handleRequest$1(ElytronRunAsHandler.java:68)
	at org.wildfly.security.elytron-base@2.4.2.Final//org.wildfly.security.auth.server.FlexibleIdentityAssociation.runAsFunctionEx(FlexibleIdentityAssociation.java:103)
	at org.wildfly.security.elytron-base@2.4.2.Final//org.wildfly.security.auth.server.Scoped.runAsFunctionEx(Scoped.java:161)
	at org.wildfly.security.elytron-base@2.4.2.Final//org.wildfly.security.auth.server.Scoped.runAs(Scoped.java:73)
	at org.wildfly.security.elytron-web.undertow-server@4.1.0.Final//org.wildfly.elytron.web.undertow.server.ElytronRunAsHandler.handleRequest(ElytronRunAsHandler.java:67)
	at io.undertow.servlet@2.3.13.Final//io.undertow.servlet.handlers.RedirectDirHandler.handleRequest(RedirectDirHandler.java:68)
	at io.undertow.servlet@2.3.13.Final//io.undertow.servlet.handlers.security.SSLInformationAssociationHandler.handleRequest(SSLInformationAssociationHandler.java:117)
	at io.undertow.servlet@2.3.13.Final//io.undertow.servlet.handlers.security.ServletAuthenticationCallHandler.handleRequest(ServletAuthenticationCallHandler.java:57)
	at io.undertow.core@2.3.13.Final//io.undertow.server.handlers.PredicateHandler.handleRequest(PredicateHandler.java:43)
	at io.undertow.core@2.3.13.Final//io.undertow.security.handlers.AbstractConfidentialityHandler.handleRequest(AbstractConfidentialityHandler.java:46)
	at io.undertow.servlet@2.3.13.Final//io.undertow.servlet.handlers.security.ServletConfidentialityConstraintHandler.handleRequest(ServletConfidentialityConstraintHandler.java:64)
	at io.undertow.core@2.3.13.Final//io.undertow.security.handlers.AbstractSecurityContextAssociationHandler.handleRequest(AbstractSecurityContextAssociationHandler.java:43)
	at org.wildfly.security.elytron-web.undertow-server-servlet@4.1.0.Final//org.wildfly.elytron.web.undertow.server.servlet.CleanUpHandler.handleRequest(CleanUpHandler.java:38)
	at io.undertow.core@2.3.13.Final//io.undertow.server.handlers.PredicateHandler.handleRequest(PredicateHandler.java:43)
	at org.wildfly.extension.undertow@32.0.1.Final//org.wildfly.extension.undertow.security.jacc.JACCContextIdHandler.handleRequest(JACCContextIdHandler.java:44)
	at io.undertow.core@2.3.13.Final//io.undertow.server.handlers.PredicateHandler.handleRequest(PredicateHandler.java:43)
	at org.wildfly.extension.undertow@32.0.1.Final//org.wildfly.extension.undertow.deployment.GlobalRequestControllerHandler.handleRequest(GlobalRequestControllerHandler.java:51)
	at io.undertow.servlet@2.3.13.Final//io.undertow.servlet.handlers.SendErrorPageHandler.handleRequest(SendErrorPageHandler.java:52)
	at io.undertow.core@2.3.13.Final//io.undertow.server.handlers.PredicateHandler.handleRequest(PredicateHandler.java:43)
	at io.undertow.servlet@2.3.13.Final//io.undertow.servlet.handlers.ServletInitialHandler.handleFirstRequest(ServletInitialHandler.java:276)
	at io.undertow.servlet@2.3.13.Final//io.undertow.servlet.handlers.ServletInitialHandler$2.call(ServletInitialHandler.java:135)
	at io.undertow.servlet@2.3.13.Final//io.undertow.servlet.handlers.ServletInitialHandler$2.call(ServletInitialHandler.java:132)
	at io.undertow.servlet@2.3.13.Final//io.undertow.servlet.core.ServletRequestContextThreadSetupAction$1.call(ServletRequestContextThreadSetupAction.java:48)
	at io.undertow.servlet@2.3.13.Final//io.undertow.servlet.core.ContextClassLoaderSetupAction$1.call(ContextClassLoaderSetupAction.java:43)
	at org.wildfly.extension.undertow@32.0.1.Final//org.wildfly.extension.undertow.deployment.UndertowDeploymentInfoService$UndertowThreadSetupAction.lambda$create$0(UndertowDeploymentInfoService.java:1421)
	at org.wildfly.extension.undertow@32.0.1.Final//org.wildfly.extension.undertow.deployment.UndertowDeploymentInfoService$UndertowThreadSetupAction.lambda$create$0(UndertowDeploymentInfoService.java:1421)
	at org.wildfly.extension.undertow@32.0.1.Final//org.wildfly.extension.undertow.deployment.UndertowDeploymentInfoService$UndertowThreadSetupAction.lambda$create$0(UndertowDeploymentInfoService.java:1421)
	at org.wildfly.extension.undertow@32.0.1.Final//org.wildfly.extension.undertow.deployment.UndertowDeploymentInfoService$UndertowThreadSetupAction.lambda$create$0(UndertowDeploymentInfoService.java:1421)
	at org.wildfly.extension.undertow@32.0.1.Final//org.wildfly.extension.undertow.deployment.UndertowDeploymentInfoService$UndertowThreadSetupAction.lambda$create$0(UndertowDeploymentInfoService.java:1421)
	at io.undertow.servlet@2.3.13.Final//io.undertow.servlet.handlers.ServletInitialHandler.dispatchRequest(ServletInitialHandler.java:256)
	at io.undertow.servlet@2.3.13.Final//io.undertow.servlet.handlers.ServletInitialHandler$1.handleRequest(ServletInitialHandler.java:101)
	at io.undertow.core@2.3.13.Final//io.undertow.server.Connectors.executeRootHandler(Connectors.java:393)
	at io.undertow.core@2.3.13.Final//io.undertow.server.HttpServerExchange$1.run(HttpServerExchange.java:859)
	at org.jboss.threads@2.4.0.Final//org.jboss.threads.ContextClassLoaderSavingRunnable.run(ContextClassLoaderSavingRunnable.java:35)
	at org.jboss.threads@2.4.0.Final//org.jboss.threads.EnhancedQueueExecutor.safeRun(EnhancedQueueExecutor.java:1990)
	at org.jboss.threads@2.4.0.Final//org.jboss.threads.EnhancedQueueExecutor$ThreadBody.doRunTask(EnhancedQueueExecutor.java:1486)
	at org.jboss.threads@2.4.0.Final//org.jboss.threads.EnhancedQueueExecutor$ThreadBody.run(EnhancedQueueExecutor.java:1377)
	at org.jboss.xnio@3.8.15.Final//org.xnio.XnioWorker$WorkerThreadFactory$1$1.run(XnioWorker.java:1282)
	at java.base/java.lang.Thread.run(Thread.java:1570)
Caused by: java.lang.NullPointerException: Cannot invoke "com.mnl.bsum.bsuportal.entities.Users.getDefaultRole()" because "user" is null
	at org.apache.jsp.studentdashboard_jsp._jspService(studentdashboard_jsp.java:265)
	at io.undertow.jsp@2.2.7.Final//org.apache.jasper.runtime.HttpJspBase.service(HttpJspBase.java:70)
	at jakarta.servlet.api@6.0.0//jakarta.servlet.http.HttpServlet.service(HttpServlet.java:614)
	at io.undertow.jsp@2.2.7.Final//org.apache.jasper.servlet.JspServletWrapper.service(JspServletWrapper.java:422)
	... 79 more

2025-05-06 02:07:31,633 ERROR [io.undertow.request] (default task-3) UT005023: Exception handling request to /stdhostelapplications.jsp: org.apache.jasper.JasperException: java.lang.NullPointerException: Cannot invoke "com.mnl.bsum.bsuportal.entities.Users.getDefaultRole()" because "user" is null
	at io.undertow.jsp@2.2.7.Final//org.apache.jasper.servlet.JspServletWrapper.service(JspServletWrapper.java:461)
	at io.undertow.jsp@2.2.7.Final//org.apache.jasper.servlet.JspServlet.serviceJspFile(JspServlet.java:403)
	at io.undertow.jsp@2.2.7.Final//org.apache.jasper.servlet.JspServlet.service(JspServlet.java:347)
	at jakarta.servlet.api@6.0.0//jakarta.servlet.http.HttpServlet.service(HttpServlet.java:614)
	at io.undertow.servlet@2.3.13.Final//io.undertow.servlet.handlers.ServletHandler.handleRequest(ServletHandler.java:74)
	at io.undertow.servlet@2.3.13.Final//io.undertow.servlet.handlers.FilterHandler$FilterChainImpl.doFilter(FilterHandler.java:129)
	at deployment.BsuPortal-1.0-SNAPSHOT.war//org.tuckey.web.filters.urlrewrite.RuleChain.handleRewrite(RuleChain.java:176)
	at deployment.BsuPortal-1.0-SNAPSHOT.war//org.tuckey.web.filters.urlrewrite.RuleChain.doRules(RuleChain.java:145)
	at deployment.BsuPortal-1.0-SNAPSHOT.war//org.tuckey.web.filters.urlrewrite.UrlRewriter.processRequest(UrlRewriter.java:92)
	at deployment.BsuPortal-1.0-SNAPSHOT.war//org.tuckey.web.filters.urlrewrite.UrlRewriteFilter.doFilter(UrlRewriteFilter.java:405)
	at io.undertow.servlet@2.3.13.Final//io.undertow.servlet.core.ManagedFilter.doFilter(ManagedFilter.java:67)
	at io.undertow.servlet@2.3.13.Final//io.undertow.servlet.handlers.FilterHandler$FilterChainImpl.doFilter(FilterHandler.java:131)
	at io.undertow.servlet@2.3.13.Final//io.undertow.servlet.handlers.FilterHandler.handleRequest(FilterHandler.java:84)
	at io.undertow.servlet@2.3.13.Final//io.undertow.servlet.handlers.security.ServletSecurityRoleHandler.handleRequest(ServletSecurityRoleHandler.java:62)
	at io.undertow.jsp@2.2.7.Final//io.undertow.jsp.JspFileHandler.handleRequest(JspFileHandler.java:32)
	at io.undertow.servlet@2.3.13.Final//io.undertow.servlet.handlers.ServletChain$1.handleRequest(ServletChain.java:68)
	at io.undertow.servlet@2.3.13.Final//io.undertow.servlet.handlers.ServletDispatchingHandler.handleRequest(ServletDispatchingHandler.java:36)
	at org.wildfly.security.elytron-web.undertow-server@4.1.0.Final//org.wildfly.elytron.web.undertow.server.ElytronRunAsHandler.lambda$handleRequest$1(ElytronRunAsHandler.java:68)
	at org.wildfly.security.elytron-base@2.4.2.Final//org.wildfly.security.auth.server.FlexibleIdentityAssociation.runAsFunctionEx(FlexibleIdentityAssociation.java:103)
	at org.wildfly.security.elytron-base@2.4.2.Final//org.wildfly.security.auth.server.Scoped.runAsFunctionEx(Scoped.java:161)
	at org.wildfly.security.elytron-base@2.4.2.Final//org.wildfly.security.auth.server.Scoped.runAs(Scoped.java:73)
	at org.wildfly.security.elytron-web.undertow-server@4.1.0.Final//org.wildfly.elytron.web.undertow.server.ElytronRunAsHandler.handleRequest(ElytronRunAsHandler.java:67)
	at io.undertow.servlet@2.3.13.Final//io.undertow.servlet.handlers.RedirectDirHandler.handleRequest(RedirectDirHandler.java:68)
	at io.undertow.core@2.3.13.Final//io.undertow.server.handlers.PredicateHandler.handleRequest(PredicateHandler.java:43)
	at io.undertow.core@2.3.13.Final//io.undertow.server.handlers.PredicateHandler.handleRequest(PredicateHandler.java:43)
	at io.undertow.servlet@2.3.13.Final//io.undertow.servlet.handlers.ServletInitialHandler.dispatchRequest(ServletInitialHandler.java:258)
	at io.undertow.servlet@2.3.13.Final//io.undertow.servlet.handlers.ServletInitialHandler.dispatchToPath(ServletInitialHandler.java:183)
	at io.undertow.servlet@2.3.13.Final//io.undertow.servlet.spec.RequestDispatcherImpl.forwardImpl(RequestDispatcherImpl.java:188)
	at io.undertow.servlet@2.3.13.Final//io.undertow.servlet.spec.RequestDispatcherImpl.forwardImplSetup(RequestDispatcherImpl.java:136)
	at io.undertow.servlet@2.3.13.Final//io.undertow.servlet.spec.RequestDispatcherImpl.forward(RequestDispatcherImpl.java:99)
	at deployment.BsuPortal-1.0-SNAPSHOT.war//org.tuckey.web.filters.urlrewrite.NormalRewrittenUrl.doRewrite(NormalRewrittenUrl.java:233)
	at deployment.BsuPortal-1.0-SNAPSHOT.war//org.tuckey.web.filters.urlrewrite.RuleChain.handleRewrite(RuleChain.java:171)
	at deployment.BsuPortal-1.0-SNAPSHOT.war//org.tuckey.web.filters.urlrewrite.RuleChain.doRules(RuleChain.java:145)
	at deployment.BsuPortal-1.0-SNAPSHOT.war//org.tuckey.web.filters.urlrewrite.UrlRewriter.processRequest(UrlRewriter.java:92)
	at deployment.BsuPortal-1.0-SNAPSHOT.war//org.tuckey.web.filters.urlrewrite.UrlRewriteFilter.doFilter(UrlRewriteFilter.java:405)
	at io.undertow.servlet@2.3.13.Final//io.undertow.servlet.core.ManagedFilter.doFilter(ManagedFilter.java:67)
	at io.undertow.servlet@2.3.13.Final//io.undertow.servlet.handlers.FilterHandler$FilterChainImpl.doFilter(FilterHandler.java:131)
	at io.undertow.servlet@2.3.13.Final//io.undertow.servlet.handlers.FilterHandler.handleRequest(FilterHandler.java:84)
	at io.undertow.servlet@2.3.13.Final//io.undertow.servlet.handlers.security.ServletSecurityRoleHandler.handleRequest(ServletSecurityRoleHandler.java:62)
	at io.undertow.servlet@2.3.13.Final//io.undertow.servlet.handlers.ServletChain$1.handleRequest(ServletChain.java:68)
	at io.undertow.servlet@2.3.13.Final//io.undertow.servlet.handlers.ServletDispatchingHandler.handleRequest(ServletDispatchingHandler.java:36)
	at org.wildfly.security.elytron-web.undertow-server@4.1.0.Final//org.wildfly.elytron.web.undertow.server.ElytronRunAsHandler.lambda$handleRequest$1(ElytronRunAsHandler.java:68)
	at org.wildfly.security.elytron-base@2.4.2.Final//org.wildfly.security.auth.server.FlexibleIdentityAssociation.runAsFunctionEx(FlexibleIdentityAssociation.java:103)
	at org.wildfly.security.elytron-base@2.4.2.Final//org.wildfly.security.auth.server.Scoped.runAsFunctionEx(Scoped.java:161)
	at org.wildfly.security.elytron-base@2.4.2.Final//org.wildfly.security.auth.server.Scoped.runAs(Scoped.java:73)
	at org.wildfly.security.elytron-web.undertow-server@4.1.0.Final//org.wildfly.elytron.web.undertow.server.ElytronRunAsHandler.handleRequest(ElytronRunAsHandler.java:67)
	at io.undertow.servlet@2.3.13.Final//io.undertow.servlet.handlers.RedirectDirHandler.handleRequest(RedirectDirHandler.java:68)
	at io.undertow.servlet@2.3.13.Final//io.undertow.servlet.handlers.security.SSLInformationAssociationHandler.handleRequest(SSLInformationAssociationHandler.java:117)
	at io.undertow.servlet@2.3.13.Final//io.undertow.servlet.handlers.security.ServletAuthenticationCallHandler.handleRequest(ServletAuthenticationCallHandler.java:57)
	at io.undertow.core@2.3.13.Final//io.undertow.server.handlers.PredicateHandler.handleRequest(PredicateHandler.java:43)
	at io.undertow.core@2.3.13.Final//io.undertow.security.handlers.AbstractConfidentialityHandler.handleRequest(AbstractConfidentialityHandler.java:46)
	at io.undertow.servlet@2.3.13.Final//io.undertow.servlet.handlers.security.ServletConfidentialityConstraintHandler.handleRequest(ServletConfidentialityConstraintHandler.java:64)
	at io.undertow.core@2.3.13.Final//io.undertow.security.handlers.AbstractSecurityContextAssociationHandler.handleRequest(AbstractSecurityContextAssociationHandler.java:43)
	at org.wildfly.security.elytron-web.undertow-server-servlet@4.1.0.Final//org.wildfly.elytron.web.undertow.server.servlet.CleanUpHandler.handleRequest(CleanUpHandler.java:38)
	at io.undertow.core@2.3.13.Final//io.undertow.server.handlers.PredicateHandler.handleRequest(PredicateHandler.java:43)
	at org.wildfly.extension.undertow@32.0.1.Final//org.wildfly.extension.undertow.security.jacc.JACCContextIdHandler.handleRequest(JACCContextIdHandler.java:44)
	at io.undertow.core@2.3.13.Final//io.undertow.server.handlers.PredicateHandler.handleRequest(PredicateHandler.java:43)
	at org.wildfly.extension.undertow@32.0.1.Final//org.wildfly.extension.undertow.deployment.GlobalRequestControllerHandler.handleRequest(GlobalRequestControllerHandler.java:51)
	at io.undertow.servlet@2.3.13.Final//io.undertow.servlet.handlers.SendErrorPageHandler.handleRequest(SendErrorPageHandler.java:52)
	at io.undertow.core@2.3.13.Final//io.undertow.server.handlers.PredicateHandler.handleRequest(PredicateHandler.java:43)
	at io.undertow.servlet@2.3.13.Final//io.undertow.servlet.handlers.ServletInitialHandler.handleFirstRequest(ServletInitialHandler.java:276)
	at io.undertow.servlet@2.3.13.Final//io.undertow.servlet.handlers.ServletInitialHandler$2.call(ServletInitialHandler.java:135)
	at io.undertow.servlet@2.3.13.Final//io.undertow.servlet.handlers.ServletInitialHandler$2.call(ServletInitialHandler.java:132)
	at io.undertow.servlet@2.3.13.Final//io.undertow.servlet.core.ServletRequestContextThreadSetupAction$1.call(ServletRequestContextThreadSetupAction.java:48)
	at io.undertow.servlet@2.3.13.Final//io.undertow.servlet.core.ContextClassLoaderSetupAction$1.call(ContextClassLoaderSetupAction.java:43)
	at org.wildfly.extension.undertow@32.0.1.Final//org.wildfly.extension.undertow.deployment.UndertowDeploymentInfoService$UndertowThreadSetupAction.lambda$create$0(UndertowDeploymentInfoService.java:1421)
	at org.wildfly.extension.undertow@32.0.1.Final//org.wildfly.extension.undertow.deployment.UndertowDeploymentInfoService$UndertowThreadSetupAction.lambda$create$0(UndertowDeploymentInfoService.java:1421)
	at org.wildfly.extension.undertow@32.0.1.Final//org.wildfly.extension.undertow.deployment.UndertowDeploymentInfoService$UndertowThreadSetupAction.lambda$create$0(UndertowDeploymentInfoService.java:1421)
	at org.wildfly.extension.undertow@32.0.1.Final//org.wildfly.extension.undertow.deployment.UndertowDeploymentInfoService$UndertowThreadSetupAction.lambda$create$0(UndertowDeploymentInfoService.java:1421)
	at org.wildfly.extension.undertow@32.0.1.Final//org.wildfly.extension.undertow.deployment.UndertowDeploymentInfoService$UndertowThreadSetupAction.lambda$create$0(UndertowDeploymentInfoService.java:1421)
	at io.undertow.servlet@2.3.13.Final//io.undertow.servlet.handlers.ServletInitialHandler.dispatchRequest(ServletInitialHandler.java:256)
	at io.undertow.servlet@2.3.13.Final//io.undertow.servlet.handlers.ServletInitialHandler$1.handleRequest(ServletInitialHandler.java:101)
	at io.undertow.core@2.3.13.Final//io.undertow.server.Connectors.executeRootHandler(Connectors.java:393)
	at io.undertow.core@2.3.13.Final//io.undertow.server.HttpServerExchange$1.run(HttpServerExchange.java:859)
	at org.jboss.threads@2.4.0.Final//org.jboss.threads.ContextClassLoaderSavingRunnable.run(ContextClassLoaderSavingRunnable.java:35)
	at org.jboss.threads@2.4.0.Final//org.jboss.threads.EnhancedQueueExecutor.safeRun(EnhancedQueueExecutor.java:1990)
	at org.jboss.threads@2.4.0.Final//org.jboss.threads.EnhancedQueueExecutor$ThreadBody.doRunTask(EnhancedQueueExecutor.java:1486)
	at org.jboss.threads@2.4.0.Final//org.jboss.threads.EnhancedQueueExecutor$ThreadBody.run(EnhancedQueueExecutor.java:1377)
	at org.jboss.xnio@3.8.15.Final//org.xnio.XnioWorker$WorkerThreadFactory$1$1.run(XnioWorker.java:1282)
	at java.base/java.lang.Thread.run(Thread.java:1570)
Caused by: java.lang.NullPointerException: Cannot invoke "com.mnl.bsum.bsuportal.entities.Users.getDefaultRole()" because "user" is null
	at org.apache.jsp.stdhostelapplications_jsp._jspService(stdhostelapplications_jsp.java:503)
	at io.undertow.jsp@2.2.7.Final//org.apache.jasper.runtime.HttpJspBase.service(HttpJspBase.java:70)
	at jakarta.servlet.api@6.0.0//jakarta.servlet.http.HttpServlet.service(HttpServlet.java:614)
	at io.undertow.jsp@2.2.7.Final//org.apache.jasper.servlet.JspServletWrapper.service(JspServletWrapper.java:422)
	... 79 more

2025-05-06 02:07:57,570 ERROR [stderr] (default task-6) jakarta.persistence.NoResultException: No result found for query [SELECT u FROM Users u WHERE u.username = :username OR u.email = :email]
2025-05-06 02:07:57,571 ERROR [stderr] (default task-6) 	at org.hibernate@6.4.4.Final//org.hibernate.query.spi.AbstractSelectionQuery.getSingleResult(AbstractSelectionQuery.java:567)
2025-05-06 02:07:57,571 ERROR [stderr] (default task-6) 	at org.jboss.as.jpa@32.0.1.Final//org.jboss.as.jpa.container.QueryNonTxInvocationDetacher.getSingleResult(QueryNonTxInvocationDetacher.java:52)
2025-05-06 02:07:57,571 ERROR [stderr] (default task-6) 	at deployment.BsuPortal-1.0-SNAPSHOT.war//com.mnl.bsum.bsuportal.sessions.MainSession.login(MainSession.java:775)
2025-05-06 02:07:57,571 ERROR [stderr] (default task-6) 	at java.base/jdk.internal.reflect.DirectMethodHandleAccessor.invoke(DirectMethodHandleAccessor.java:103)
2025-05-06 02:07:57,571 ERROR [stderr] (default task-6) 	at java.base/java.lang.reflect.Method.invoke(Method.java:580)
2025-05-06 02:07:57,571 ERROR [stderr] (default task-6) 	at org.jboss.as.ee@32.0.1.Final//org.jboss.as.ee.component.ManagedReferenceMethodInterceptor.processInvocation(ManagedReferenceMethodInterceptor.java:35)
2025-05-06 02:07:57,571 ERROR [stderr] (default task-6) 	at org.jboss.invocation@2.0.1.Final//org.jboss.invocation.InterceptorContext.proceed(InterceptorContext.java:422)
2025-05-06 02:07:57,571 ERROR [stderr] (default task-6) 	at org.jboss.invocation@2.0.1.Final//org.jboss.invocation.InterceptorContext$Invocation.proceed(InterceptorContext.java:509)
2025-05-06 02:07:57,571 ERROR [stderr] (default task-6) 	at org.jboss.as.weld.common@32.0.1.Final//org.jboss.as.weld.interceptors.Jsr299BindingsInterceptor.delegateInterception(Jsr299BindingsInterceptor.java:62)
2025-05-06 02:07:57,571 ERROR [stderr] (default task-6) 	at org.jboss.as.weld.common@32.0.1.Final//org.jboss.as.weld.interceptors.Jsr299BindingsInterceptor.doMethodInterception(Jsr299BindingsInterceptor.java:72)
2025-05-06 02:07:57,571 ERROR [stderr] (default task-6) 	at org.jboss.as.weld.common@32.0.1.Final//org.jboss.as.weld.interceptors.Jsr299BindingsInterceptor.processInvocation(Jsr299BindingsInterceptor.java:85)
2025-05-06 02:07:57,571 ERROR [stderr] (default task-6) 	at org.jboss.as.ee@32.0.1.Final//org.jboss.as.ee.component.interceptors.UserInterceptorFactory$1.processInvocation(UserInterceptorFactory.java:46)
2025-05-06 02:07:57,571 ERROR [stderr] (default task-6) 	at org.jboss.invocation@2.0.1.Final//org.jboss.invocation.InterceptorContext.proceed(InterceptorContext.java:422)
2025-05-06 02:07:57,571 ERROR [stderr] (default task-6) 	at org.jboss.as.ejb3@32.0.1.Final//org.jboss.as.ejb3.component.invocationmetrics.ExecutionTimeInterceptor.processInvocation(ExecutionTimeInterceptor.java:26)
2025-05-06 02:07:57,571 ERROR [stderr] (default task-6) 	at org.jboss.invocation@2.0.1.Final//org.jboss.invocation.InterceptorContext.proceed(InterceptorContext.java:422)
2025-05-06 02:07:57,571 ERROR [stderr] (default task-6) 	at org.jboss.as.jpa@32.0.1.Final//org.jboss.as.jpa.interceptor.SBInvocationInterceptor.processInvocation(SBInvocationInterceptor.java:30)
2025-05-06 02:07:57,571 ERROR [stderr] (default task-6) 	at org.jboss.invocation@2.0.1.Final//org.jboss.invocation.InterceptorContext.proceed(InterceptorContext.java:422)
2025-05-06 02:07:57,571 ERROR [stderr] (default task-6) 	at org.jboss.as.ejb3@32.0.1.Final//org.jboss.as.ejb3.tx.EjbBMTInterceptor.handleInvocation(EjbBMTInterceptor.java:86)
2025-05-06 02:07:57,571 ERROR [stderr] (default task-6) 	at org.jboss.as.ejb3@32.0.1.Final//org.jboss.as.ejb3.tx.BMTInterceptor.processInvocation(BMTInterceptor.java:40)
2025-05-06 02:07:57,571 ERROR [stderr] (default task-6) 	at org.jboss.invocation@2.0.1.Final//org.jboss.invocation.InterceptorContext.proceed(InterceptorContext.java:422)
2025-05-06 02:07:57,571 ERROR [stderr] (default task-6) 	at org.jboss.as.ee@32.0.1.Final//org.jboss.as.ee.concurrent.ConcurrentContextInterceptor.processInvocation(ConcurrentContextInterceptor.java:28)
2025-05-06 02:07:57,571 ERROR [stderr] (default task-6) 	at org.jboss.invocation@2.0.1.Final//org.jboss.invocation.InterceptorContext.proceed(InterceptorContext.java:422)
2025-05-06 02:07:57,571 ERROR [stderr] (default task-6) 	at org.jboss.invocation@2.0.1.Final//org.jboss.invocation.InitialInterceptor.processInvocation(InitialInterceptor.java:40)
2025-05-06 02:07:57,572 ERROR [stderr] (default task-6) 	at org.jboss.invocation@2.0.1.Final//org.jboss.invocation.InterceptorContext.proceed(InterceptorContext.java:422)
2025-05-06 02:07:57,572 ERROR [stderr] (default task-6) 	at org.jboss.invocation@2.0.1.Final//org.jboss.invocation.ChainedInterceptor.processInvocation(ChainedInterceptor.java:53)
2025-05-06 02:07:57,572 ERROR [stderr] (default task-6) 	at org.jboss.as.ee@32.0.1.Final//org.jboss.as.ee.component.interceptors.ComponentDispatcherInterceptor.processInvocation(ComponentDispatcherInterceptor.java:35)
2025-05-06 02:07:57,572 ERROR [stderr] (default task-6) 	at org.jboss.invocation@2.0.1.Final//org.jboss.invocation.InterceptorContext.proceed(InterceptorContext.java:422)
2025-05-06 02:07:57,572 ERROR [stderr] (default task-6) 	at org.jboss.as.ejb3@32.0.1.Final//org.jboss.as.ejb3.component.pool.PooledInstanceInterceptor.processInvocation(PooledInstanceInterceptor.java:34)
2025-05-06 02:07:57,572 ERROR [stderr] (default task-6) 	at org.jboss.invocation@2.0.1.Final//org.jboss.invocation.InterceptorContext.proceed(InterceptorContext.java:422)
2025-05-06 02:07:57,572 ERROR [stderr] (default task-6) 	at org.jboss.as.ejb3@32.0.1.Final//org.jboss.as.ejb3.component.interceptors.AdditionalSetupInterceptor.processInvocation(AdditionalSetupInterceptor.java:39)
2025-05-06 02:07:57,572 ERROR [stderr] (default task-6) 	at org.jboss.invocation@2.0.1.Final//org.jboss.invocation.InterceptorContext.proceed(InterceptorContext.java:422)
2025-05-06 02:07:57,572 ERROR [stderr] (default task-6) 	at org.jboss.invocation@2.0.1.Final//org.jboss.invocation.InterceptorContext$Invocation.proceed(InterceptorContext.java:509)
2025-05-06 02:07:57,572 ERROR [stderr] (default task-6) 	at org.jboss.weld.core@5.1.2.Final//org.jboss.weld.module.ejb.AbstractEJBRequestScopeActivationInterceptor.aroundInvoke(AbstractEJBRequestScopeActivationInterceptor.java:78)
2025-05-06 02:07:57,572 ERROR [stderr] (default task-6) 	at org.jboss.as.weld.common@32.0.1.Final//org.jboss.as.weld.ejb.EjbRequestScopeActivationInterceptor.processInvocation(EjbRequestScopeActivationInterceptor.java:72)
2025-05-06 02:07:57,572 ERROR [stderr] (default task-6) 	at org.jboss.invocation@2.0.1.Final//org.jboss.invocation.InterceptorContext.proceed(InterceptorContext.java:422)
2025-05-06 02:07:57,572 ERROR [stderr] (default task-6) 	at org.jboss.as.ejb3@32.0.1.Final//org.jboss.as.ejb3.component.interceptors.CurrentInvocationContextInterceptor.processInvocation(CurrentInvocationContextInterceptor.java:24)
2025-05-06 02:07:57,572 ERROR [stderr] (default task-6) 	at org.jboss.invocation@2.0.1.Final//org.jboss.invocation.InterceptorContext.proceed(InterceptorContext.java:422)
2025-05-06 02:07:57,572 ERROR [stderr] (default task-6) 	at org.jboss.as.ejb3@32.0.1.Final//org.jboss.as.ejb3.component.invocationmetrics.WaitTimeInterceptor.processInvocation(WaitTimeInterceptor.java:30)
2025-05-06 02:07:57,572 ERROR [stderr] (default task-6) 	at org.jboss.invocation@2.0.1.Final//org.jboss.invocation.InterceptorContext.proceed(InterceptorContext.java:422)
2025-05-06 02:07:57,572 ERROR [stderr] (default task-6) 	at org.jboss.as.ejb3@32.0.1.Final//org.jboss.as.ejb3.security.IdentityOutflowInterceptor.processInvocation(IdentityOutflowInterceptor.java:56)
2025-05-06 02:07:57,572 ERROR [stderr] (default task-6) 	at org.jboss.invocation@2.0.1.Final//org.jboss.invocation.InterceptorContext.proceed(InterceptorContext.java:422)
2025-05-06 02:07:57,572 ERROR [stderr] (default task-6) 	at org.jboss.as.ejb3@32.0.1.Final//org.jboss.as.ejb3.security.SecurityDomainInterceptor.processInvocation(SecurityDomainInterceptor.java:27)
2025-05-06 02:07:57,572 ERROR [stderr] (default task-6) 	at org.jboss.invocation@2.0.1.Final//org.jboss.invocation.InterceptorContext.proceed(InterceptorContext.java:422)
2025-05-06 02:07:57,572 ERROR [stderr] (default task-6) 	at org.jboss.as.ejb3@32.0.1.Final//org.jboss.as.ejb3.deployment.processors.StartupAwaitInterceptor.processInvocation(StartupAwaitInterceptor.java:27)
2025-05-06 02:07:57,572 ERROR [stderr] (default task-6) 	at org.jboss.invocation@2.0.1.Final//org.jboss.invocation.InterceptorContext.proceed(InterceptorContext.java:422)
2025-05-06 02:07:57,572 ERROR [stderr] (default task-6) 	at org.jboss.as.ejb3@32.0.1.Final//org.jboss.as.ejb3.component.interceptors.ShutDownInterceptorFactory$1.processInvocation(ShutDownInterceptorFactory.java:47)
2025-05-06 02:07:57,572 ERROR [stderr] (default task-6) 	at org.jboss.invocation@2.0.1.Final//org.jboss.invocation.InterceptorContext.proceed(InterceptorContext.java:422)
2025-05-06 02:07:57,572 ERROR [stderr] (default task-6) 	at org.jboss.as.ejb3@32.0.1.Final//org.jboss.as.ejb3.component.interceptors.LoggingInterceptor.processInvocation(LoggingInterceptor.java:50)
2025-05-06 02:07:57,572 ERROR [stderr] (default task-6) 	at org.jboss.invocation@2.0.1.Final//org.jboss.invocation.InterceptorContext.proceed(InterceptorContext.java:422)
2025-05-06 02:07:57,572 ERROR [stderr] (default task-6) 	at org.jboss.as.ee@32.0.1.Final//org.jboss.as.ee.component.NamespaceContextInterceptor.processInvocation(NamespaceContextInterceptor.java:33)
2025-05-06 02:07:57,572 ERROR [stderr] (default task-6) 	at org.jboss.invocation@2.0.1.Final//org.jboss.invocation.InterceptorContext.proceed(InterceptorContext.java:422)
2025-05-06 02:07:57,572 ERROR [stderr] (default task-6) 	at org.jboss.invocation@2.0.1.Final//org.jboss.invocation.ContextClassLoaderInterceptor.processInvocation(ContextClassLoaderInterceptor.java:60)
2025-05-06 02:07:57,572 ERROR [stderr] (default task-6) 	at org.jboss.invocation@2.0.1.Final//org.jboss.invocation.InterceptorContext.proceed(InterceptorContext.java:422)
2025-05-06 02:07:57,572 ERROR [stderr] (default task-6) 	at org.jboss.invocation@2.0.1.Final//org.jboss.invocation.InterceptorContext.run(InterceptorContext.java:438)
2025-05-06 02:07:57,573 ERROR [stderr] (default task-6) 	at org.wildfly.security.elytron-base@2.4.2.Final//org.wildfly.security.manager.WildFlySecurityManager.doChecked(WildFlySecurityManager.java:633)
2025-05-06 02:07:57,573 ERROR [stderr] (default task-6) 	at org.jboss.invocation@2.0.1.Final//org.jboss.invocation.AccessCheckingInterceptor.processInvocation(AccessCheckingInterceptor.java:57)
2025-05-06 02:07:57,573 ERROR [stderr] (default task-6) 	at org.jboss.invocation@2.0.1.Final//org.jboss.invocation.InterceptorContext.proceed(InterceptorContext.java:422)
2025-05-06 02:07:57,573 ERROR [stderr] (default task-6) 	at org.jboss.invocation@2.0.1.Final//org.jboss.invocation.ChainedInterceptor.processInvocation(ChainedInterceptor.java:53)
2025-05-06 02:07:57,573 ERROR [stderr] (default task-6) 	at org.jboss.as.ee@32.0.1.Final//org.jboss.as.ee.component.ViewService$View.invoke(ViewService.java:181)
2025-05-06 02:07:57,573 ERROR [stderr] (default task-6) 	at org.jboss.as.ee@32.0.1.Final//org.jboss.as.ee.component.ViewDescription$1.processInvocation(ViewDescription.java:174)
2025-05-06 02:07:57,573 ERROR [stderr] (default task-6) 	at org.jboss.invocation@2.0.1.Final//org.jboss.invocation.InterceptorContext.proceed(InterceptorContext.java:422)
2025-05-06 02:07:57,573 ERROR [stderr] (default task-6) 	at org.jboss.as.ejb3@32.0.1.Final//org.jboss.as.ejb3.security.IdentityInterceptor.lambda$processInvocation$0(IdentityInterceptor.java:30)
2025-05-06 02:07:57,573 ERROR [stderr] (default task-6) 	at org.wildfly.security.elytron-base@2.4.2.Final//org.wildfly.security.auth.server.SecurityIdentity.runAsFunctionEx(SecurityIdentity.java:421)
2025-05-06 02:07:57,573 ERROR [stderr] (default task-6) 	at org.wildfly.security.elytron-base@2.4.2.Final//org.wildfly.security.auth.server.Scoped.runAsFunctionEx(Scoped.java:161)
2025-05-06 02:07:57,573 ERROR [stderr] (default task-6) 	at org.wildfly.security.elytron-base@2.4.2.Final//org.wildfly.security.auth.server.Scoped.runAsSupplierEx(Scoped.java:229)
2025-05-06 02:07:57,573 ERROR [stderr] (default task-6) 	at org.jboss.as.ejb3@32.0.1.Final//org.jboss.as.ejb3.security.IdentityInterceptor.processInvocation(IdentityInterceptor.java:30)
2025-05-06 02:07:57,573 ERROR [stderr] (default task-6) 	at org.jboss.invocation@2.0.1.Final//org.jboss.invocation.InterceptorContext.proceed(InterceptorContext.java:422)
2025-05-06 02:07:57,573 ERROR [stderr] (default task-6) 	at org.jboss.invocation@2.0.1.Final//org.jboss.invocation.ChainedInterceptor.processInvocation(ChainedInterceptor.java:53)
2025-05-06 02:07:57,573 ERROR [stderr] (default task-6) 	at org.jboss.as.ee@32.0.1.Final//org.jboss.as.ee.component.ProxyInvocationHandler.invoke(ProxyInvocationHandler.java:64)
2025-05-06 02:07:57,573 ERROR [stderr] (default task-6) 	at deployment.BsuPortal-1.0-SNAPSHOT.war//com.mnl.bsum.bsuportal.sessions.MainSession$$$view2.login(Unknown Source)
2025-05-06 02:07:57,573 ERROR [stderr] (default task-6) 	at org.apache.jsp.index_jsp._jspService(index_jsp.java:325)
2025-05-06 02:07:57,573 ERROR [stderr] (default task-6) 	at io.undertow.jsp@2.2.7.Final//org.apache.jasper.runtime.HttpJspBase.service(HttpJspBase.java:70)
2025-05-06 02:07:57,573 ERROR [stderr] (default task-6) 	at jakarta.servlet.api@6.0.0//jakarta.servlet.http.HttpServlet.service(HttpServlet.java:614)
2025-05-06 02:07:57,573 ERROR [stderr] (default task-6) 	at io.undertow.jsp@2.2.7.Final//org.apache.jasper.servlet.JspServletWrapper.service(JspServletWrapper.java:422)
2025-05-06 02:07:57,573 ERROR [stderr] (default task-6) 	at io.undertow.jsp@2.2.7.Final//org.apache.jasper.servlet.JspServlet.serviceJspFile(JspServlet.java:403)
2025-05-06 02:07:57,573 ERROR [stderr] (default task-6) 	at io.undertow.jsp@2.2.7.Final//org.apache.jasper.servlet.JspServlet.service(JspServlet.java:347)
2025-05-06 02:07:57,573 ERROR [stderr] (default task-6) 	at jakarta.servlet.api@6.0.0//jakarta.servlet.http.HttpServlet.service(HttpServlet.java:614)
2025-05-06 02:07:57,574 ERROR [stderr] (default task-6) 	at io.undertow.servlet@2.3.13.Final//io.undertow.servlet.handlers.ServletHandler.handleRequest(ServletHandler.java:74)
2025-05-06 02:07:57,574 ERROR [stderr] (default task-6) 	at io.undertow.servlet@2.3.13.Final//io.undertow.servlet.handlers.FilterHandler$FilterChainImpl.doFilter(FilterHandler.java:129)
2025-05-06 02:07:57,574 ERROR [stderr] (default task-6) 	at deployment.BsuPortal-1.0-SNAPSHOT.war//org.tuckey.web.filters.urlrewrite.RuleChain.handleRewrite(RuleChain.java:176)
2025-05-06 02:07:57,574 ERROR [stderr] (default task-6) 	at deployment.BsuPortal-1.0-SNAPSHOT.war//org.tuckey.web.filters.urlrewrite.RuleChain.doRules(RuleChain.java:145)
2025-05-06 02:07:57,574 ERROR [stderr] (default task-6) 	at deployment.BsuPortal-1.0-SNAPSHOT.war//org.tuckey.web.filters.urlrewrite.UrlRewriter.processRequest(UrlRewriter.java:92)
2025-05-06 02:07:57,574 ERROR [stderr] (default task-6) 	at deployment.BsuPortal-1.0-SNAPSHOT.war//org.tuckey.web.filters.urlrewrite.UrlRewriteFilter.doFilter(UrlRewriteFilter.java:405)
2025-05-06 02:07:57,574 ERROR [stderr] (default task-6) 	at io.undertow.servlet@2.3.13.Final//io.undertow.servlet.core.ManagedFilter.doFilter(ManagedFilter.java:67)
2025-05-06 02:07:57,574 ERROR [stderr] (default task-6) 	at io.undertow.servlet@2.3.13.Final//io.undertow.servlet.handlers.FilterHandler$FilterChainImpl.doFilter(FilterHandler.java:131)
2025-05-06 02:07:57,574 ERROR [stderr] (default task-6) 	at io.undertow.servlet@2.3.13.Final//io.undertow.servlet.handlers.FilterHandler.handleRequest(FilterHandler.java:84)
2025-05-06 02:07:57,574 ERROR [stderr] (default task-6) 	at io.undertow.servlet@2.3.13.Final//io.undertow.servlet.handlers.security.ServletSecurityRoleHandler.handleRequest(ServletSecurityRoleHandler.java:62)
2025-05-06 02:07:57,574 ERROR [stderr] (default task-6) 	at io.undertow.jsp@2.2.7.Final//io.undertow.jsp.JspFileHandler.handleRequest(JspFileHandler.java:32)
2025-05-06 02:07:57,574 ERROR [stderr] (default task-6) 	at io.undertow.servlet@2.3.13.Final//io.undertow.servlet.handlers.ServletChain$1.handleRequest(ServletChain.java:68)
2025-05-06 02:07:57,574 ERROR [stderr] (default task-6) 	at io.undertow.servlet@2.3.13.Final//io.undertow.servlet.handlers.ServletDispatchingHandler.handleRequest(ServletDispatchingHandler.java:36)
2025-05-06 02:07:57,574 ERROR [stderr] (default task-6) 	at org.wildfly.security.elytron-web.undertow-server@4.1.0.Final//org.wildfly.elytron.web.undertow.server.ElytronRunAsHandler.lambda$handleRequest$1(ElytronRunAsHandler.java:68)
2025-05-06 02:07:57,574 ERROR [stderr] (default task-6) 	at org.wildfly.security.elytron-base@2.4.2.Final//org.wildfly.security.auth.server.FlexibleIdentityAssociation.runAsFunctionEx(FlexibleIdentityAssociation.java:103)
2025-05-06 02:07:57,574 ERROR [stderr] (default task-6) 	at org.wildfly.security.elytron-base@2.4.2.Final//org.wildfly.security.auth.server.Scoped.runAsFunctionEx(Scoped.java:161)
2025-05-06 02:07:57,574 ERROR [stderr] (default task-6) 	at org.wildfly.security.elytron-base@2.4.2.Final//org.wildfly.security.auth.server.Scoped.runAs(Scoped.java:73)
2025-05-06 02:07:57,574 ERROR [stderr] (default task-6) 	at org.wildfly.security.elytron-web.undertow-server@4.1.0.Final//org.wildfly.elytron.web.undertow.server.ElytronRunAsHandler.handleRequest(ElytronRunAsHandler.java:67)
2025-05-06 02:07:57,574 ERROR [stderr] (default task-6) 	at io.undertow.servlet@2.3.13.Final//io.undertow.servlet.handlers.RedirectDirHandler.handleRequest(RedirectDirHandler.java:68)
2025-05-06 02:07:57,574 ERROR [stderr] (default task-6) 	at io.undertow.servlet@2.3.13.Final//io.undertow.servlet.handlers.security.SSLInformationAssociationHandler.handleRequest(SSLInformationAssociationHandler.java:117)
2025-05-06 02:07:57,575 ERROR [stderr] (default task-6) 	at io.undertow.servlet@2.3.13.Final//io.undertow.servlet.handlers.security.ServletAuthenticationCallHandler.handleRequest(ServletAuthenticationCallHandler.java:57)
2025-05-06 02:07:57,575 ERROR [stderr] (default task-6) 	at io.undertow.core@2.3.13.Final//io.undertow.server.handlers.PredicateHandler.handleRequest(PredicateHandler.java:43)
2025-05-06 02:07:57,575 ERROR [stderr] (default task-6) 	at io.undertow.core@2.3.13.Final//io.undertow.security.handlers.AbstractConfidentialityHandler.handleRequest(AbstractConfidentialityHandler.java:46)
2025-05-06 02:07:57,575 ERROR [stderr] (default task-6) 	at io.undertow.servlet@2.3.13.Final//io.undertow.servlet.handlers.security.ServletConfidentialityConstraintHandler.handleRequest(ServletConfidentialityConstraintHandler.java:64)
2025-05-06 02:07:57,575 ERROR [stderr] (default task-6) 	at io.undertow.core@2.3.13.Final//io.undertow.security.handlers.AbstractSecurityContextAssociationHandler.handleRequest(AbstractSecurityContextAssociationHandler.java:43)
2025-05-06 02:07:57,575 ERROR [stderr] (default task-6) 	at org.wildfly.security.elytron-web.undertow-server-servlet@4.1.0.Final//org.wildfly.elytron.web.undertow.server.servlet.CleanUpHandler.handleRequest(CleanUpHandler.java:38)
2025-05-06 02:07:57,575 ERROR [stderr] (default task-6) 	at io.undertow.core@2.3.13.Final//io.undertow.server.handlers.PredicateHandler.handleRequest(PredicateHandler.java:43)
2025-05-06 02:07:57,575 ERROR [stderr] (default task-6) 	at org.wildfly.extension.undertow@32.0.1.Final//org.wildfly.extension.undertow.security.jacc.JACCContextIdHandler.handleRequest(JACCContextIdHandler.java:44)
2025-05-06 02:07:57,575 ERROR [stderr] (default task-6) 	at io.undertow.core@2.3.13.Final//io.undertow.server.handlers.PredicateHandler.handleRequest(PredicateHandler.java:43)
2025-05-06 02:07:57,575 ERROR [stderr] (default task-6) 	at org.wildfly.extension.undertow@32.0.1.Final//org.wildfly.extension.undertow.deployment.GlobalRequestControllerHandler.handleRequest(GlobalRequestControllerHandler.java:51)
2025-05-06 02:07:57,575 ERROR [stderr] (default task-6) 	at io.undertow.servlet@2.3.13.Final//io.undertow.servlet.handlers.SendErrorPageHandler.handleRequest(SendErrorPageHandler.java:52)
2025-05-06 02:07:57,575 ERROR [stderr] (default task-6) 	at io.undertow.core@2.3.13.Final//io.undertow.server.handlers.PredicateHandler.handleRequest(PredicateHandler.java:43)
2025-05-06 02:07:57,575 ERROR [stderr] (default task-6) 	at io.undertow.servlet@2.3.13.Final//io.undertow.servlet.handlers.ServletInitialHandler.handleFirstRequest(ServletInitialHandler.java:276)
2025-05-06 02:07:57,575 ERROR [stderr] (default task-6) 	at io.undertow.servlet@2.3.13.Final//io.undertow.servlet.handlers.ServletInitialHandler$2.call(ServletInitialHandler.java:135)
2025-05-06 02:07:57,575 ERROR [stderr] (default task-6) 	at io.undertow.servlet@2.3.13.Final//io.undertow.servlet.handlers.ServletInitialHandler$2.call(ServletInitialHandler.java:132)
2025-05-06 02:07:57,575 ERROR [stderr] (default task-6) 	at io.undertow.servlet@2.3.13.Final//io.undertow.servlet.core.ServletRequestContextThreadSetupAction$1.call(ServletRequestContextThreadSetupAction.java:48)
2025-05-06 02:07:57,575 ERROR [stderr] (default task-6) 	at io.undertow.servlet@2.3.13.Final//io.undertow.servlet.core.ContextClassLoaderSetupAction$1.call(ContextClassLoaderSetupAction.java:43)
2025-05-06 02:07:57,575 ERROR [stderr] (default task-6) 	at org.wildfly.extension.undertow@32.0.1.Final//org.wildfly.extension.undertow.deployment.UndertowDeploymentInfoService$UndertowThreadSetupAction.lambda$create$0(UndertowDeploymentInfoService.java:1421)
2025-05-06 02:07:57,575 ERROR [stderr] (default task-6) 	at org.wildfly.extension.undertow@32.0.1.Final//org.wildfly.extension.undertow.deployment.UndertowDeploymentInfoService$UndertowThreadSetupAction.lambda$create$0(UndertowDeploymentInfoService.java:1421)
2025-05-06 02:07:57,575 ERROR [stderr] (default task-6) 	at org.wildfly.extension.undertow@32.0.1.Final//org.wildfly.extension.undertow.deployment.UndertowDeploymentInfoService$UndertowThreadSetupAction.lambda$create$0(UndertowDeploymentInfoService.java:1421)
2025-05-06 02:07:57,575 ERROR [stderr] (default task-6) 	at org.wildfly.extension.undertow@32.0.1.Final//org.wildfly.extension.undertow.deployment.UndertowDeploymentInfoService$UndertowThreadSetupAction.lambda$create$0(UndertowDeploymentInfoService.java:1421)
2025-05-06 02:07:57,575 ERROR [stderr] (default task-6) 	at org.wildfly.extension.undertow@32.0.1.Final//org.wildfly.extension.undertow.deployment.UndertowDeploymentInfoService$UndertowThreadSetupAction.lambda$create$0(UndertowDeploymentInfoService.java:1421)
2025-05-06 02:07:57,575 ERROR [stderr] (default task-6) 	at io.undertow.servlet@2.3.13.Final//io.undertow.servlet.handlers.ServletInitialHandler.dispatchRequest(ServletInitialHandler.java:256)
2025-05-06 02:07:57,576 ERROR [stderr] (default task-6) 	at io.undertow.servlet@2.3.13.Final//io.undertow.servlet.handlers.ServletInitialHandler$1.handleRequest(ServletInitialHandler.java:101)
2025-05-06 02:07:57,576 ERROR [stderr] (default task-6) 	at io.undertow.core@2.3.13.Final//io.undertow.server.Connectors.executeRootHandler(Connectors.java:393)
2025-05-06 02:07:57,576 ERROR [stderr] (default task-6) 	at io.undertow.core@2.3.13.Final//io.undertow.server.HttpServerExchange$1.run(HttpServerExchange.java:859)
2025-05-06 02:07:57,576 ERROR [stderr] (default task-6) 	at org.jboss.threads@2.4.0.Final//org.jboss.threads.ContextClassLoaderSavingRunnable.run(ContextClassLoaderSavingRunnable.java:35)
2025-05-06 02:07:57,576 ERROR [stderr] (default task-6) 	at org.jboss.threads@2.4.0.Final//org.jboss.threads.EnhancedQueueExecutor.safeRun(EnhancedQueueExecutor.java:1990)
2025-05-06 02:07:57,576 ERROR [stderr] (default task-6) 	at org.jboss.threads@2.4.0.Final//org.jboss.threads.EnhancedQueueExecutor$ThreadBody.doRunTask(EnhancedQueueExecutor.java:1486)
2025-05-06 02:07:57,576 ERROR [stderr] (default task-6) 	at org.jboss.threads@2.4.0.Final//org.jboss.threads.EnhancedQueueExecutor$ThreadBody.run(EnhancedQueueExecutor.java:1377)
2025-05-06 02:07:57,576 ERROR [stderr] (default task-6) 	at org.jboss.xnio@3.8.15.Final//org.xnio.XnioWorker$WorkerThreadFactory$1$1.run(XnioWorker.java:1282)
2025-05-06 02:07:57,576 ERROR [stderr] (default task-6) 	at java.base/java.lang.Thread.run(Thread.java:1570)
2025-05-06 02:08:09,450 ERROR [io.undertow.request] (default task-3) UT005023: Exception handling request to /stdmyregistration.jsp: org.apache.jasper.JasperException: java.lang.NullPointerException: Cannot invoke "com.mnl.bsum.bsuportal.entities.Users.getDefaultRole()" because "user" is null
	at io.undertow.jsp@2.2.7.Final//org.apache.jasper.servlet.JspServletWrapper.service(JspServletWrapper.java:461)
	at io.undertow.jsp@2.2.7.Final//org.apache.jasper.servlet.JspServlet.serviceJspFile(JspServlet.java:403)
	at io.undertow.jsp@2.2.7.Final//org.apache.jasper.servlet.JspServlet.service(JspServlet.java:347)
	at jakarta.servlet.api@6.0.0//jakarta.servlet.http.HttpServlet.service(HttpServlet.java:614)
	at io.undertow.servlet@2.3.13.Final//io.undertow.servlet.handlers.ServletHandler.handleRequest(ServletHandler.java:74)
	at io.undertow.servlet@2.3.13.Final//io.undertow.servlet.handlers.FilterHandler$FilterChainImpl.doFilter(FilterHandler.java:129)
	at deployment.BsuPortal-1.0-SNAPSHOT.war//org.tuckey.web.filters.urlrewrite.RuleChain.handleRewrite(RuleChain.java:176)
	at deployment.BsuPortal-1.0-SNAPSHOT.war//org.tuckey.web.filters.urlrewrite.RuleChain.doRules(RuleChain.java:145)
	at deployment.BsuPortal-1.0-SNAPSHOT.war//org.tuckey.web.filters.urlrewrite.UrlRewriter.processRequest(UrlRewriter.java:92)
	at deployment.BsuPortal-1.0-SNAPSHOT.war//org.tuckey.web.filters.urlrewrite.UrlRewriteFilter.doFilter(UrlRewriteFilter.java:405)
	at io.undertow.servlet@2.3.13.Final//io.undertow.servlet.core.ManagedFilter.doFilter(ManagedFilter.java:67)
	at io.undertow.servlet@2.3.13.Final//io.undertow.servlet.handlers.FilterHandler$FilterChainImpl.doFilter(FilterHandler.java:131)
	at io.undertow.servlet@2.3.13.Final//io.undertow.servlet.handlers.FilterHandler.handleRequest(FilterHandler.java:84)
	at io.undertow.servlet@2.3.13.Final//io.undertow.servlet.handlers.security.ServletSecurityRoleHandler.handleRequest(ServletSecurityRoleHandler.java:62)
	at io.undertow.jsp@2.2.7.Final//io.undertow.jsp.JspFileHandler.handleRequest(JspFileHandler.java:32)
	at io.undertow.servlet@2.3.13.Final//io.undertow.servlet.handlers.ServletChain$1.handleRequest(ServletChain.java:68)
	at io.undertow.servlet@2.3.13.Final//io.undertow.servlet.handlers.ServletDispatchingHandler.handleRequest(ServletDispatchingHandler.java:36)
	at org.wildfly.security.elytron-web.undertow-server@4.1.0.Final//org.wildfly.elytron.web.undertow.server.ElytronRunAsHandler.lambda$handleRequest$1(ElytronRunAsHandler.java:68)
	at org.wildfly.security.elytron-base@2.4.2.Final//org.wildfly.security.auth.server.FlexibleIdentityAssociation.runAsFunctionEx(FlexibleIdentityAssociation.java:103)
	at org.wildfly.security.elytron-base@2.4.2.Final//org.wildfly.security.auth.server.Scoped.runAsFunctionEx(Scoped.java:161)
	at org.wildfly.security.elytron-base@2.4.2.Final//org.wildfly.security.auth.server.Scoped.runAs(Scoped.java:73)
	at org.wildfly.security.elytron-web.undertow-server@4.1.0.Final//org.wildfly.elytron.web.undertow.server.ElytronRunAsHandler.handleRequest(ElytronRunAsHandler.java:67)
	at io.undertow.servlet@2.3.13.Final//io.undertow.servlet.handlers.RedirectDirHandler.handleRequest(RedirectDirHandler.java:68)
	at io.undertow.core@2.3.13.Final//io.undertow.server.handlers.PredicateHandler.handleRequest(PredicateHandler.java:43)
	at io.undertow.core@2.3.13.Final//io.undertow.server.handlers.PredicateHandler.handleRequest(PredicateHandler.java:43)
	at io.undertow.servlet@2.3.13.Final//io.undertow.servlet.handlers.ServletInitialHandler.dispatchRequest(ServletInitialHandler.java:258)
	at io.undertow.servlet@2.3.13.Final//io.undertow.servlet.handlers.ServletInitialHandler.dispatchToPath(ServletInitialHandler.java:183)
	at io.undertow.servlet@2.3.13.Final//io.undertow.servlet.spec.RequestDispatcherImpl.forwardImpl(RequestDispatcherImpl.java:188)
	at io.undertow.servlet@2.3.13.Final//io.undertow.servlet.spec.RequestDispatcherImpl.forwardImplSetup(RequestDispatcherImpl.java:136)
	at io.undertow.servlet@2.3.13.Final//io.undertow.servlet.spec.RequestDispatcherImpl.forward(RequestDispatcherImpl.java:99)
	at deployment.BsuPortal-1.0-SNAPSHOT.war//org.tuckey.web.filters.urlrewrite.NormalRewrittenUrl.doRewrite(NormalRewrittenUrl.java:233)
	at deployment.BsuPortal-1.0-SNAPSHOT.war//org.tuckey.web.filters.urlrewrite.RuleChain.handleRewrite(RuleChain.java:171)
	at deployment.BsuPortal-1.0-SNAPSHOT.war//org.tuckey.web.filters.urlrewrite.RuleChain.doRules(RuleChain.java:145)
	at deployment.BsuPortal-1.0-SNAPSHOT.war//org.tuckey.web.filters.urlrewrite.UrlRewriter.processRequest(UrlRewriter.java:92)
	at deployment.BsuPortal-1.0-SNAPSHOT.war//org.tuckey.web.filters.urlrewrite.UrlRewriteFilter.doFilter(UrlRewriteFilter.java:405)
	at io.undertow.servlet@2.3.13.Final//io.undertow.servlet.core.ManagedFilter.doFilter(ManagedFilter.java:67)
	at io.undertow.servlet@2.3.13.Final//io.undertow.servlet.handlers.FilterHandler$FilterChainImpl.doFilter(FilterHandler.java:131)
	at io.undertow.servlet@2.3.13.Final//io.undertow.servlet.handlers.FilterHandler.handleRequest(FilterHandler.java:84)
	at io.undertow.servlet@2.3.13.Final//io.undertow.servlet.handlers.security.ServletSecurityRoleHandler.handleRequest(ServletSecurityRoleHandler.java:62)
	at io.undertow.servlet@2.3.13.Final//io.undertow.servlet.handlers.ServletChain$1.handleRequest(ServletChain.java:68)
	at io.undertow.servlet@2.3.13.Final//io.undertow.servlet.handlers.ServletDispatchingHandler.handleRequest(ServletDispatchingHandler.java:36)
	at org.wildfly.security.elytron-web.undertow-server@4.1.0.Final//org.wildfly.elytron.web.undertow.server.ElytronRunAsHandler.lambda$handleRequest$1(ElytronRunAsHandler.java:68)
	at org.wildfly.security.elytron-base@2.4.2.Final//org.wildfly.security.auth.server.FlexibleIdentityAssociation.runAsFunctionEx(FlexibleIdentityAssociation.java:103)
	at org.wildfly.security.elytron-base@2.4.2.Final//org.wildfly.security.auth.server.Scoped.runAsFunctionEx(Scoped.java:161)
	at org.wildfly.security.elytron-base@2.4.2.Final//org.wildfly.security.auth.server.Scoped.runAs(Scoped.java:73)
	at org.wildfly.security.elytron-web.undertow-server@4.1.0.Final//org.wildfly.elytron.web.undertow.server.ElytronRunAsHandler.handleRequest(ElytronRunAsHandler.java:67)
	at io.undertow.servlet@2.3.13.Final//io.undertow.servlet.handlers.RedirectDirHandler.handleRequest(RedirectDirHandler.java:68)
	at io.undertow.servlet@2.3.13.Final//io.undertow.servlet.handlers.security.SSLInformationAssociationHandler.handleRequest(SSLInformationAssociationHandler.java:117)
	at io.undertow.servlet@2.3.13.Final//io.undertow.servlet.handlers.security.ServletAuthenticationCallHandler.handleRequest(ServletAuthenticationCallHandler.java:57)
	at io.undertow.core@2.3.13.Final//io.undertow.server.handlers.PredicateHandler.handleRequest(PredicateHandler.java:43)
	at io.undertow.core@2.3.13.Final//io.undertow.security.handlers.AbstractConfidentialityHandler.handleRequest(AbstractConfidentialityHandler.java:46)
	at io.undertow.servlet@2.3.13.Final//io.undertow.servlet.handlers.security.ServletConfidentialityConstraintHandler.handleRequest(ServletConfidentialityConstraintHandler.java:64)
	at io.undertow.core@2.3.13.Final//io.undertow.security.handlers.AbstractSecurityContextAssociationHandler.handleRequest(AbstractSecurityContextAssociationHandler.java:43)
	at org.wildfly.security.elytron-web.undertow-server-servlet@4.1.0.Final//org.wildfly.elytron.web.undertow.server.servlet.CleanUpHandler.handleRequest(CleanUpHandler.java:38)
	at io.undertow.core@2.3.13.Final//io.undertow.server.handlers.PredicateHandler.handleRequest(PredicateHandler.java:43)
	at org.wildfly.extension.undertow@32.0.1.Final//org.wildfly.extension.undertow.security.jacc.JACCContextIdHandler.handleRequest(JACCContextIdHandler.java:44)
	at io.undertow.core@2.3.13.Final//io.undertow.server.handlers.PredicateHandler.handleRequest(PredicateHandler.java:43)
	at org.wildfly.extension.undertow@32.0.1.Final//org.wildfly.extension.undertow.deployment.GlobalRequestControllerHandler.handleRequest(GlobalRequestControllerHandler.java:51)
	at io.undertow.servlet@2.3.13.Final//io.undertow.servlet.handlers.SendErrorPageHandler.handleRequest(SendErrorPageHandler.java:52)
	at io.undertow.core@2.3.13.Final//io.undertow.server.handlers.PredicateHandler.handleRequest(PredicateHandler.java:43)
	at io.undertow.servlet@2.3.13.Final//io.undertow.servlet.handlers.ServletInitialHandler.handleFirstRequest(ServletInitialHandler.java:276)
	at io.undertow.servlet@2.3.13.Final//io.undertow.servlet.handlers.ServletInitialHandler$2.call(ServletInitialHandler.java:135)
	at io.undertow.servlet@2.3.13.Final//io.undertow.servlet.handlers.ServletInitialHandler$2.call(ServletInitialHandler.java:132)
	at io.undertow.servlet@2.3.13.Final//io.undertow.servlet.core.ServletRequestContextThreadSetupAction$1.call(ServletRequestContextThreadSetupAction.java:48)
	at io.undertow.servlet@2.3.13.Final//io.undertow.servlet.core.ContextClassLoaderSetupAction$1.call(ContextClassLoaderSetupAction.java:43)
	at org.wildfly.extension.undertow@32.0.1.Final//org.wildfly.extension.undertow.deployment.UndertowDeploymentInfoService$UndertowThreadSetupAction.lambda$create$0(UndertowDeploymentInfoService.java:1421)
	at org.wildfly.extension.undertow@32.0.1.Final//org.wildfly.extension.undertow.deployment.UndertowDeploymentInfoService$UndertowThreadSetupAction.lambda$create$0(UndertowDeploymentInfoService.java:1421)
	at org.wildfly.extension.undertow@32.0.1.Final//org.wildfly.extension.undertow.deployment.UndertowDeploymentInfoService$UndertowThreadSetupAction.lambda$create$0(UndertowDeploymentInfoService.java:1421)
	at org.wildfly.extension.undertow@32.0.1.Final//org.wildfly.extension.undertow.deployment.UndertowDeploymentInfoService$UndertowThreadSetupAction.lambda$create$0(UndertowDeploymentInfoService.java:1421)
	at org.wildfly.extension.undertow@32.0.1.Final//org.wildfly.extension.undertow.deployment.UndertowDeploymentInfoService$UndertowThreadSetupAction.lambda$create$0(UndertowDeploymentInfoService.java:1421)
	at io.undertow.servlet@2.3.13.Final//io.undertow.servlet.handlers.ServletInitialHandler.dispatchRequest(ServletInitialHandler.java:256)
	at io.undertow.servlet@2.3.13.Final//io.undertow.servlet.handlers.ServletInitialHandler$1.handleRequest(ServletInitialHandler.java:101)
	at io.undertow.core@2.3.13.Final//io.undertow.server.Connectors.executeRootHandler(Connectors.java:393)
	at io.undertow.core@2.3.13.Final//io.undertow.server.HttpServerExchange$1.run(HttpServerExchange.java:859)
	at org.jboss.threads@2.4.0.Final//org.jboss.threads.ContextClassLoaderSavingRunnable.run(ContextClassLoaderSavingRunnable.java:35)
	at org.jboss.threads@2.4.0.Final//org.jboss.threads.EnhancedQueueExecutor.safeRun(EnhancedQueueExecutor.java:1990)
	at org.jboss.threads@2.4.0.Final//org.jboss.threads.EnhancedQueueExecutor$ThreadBody.doRunTask(EnhancedQueueExecutor.java:1486)
	at org.jboss.threads@2.4.0.Final//org.jboss.threads.EnhancedQueueExecutor$ThreadBody.run(EnhancedQueueExecutor.java:1377)
	at org.jboss.xnio@3.8.15.Final//org.xnio.XnioWorker$WorkerThreadFactory$1$1.run(XnioWorker.java:1282)
	at java.base/java.lang.Thread.run(Thread.java:1570)
Caused by: java.lang.NullPointerException: Cannot invoke "com.mnl.bsum.bsuportal.entities.Users.getDefaultRole()" because "user" is null
	at org.apache.jsp.stdmyregistration_jsp._jspService(stdmyregistration_jsp.java:279)
	at io.undertow.jsp@2.2.7.Final//org.apache.jasper.runtime.HttpJspBase.service(HttpJspBase.java:70)
	at jakarta.servlet.api@6.0.0//jakarta.servlet.http.HttpServlet.service(HttpServlet.java:614)
	at io.undertow.jsp@2.2.7.Final//org.apache.jasper.servlet.JspServletWrapper.service(JspServletWrapper.java:422)
	... 79 more

2025-05-06 02:08:16,440 ERROR [io.undertow.request] (default task-3) UT005023: Exception handling request to /HostelAllocationSlip: ExceptionConverter: java.io.IOException: Broken pipe
Caused by: java.io.IOException: Broken pipe
	at java.base/sun.nio.ch.SocketDispatcher.writev0(Native Method)
	at java.base/sun.nio.ch.SocketDispatcher.writev(SocketDispatcher.java:66)
	at java.base/sun.nio.ch.IOUtil.write(IOUtil.java:227)
	at java.base/sun.nio.ch.IOUtil.write(IOUtil.java:158)
	at java.base/sun.nio.ch.SocketChannelImpl.implWrite(SocketChannelImpl.java:597)
	at java.base/sun.nio.ch.SocketChannelImpl.write(SocketChannelImpl.java:631)
	at org.jboss.xnio.nio@3.8.15.Final//org.xnio.nio.NioSocketConduit.write(NioSocketConduit.java:162)
	at org.jboss.xnio@3.8.15.Final//org.xnio.conduits.AbstractStreamSinkConduit.write(AbstractStreamSinkConduit.java:55)
	at io.undertow.core@2.3.13.Final//io.undertow.conduits.WriteTimeoutStreamSinkConduit.write(WriteTimeoutStreamSinkConduit.java:128)
	at io.undertow.core@2.3.13.Final//io.undertow.server.protocol.http.HttpResponseConduit.write(HttpResponseConduit.java:667)
	at io.undertow.core@2.3.13.Final//io.undertow.conduits.ChunkedStreamSinkConduit.doWrite(ChunkedStreamSinkConduit.java:166)
	at io.undertow.core@2.3.13.Final//io.undertow.conduits.ChunkedStreamSinkConduit.write(ChunkedStreamSinkConduit.java:128)
	at io.undertow.core@2.3.13.Final//io.undertow.conduits.ChunkedStreamSinkConduit.write(ChunkedStreamSinkConduit.java:220)
	at org.jboss.xnio@3.8.15.Final//org.xnio.conduits.ConduitStreamSinkChannel.write(ConduitStreamSinkChannel.java:158)
	at io.undertow.core@2.3.13.Final//io.undertow.channels.DetachableStreamSinkChannel.write(DetachableStreamSinkChannel.java:179)
	at io.undertow.core@2.3.13.Final//io.undertow.server.HttpServerExchange$WriteDispatchChannel.write(HttpServerExchange.java:2172)
	at org.jboss.xnio@3.8.15.Final//org.xnio.channels.Channels.writeBlocking(Channels.java:202)
	at io.undertow.servlet@2.3.13.Final//io.undertow.servlet.spec.ServletOutputStreamImpl.writeTooLargeForBuffer(ServletOutputStreamImpl.java:201)
	at io.undertow.servlet@2.3.13.Final//io.undertow.servlet.spec.ServletOutputStreamImpl.write(ServletOutputStreamImpl.java:149)
	at java.base/java.io.BufferedOutputStream.flushBuffer(BufferedOutputStream.java:125)
	at java.base/java.io.BufferedOutputStream.implFlush(BufferedOutputStream.java:252)
	at java.base/java.io.BufferedOutputStream.flush(BufferedOutputStream.java:240)
	at deployment.BsuPortal-1.0-SNAPSHOT.war//com.itextpdf.text.pdf.OutputStreamCounter.flush(OutputStreamCounter.java:90)
	at deployment.BsuPortal-1.0-SNAPSHOT.war//com.itextpdf.text.DocWriter.close(DocWriter.java:234)
	at deployment.BsuPortal-1.0-SNAPSHOT.war//com.itextpdf.text.pdf.PdfWriter.close(PdfWriter.java:1341)
	at deployment.BsuPortal-1.0-SNAPSHOT.war//com.itextpdf.text.pdf.PdfDocument.close(PdfDocument.java:901)
	at deployment.BsuPortal-1.0-SNAPSHOT.war//com.itextpdf.text.Document.close(Document.java:416)
	at deployment.BsuPortal-1.0-SNAPSHOT.war//com.mnl.bsum.bsuportal.servlet.downloads.HostelAllocationSlip.processRequest(HostelAllocationSlip.java:314)
	at deployment.BsuPortal-1.0-SNAPSHOT.war//com.mnl.bsum.bsuportal.servlet.downloads.HostelAllocationSlip.doGet(HostelAllocationSlip.java:342)
	at jakarta.servlet.api@6.0.0//jakarta.servlet.http.HttpServlet.service(HttpServlet.java:527)
	at jakarta.servlet.api@6.0.0//jakarta.servlet.http.HttpServlet.service(HttpServlet.java:614)
	at io.undertow.servlet@2.3.13.Final//io.undertow.servlet.handlers.ServletHandler.handleRequest(ServletHandler.java:74)
	at io.undertow.servlet@2.3.13.Final//io.undertow.servlet.handlers.FilterHandler$FilterChainImpl.doFilter(FilterHandler.java:129)
	at deployment.BsuPortal-1.0-SNAPSHOT.war//org.tuckey.web.filters.urlrewrite.RuleChain.handleRewrite(RuleChain.java:176)
	at deployment.BsuPortal-1.0-SNAPSHOT.war//org.tuckey.web.filters.urlrewrite.RuleChain.doRules(RuleChain.java:145)
	at deployment.BsuPortal-1.0-SNAPSHOT.war//org.tuckey.web.filters.urlrewrite.UrlRewriter.processRequest(UrlRewriter.java:92)
	at deployment.BsuPortal-1.0-SNAPSHOT.war//org.tuckey.web.filters.urlrewrite.UrlRewriteFilter.doFilter(UrlRewriteFilter.java:405)
	at io.undertow.servlet@2.3.13.Final//io.undertow.servlet.core.ManagedFilter.doFilter(ManagedFilter.java:67)
	at io.undertow.servlet@2.3.13.Final//io.undertow.servlet.handlers.FilterHandler$FilterChainImpl.doFilter(FilterHandler.java:131)
	at io.undertow.servlet@2.3.13.Final//io.undertow.servlet.handlers.FilterHandler.handleRequest(FilterHandler.java:84)
	at io.undertow.servlet@2.3.13.Final//io.undertow.servlet.handlers.security.ServletSecurityRoleHandler.handleRequest(ServletSecurityRoleHandler.java:62)
	at io.undertow.servlet@2.3.13.Final//io.undertow.servlet.handlers.ServletChain$1.handleRequest(ServletChain.java:68)
	at io.undertow.servlet@2.3.13.Final//io.undertow.servlet.handlers.ServletDispatchingHandler.handleRequest(ServletDispatchingHandler.java:36)
	at org.wildfly.security.elytron-web.undertow-server@4.1.0.Final//org.wildfly.elytron.web.undertow.server.ElytronRunAsHandler.lambda$handleRequest$1(ElytronRunAsHandler.java:68)
	at org.wildfly.security.elytron-base@2.4.2.Final//org.wildfly.security.auth.server.FlexibleIdentityAssociation.runAsFunctionEx(FlexibleIdentityAssociation.java:103)
	at org.wildfly.security.elytron-base@2.4.2.Final//org.wildfly.security.auth.server.Scoped.runAsFunctionEx(Scoped.java:161)
	at org.wildfly.security.elytron-base@2.4.2.Final//org.wildfly.security.auth.server.Scoped.runAs(Scoped.java:73)
	at org.wildfly.security.elytron-web.undertow-server@4.1.0.Final//org.wildfly.elytron.web.undertow.server.ElytronRunAsHandler.handleRequest(ElytronRunAsHandler.java:67)
	at io.undertow.servlet@2.3.13.Final//io.undertow.servlet.handlers.RedirectDirHandler.handleRequest(RedirectDirHandler.java:68)
	at io.undertow.servlet@2.3.13.Final//io.undertow.servlet.handlers.security.SSLInformationAssociationHandler.handleRequest(SSLInformationAssociationHandler.java:117)
	at io.undertow.servlet@2.3.13.Final//io.undertow.servlet.handlers.security.ServletAuthenticationCallHandler.handleRequest(ServletAuthenticationCallHandler.java:57)
	at io.undertow.core@2.3.13.Final//io.undertow.server.handlers.PredicateHandler.handleRequest(PredicateHandler.java:43)
	at io.undertow.core@2.3.13.Final//io.undertow.security.handlers.AbstractConfidentialityHandler.handleRequest(AbstractConfidentialityHandler.java:46)
	at io.undertow.servlet@2.3.13.Final//io.undertow.servlet.handlers.security.ServletConfidentialityConstraintHandler.handleRequest(ServletConfidentialityConstraintHandler.java:64)
	at io.undertow.core@2.3.13.Final//io.undertow.security.handlers.AbstractSecurityContextAssociationHandler.handleRequest(AbstractSecurityContextAssociationHandler.java:43)
	at org.wildfly.security.elytron-web.undertow-server-servlet@4.1.0.Final//org.wildfly.elytron.web.undertow.server.servlet.CleanUpHandler.handleRequest(CleanUpHandler.java:38)
	at io.undertow.core@2.3.13.Final//io.undertow.server.handlers.PredicateHandler.handleRequest(PredicateHandler.java:43)
	at org.wildfly.extension.undertow@32.0.1.Final//org.wildfly.extension.undertow.security.jacc.JACCContextIdHandler.handleRequest(JACCContextIdHandler.java:44)
	at io.undertow.core@2.3.13.Final//io.undertow.server.handlers.PredicateHandler.handleRequest(PredicateHandler.java:43)
	at org.wildfly.extension.undertow@32.0.1.Final//org.wildfly.extension.undertow.deployment.GlobalRequestControllerHandler.handleRequest(GlobalRequestControllerHandler.java:51)
	at io.undertow.servlet@2.3.13.Final//io.undertow.servlet.handlers.SendErrorPageHandler.handleRequest(SendErrorPageHandler.java:52)
	at io.undertow.core@2.3.13.Final//io.undertow.server.handlers.PredicateHandler.handleRequest(PredicateHandler.java:43)
	at io.undertow.servlet@2.3.13.Final//io.undertow.servlet.handlers.ServletInitialHandler.handleFirstRequest(ServletInitialHandler.java:276)
	at io.undertow.servlet@2.3.13.Final//io.undertow.servlet.handlers.ServletInitialHandler$2.call(ServletInitialHandler.java:135)
	at io.undertow.servlet@2.3.13.Final//io.undertow.servlet.handlers.ServletInitialHandler$2.call(ServletInitialHandler.java:132)
	at io.undertow.servlet@2.3.13.Final//io.undertow.servlet.core.ServletRequestContextThreadSetupAction$1.call(ServletRequestContextThreadSetupAction.java:48)
	at io.undertow.servlet@2.3.13.Final//io.undertow.servlet.core.ContextClassLoaderSetupAction$1.call(ContextClassLoaderSetupAction.java:43)
	at org.wildfly.extension.undertow@32.0.1.Final//org.wildfly.extension.undertow.deployment.UndertowDeploymentInfoService$UndertowThreadSetupAction.lambda$create$0(UndertowDeploymentInfoService.java:1421)
	at org.wildfly.extension.undertow@32.0.1.Final//org.wildfly.extension.undertow.deployment.UndertowDeploymentInfoService$UndertowThreadSetupAction.lambda$create$0(UndertowDeploymentInfoService.java:1421)
	at org.wildfly.extension.undertow@32.0.1.Final//org.wildfly.extension.undertow.deployment.UndertowDeploymentInfoService$UndertowThreadSetupAction.lambda$create$0(UndertowDeploymentInfoService.java:1421)
	at org.wildfly.extension.undertow@32.0.1.Final//org.wildfly.extension.undertow.deployment.UndertowDeploymentInfoService$UndertowThreadSetupAction.lambda$create$0(UndertowDeploymentInfoService.java:1421)
	at org.wildfly.extension.undertow@32.0.1.Final//org.wildfly.extension.undertow.deployment.UndertowDeploymentInfoService$UndertowThreadSetupAction.lambda$create$0(UndertowDeploymentInfoService.java:1421)
	at io.undertow.servlet@2.3.13.Final//io.undertow.servlet.handlers.ServletInitialHandler.dispatchRequest(ServletInitialHandler.java:256)
	at io.undertow.servlet@2.3.13.Final//io.undertow.servlet.handlers.ServletInitialHandler$1.handleRequest(ServletInitialHandler.java:101)
	at io.undertow.core@2.3.13.Final//io.undertow.server.Connectors.executeRootHandler(Connectors.java:393)
	at io.undertow.core@2.3.13.Final//io.undertow.server.HttpServerExchange$1.run(HttpServerExchange.java:859)
	at org.jboss.threads@2.4.0.Final//org.jboss.threads.ContextClassLoaderSavingRunnable.run(ContextClassLoaderSavingRunnable.java:35)
	at org.jboss.threads@2.4.0.Final//org.jboss.threads.EnhancedQueueExecutor.safeRun(EnhancedQueueExecutor.java:1990)
	at org.jboss.threads@2.4.0.Final//org.jboss.threads.EnhancedQueueExecutor$ThreadBody.doRunTask(EnhancedQueueExecutor.java:1486)
	at org.jboss.threads@2.4.0.Final//org.jboss.threads.EnhancedQueueExecutor$ThreadBody.run(EnhancedQueueExecutor.java:1377)
	at org.jboss.xnio@3.8.15.Final//org.xnio.XnioWorker$WorkerThreadFactory$1$1.run(XnioWorker.java:1282)
	at java.base/java.lang.Thread.run(Thread.java:1570)

2025-05-06 02:08:32,047 ERROR [io.undertow.request] (default task-6) UT005023: Exception handling request to /stdsummerschoolapplications.jsp: org.apache.jasper.JasperException: java.lang.NullPointerException: Cannot invoke "com.mnl.bsum.bsuportal.entities.Users.getDefaultRole()" because "user" is null
	at io.undertow.jsp@2.2.7.Final//org.apache.jasper.servlet.JspServletWrapper.service(JspServletWrapper.java:461)
	at io.undertow.jsp@2.2.7.Final//org.apache.jasper.servlet.JspServlet.serviceJspFile(JspServlet.java:403)
	at io.undertow.jsp@2.2.7.Final//org.apache.jasper.servlet.JspServlet.service(JspServlet.java:347)
	at jakarta.servlet.api@6.0.0//jakarta.servlet.http.HttpServlet.service(HttpServlet.java:614)
	at io.undertow.servlet@2.3.13.Final//io.undertow.servlet.handlers.ServletHandler.handleRequest(ServletHandler.java:74)
	at io.undertow.servlet@2.3.13.Final//io.undertow.servlet.handlers.FilterHandler$FilterChainImpl.doFilter(FilterHandler.java:129)
	at deployment.BsuPortal-1.0-SNAPSHOT.war//org.tuckey.web.filters.urlrewrite.RuleChain.handleRewrite(RuleChain.java:176)
	at deployment.BsuPortal-1.0-SNAPSHOT.war//org.tuckey.web.filters.urlrewrite.RuleChain.doRules(RuleChain.java:145)
	at deployment.BsuPortal-1.0-SNAPSHOT.war//org.tuckey.web.filters.urlrewrite.UrlRewriter.processRequest(UrlRewriter.java:92)
	at deployment.BsuPortal-1.0-SNAPSHOT.war//org.tuckey.web.filters.urlrewrite.UrlRewriteFilter.doFilter(UrlRewriteFilter.java:405)
	at io.undertow.servlet@2.3.13.Final//io.undertow.servlet.core.ManagedFilter.doFilter(ManagedFilter.java:67)
	at io.undertow.servlet@2.3.13.Final//io.undertow.servlet.handlers.FilterHandler$FilterChainImpl.doFilter(FilterHandler.java:131)
	at io.undertow.servlet@2.3.13.Final//io.undertow.servlet.handlers.FilterHandler.handleRequest(FilterHandler.java:84)
	at io.undertow.servlet@2.3.13.Final//io.undertow.servlet.handlers.security.ServletSecurityRoleHandler.handleRequest(ServletSecurityRoleHandler.java:62)
	at io.undertow.jsp@2.2.7.Final//io.undertow.jsp.JspFileHandler.handleRequest(JspFileHandler.java:32)
	at io.undertow.servlet@2.3.13.Final//io.undertow.servlet.handlers.ServletChain$1.handleRequest(ServletChain.java:68)
	at io.undertow.servlet@2.3.13.Final//io.undertow.servlet.handlers.ServletDispatchingHandler.handleRequest(ServletDispatchingHandler.java:36)
	at org.wildfly.security.elytron-web.undertow-server@4.1.0.Final//org.wildfly.elytron.web.undertow.server.ElytronRunAsHandler.lambda$handleRequest$1(ElytronRunAsHandler.java:68)
	at org.wildfly.security.elytron-base@2.4.2.Final//org.wildfly.security.auth.server.FlexibleIdentityAssociation.runAsFunctionEx(FlexibleIdentityAssociation.java:103)
	at org.wildfly.security.elytron-base@2.4.2.Final//org.wildfly.security.auth.server.Scoped.runAsFunctionEx(Scoped.java:161)
	at org.wildfly.security.elytron-base@2.4.2.Final//org.wildfly.security.auth.server.Scoped.runAs(Scoped.java:73)
	at org.wildfly.security.elytron-web.undertow-server@4.1.0.Final//org.wildfly.elytron.web.undertow.server.ElytronRunAsHandler.handleRequest(ElytronRunAsHandler.java:67)
	at io.undertow.servlet@2.3.13.Final//io.undertow.servlet.handlers.RedirectDirHandler.handleRequest(RedirectDirHandler.java:68)
	at io.undertow.core@2.3.13.Final//io.undertow.server.handlers.PredicateHandler.handleRequest(PredicateHandler.java:43)
	at io.undertow.core@2.3.13.Final//io.undertow.server.handlers.PredicateHandler.handleRequest(PredicateHandler.java:43)
	at io.undertow.servlet@2.3.13.Final//io.undertow.servlet.handlers.ServletInitialHandler.dispatchRequest(ServletInitialHandler.java:258)
	at io.undertow.servlet@2.3.13.Final//io.undertow.servlet.handlers.ServletInitialHandler.dispatchToPath(ServletInitialHandler.java:183)
	at io.undertow.servlet@2.3.13.Final//io.undertow.servlet.spec.RequestDispatcherImpl.forwardImpl(RequestDispatcherImpl.java:188)
	at io.undertow.servlet@2.3.13.Final//io.undertow.servlet.spec.RequestDispatcherImpl.forwardImplSetup(RequestDispatcherImpl.java:136)
	at io.undertow.servlet@2.3.13.Final//io.undertow.servlet.spec.RequestDispatcherImpl.forward(RequestDispatcherImpl.java:99)
	at deployment.BsuPortal-1.0-SNAPSHOT.war//org.tuckey.web.filters.urlrewrite.NormalRewrittenUrl.doRewrite(NormalRewrittenUrl.java:233)
	at deployment.BsuPortal-1.0-SNAPSHOT.war//org.tuckey.web.filters.urlrewrite.RuleChain.handleRewrite(RuleChain.java:171)
	at deployment.BsuPortal-1.0-SNAPSHOT.war//org.tuckey.web.filters.urlrewrite.RuleChain.doRules(RuleChain.java:145)
	at deployment.BsuPortal-1.0-SNAPSHOT.war//org.tuckey.web.filters.urlrewrite.UrlRewriter.processRequest(UrlRewriter.java:92)
	at deployment.BsuPortal-1.0-SNAPSHOT.war//org.tuckey.web.filters.urlrewrite.UrlRewriteFilter.doFilter(UrlRewriteFilter.java:405)
	at io.undertow.servlet@2.3.13.Final//io.undertow.servlet.core.ManagedFilter.doFilter(ManagedFilter.java:67)
	at io.undertow.servlet@2.3.13.Final//io.undertow.servlet.handlers.FilterHandler$FilterChainImpl.doFilter(FilterHandler.java:131)
	at io.undertow.servlet@2.3.13.Final//io.undertow.servlet.handlers.FilterHandler.handleRequest(FilterHandler.java:84)
	at io.undertow.servlet@2.3.13.Final//io.undertow.servlet.handlers.security.ServletSecurityRoleHandler.handleRequest(ServletSecurityRoleHandler.java:62)
	at io.undertow.servlet@2.3.13.Final//io.undertow.servlet.handlers.ServletChain$1.handleRequest(ServletChain.java:68)
	at io.undertow.servlet@2.3.13.Final//io.undertow.servlet.handlers.ServletDispatchingHandler.handleRequest(ServletDispatchingHandler.java:36)
	at org.wildfly.security.elytron-web.undertow-server@4.1.0.Final//org.wildfly.elytron.web.undertow.server.ElytronRunAsHandler.lambda$handleRequest$1(ElytronRunAsHandler.java:68)
	at org.wildfly.security.elytron-base@2.4.2.Final//org.wildfly.security.auth.server.FlexibleIdentityAssociation.runAsFunctionEx(FlexibleIdentityAssociation.java:103)
	at org.wildfly.security.elytron-base@2.4.2.Final//org.wildfly.security.auth.server.Scoped.runAsFunctionEx(Scoped.java:161)
	at org.wildfly.security.elytron-base@2.4.2.Final//org.wildfly.security.auth.server.Scoped.runAs(Scoped.java:73)
	at org.wildfly.security.elytron-web.undertow-server@4.1.0.Final//org.wildfly.elytron.web.undertow.server.ElytronRunAsHandler.handleRequest(ElytronRunAsHandler.java:67)
	at io.undertow.servlet@2.3.13.Final//io.undertow.servlet.handlers.RedirectDirHandler.handleRequest(RedirectDirHandler.java:68)
	at io.undertow.servlet@2.3.13.Final//io.undertow.servlet.handlers.security.SSLInformationAssociationHandler.handleRequest(SSLInformationAssociationHandler.java:117)
	at io.undertow.servlet@2.3.13.Final//io.undertow.servlet.handlers.security.ServletAuthenticationCallHandler.handleRequest(ServletAuthenticationCallHandler.java:57)
	at io.undertow.core@2.3.13.Final//io.undertow.server.handlers.PredicateHandler.handleRequest(PredicateHandler.java:43)
	at io.undertow.core@2.3.13.Final//io.undertow.security.handlers.AbstractConfidentialityHandler.handleRequest(AbstractConfidentialityHandler.java:46)
	at io.undertow.servlet@2.3.13.Final//io.undertow.servlet.handlers.security.ServletConfidentialityConstraintHandler.handleRequest(ServletConfidentialityConstraintHandler.java:64)
	at io.undertow.core@2.3.13.Final//io.undertow.security.handlers.AbstractSecurityContextAssociationHandler.handleRequest(AbstractSecurityContextAssociationHandler.java:43)
	at org.wildfly.security.elytron-web.undertow-server-servlet@4.1.0.Final//org.wildfly.elytron.web.undertow.server.servlet.CleanUpHandler.handleRequest(CleanUpHandler.java:38)
	at io.undertow.core@2.3.13.Final//io.undertow.server.handlers.PredicateHandler.handleRequest(PredicateHandler.java:43)
	at org.wildfly.extension.undertow@32.0.1.Final//org.wildfly.extension.undertow.security.jacc.JACCContextIdHandler.handleRequest(JACCContextIdHandler.java:44)
	at io.undertow.core@2.3.13.Final//io.undertow.server.handlers.PredicateHandler.handleRequest(PredicateHandler.java:43)
	at org.wildfly.extension.undertow@32.0.1.Final//org.wildfly.extension.undertow.deployment.GlobalRequestControllerHandler.handleRequest(GlobalRequestControllerHandler.java:51)
	at io.undertow.servlet@2.3.13.Final//io.undertow.servlet.handlers.SendErrorPageHandler.handleRequest(SendErrorPageHandler.java:52)
	at io.undertow.core@2.3.13.Final//io.undertow.server.handlers.PredicateHandler.handleRequest(PredicateHandler.java:43)
	at io.undertow.servlet@2.3.13.Final//io.undertow.servlet.handlers.ServletInitialHandler.handleFirstRequest(ServletInitialHandler.java:276)
	at io.undertow.servlet@2.3.13.Final//io.undertow.servlet.handlers.ServletInitialHandler$2.call(ServletInitialHandler.java:135)
	at io.undertow.servlet@2.3.13.Final//io.undertow.servlet.handlers.ServletInitialHandler$2.call(ServletInitialHandler.java:132)
	at io.undertow.servlet@2.3.13.Final//io.undertow.servlet.core.ServletRequestContextThreadSetupAction$1.call(ServletRequestContextThreadSetupAction.java:48)
	at io.undertow.servlet@2.3.13.Final//io.undertow.servlet.core.ContextClassLoaderSetupAction$1.call(ContextClassLoaderSetupAction.java:43)
	at org.wildfly.extension.undertow@32.0.1.Final//org.wildfly.extension.undertow.deployment.UndertowDeploymentInfoService$UndertowThreadSetupAction.lambda$create$0(UndertowDeploymentInfoService.java:1421)
	at org.wildfly.extension.undertow@32.0.1.Final//org.wildfly.extension.undertow.deployment.UndertowDeploymentInfoService$UndertowThreadSetupAction.lambda$create$0(UndertowDeploymentInfoService.java:1421)
	at org.wildfly.extension.undertow@32.0.1.Final//org.wildfly.extension.undertow.deployment.UndertowDeploymentInfoService$UndertowThreadSetupAction.lambda$create$0(UndertowDeploymentInfoService.java:1421)
	at org.wildfly.extension.undertow@32.0.1.Final//org.wildfly.extension.undertow.deployment.UndertowDeploymentInfoService$UndertowThreadSetupAction.lambda$create$0(UndertowDeploymentInfoService.java:1421)
	at org.wildfly.extension.undertow@32.0.1.Final//org.wildfly.extension.undertow.deployment.UndertowDeploymentInfoService$UndertowThreadSetupAction.lambda$create$0(UndertowDeploymentInfoService.java:1421)
	at io.undertow.servlet@2.3.13.Final//io.undertow.servlet.handlers.ServletInitialHandler.dispatchRequest(ServletInitialHandler.java:256)
	at io.undertow.servlet@2.3.13.Final//io.undertow.servlet.handlers.ServletInitialHandler$1.handleRequest(ServletInitialHandler.java:101)
	at io.undertow.core@2.3.13.Final//io.undertow.server.Connectors.executeRootHandler(Connectors.java:393)
	at io.undertow.core@2.3.13.Final//io.undertow.server.HttpServerExchange$1.run(HttpServerExchange.java:859)
	at org.jboss.threads@2.4.0.Final//org.jboss.threads.ContextClassLoaderSavingRunnable.run(ContextClassLoaderSavingRunnable.java:35)
	at org.jboss.threads@2.4.0.Final//org.jboss.threads.EnhancedQueueExecutor.safeRun(EnhancedQueueExecutor.java:1990)
	at org.jboss.threads@2.4.0.Final//org.jboss.threads.EnhancedQueueExecutor$ThreadBody.doRunTask(EnhancedQueueExecutor.java:1486)
	at org.jboss.threads@2.4.0.Final//org.jboss.threads.EnhancedQueueExecutor$ThreadBody.run(EnhancedQueueExecutor.java:1377)
	at org.jboss.xnio@3.8.15.Final//org.xnio.XnioWorker$WorkerThreadFactory$1$1.run(XnioWorker.java:1282)
	at java.base/java.lang.Thread.run(Thread.java:1570)
Caused by: java.lang.NullPointerException: Cannot invoke "com.mnl.bsum.bsuportal.entities.Users.getDefaultRole()" because "user" is null
	at org.apache.jsp.stdsummerschoolapplications_jsp._jspService(stdsummerschoolapplications_jsp.java:302)
	at io.undertow.jsp@2.2.7.Final//org.apache.jasper.runtime.HttpJspBase.service(HttpJspBase.java:70)
	at jakarta.servlet.api@6.0.0//jakarta.servlet.http.HttpServlet.service(HttpServlet.java:614)
	at io.undertow.jsp@2.2.7.Final//org.apache.jasper.servlet.JspServletWrapper.service(JspServletWrapper.java:422)
	... 79 more

2025-05-06 02:08:38,574 ERROR [io.undertow.request] (default task-3) UT005023: Exception handling request to /stdpaymenthistory.jsp: org.apache.jasper.JasperException: java.lang.NullPointerException: Cannot invoke "com.mnl.bsum.bsuportal.entities.Users.getDefaultRole()" because "user" is null
	at io.undertow.jsp@2.2.7.Final//org.apache.jasper.servlet.JspServletWrapper.service(JspServletWrapper.java:461)
	at io.undertow.jsp@2.2.7.Final//org.apache.jasper.servlet.JspServlet.serviceJspFile(JspServlet.java:403)
	at io.undertow.jsp@2.2.7.Final//org.apache.jasper.servlet.JspServlet.service(JspServlet.java:347)
	at jakarta.servlet.api@6.0.0//jakarta.servlet.http.HttpServlet.service(HttpServlet.java:614)
	at io.undertow.servlet@2.3.13.Final//io.undertow.servlet.handlers.ServletHandler.handleRequest(ServletHandler.java:74)
	at io.undertow.servlet@2.3.13.Final//io.undertow.servlet.handlers.FilterHandler$FilterChainImpl.doFilter(FilterHandler.java:129)
	at deployment.BsuPortal-1.0-SNAPSHOT.war//org.tuckey.web.filters.urlrewrite.RuleChain.handleRewrite(RuleChain.java:176)
	at deployment.BsuPortal-1.0-SNAPSHOT.war//org.tuckey.web.filters.urlrewrite.RuleChain.doRules(RuleChain.java:145)
	at deployment.BsuPortal-1.0-SNAPSHOT.war//org.tuckey.web.filters.urlrewrite.UrlRewriter.processRequest(UrlRewriter.java:92)
	at deployment.BsuPortal-1.0-SNAPSHOT.war//org.tuckey.web.filters.urlrewrite.UrlRewriteFilter.doFilter(UrlRewriteFilter.java:405)
	at io.undertow.servlet@2.3.13.Final//io.undertow.servlet.core.ManagedFilter.doFilter(ManagedFilter.java:67)
	at io.undertow.servlet@2.3.13.Final//io.undertow.servlet.handlers.FilterHandler$FilterChainImpl.doFilter(FilterHandler.java:131)
	at io.undertow.servlet@2.3.13.Final//io.undertow.servlet.handlers.FilterHandler.handleRequest(FilterHandler.java:84)
	at io.undertow.servlet@2.3.13.Final//io.undertow.servlet.handlers.security.ServletSecurityRoleHandler.handleRequest(ServletSecurityRoleHandler.java:62)
	at io.undertow.jsp@2.2.7.Final//io.undertow.jsp.JspFileHandler.handleRequest(JspFileHandler.java:32)
	at io.undertow.servlet@2.3.13.Final//io.undertow.servlet.handlers.ServletChain$1.handleRequest(ServletChain.java:68)
	at io.undertow.servlet@2.3.13.Final//io.undertow.servlet.handlers.ServletDispatchingHandler.handleRequest(ServletDispatchingHandler.java:36)
	at org.wildfly.security.elytron-web.undertow-server@4.1.0.Final//org.wildfly.elytron.web.undertow.server.ElytronRunAsHandler.lambda$handleRequest$1(ElytronRunAsHandler.java:68)
	at org.wildfly.security.elytron-base@2.4.2.Final//org.wildfly.security.auth.server.FlexibleIdentityAssociation.runAsFunctionEx(FlexibleIdentityAssociation.java:103)
	at org.wildfly.security.elytron-base@2.4.2.Final//org.wildfly.security.auth.server.Scoped.runAsFunctionEx(Scoped.java:161)
	at org.wildfly.security.elytron-base@2.4.2.Final//org.wildfly.security.auth.server.Scoped.runAs(Scoped.java:73)
	at org.wildfly.security.elytron-web.undertow-server@4.1.0.Final//org.wildfly.elytron.web.undertow.server.ElytronRunAsHandler.handleRequest(ElytronRunAsHandler.java:67)
	at io.undertow.servlet@2.3.13.Final//io.undertow.servlet.handlers.RedirectDirHandler.handleRequest(RedirectDirHandler.java:68)
	at io.undertow.core@2.3.13.Final//io.undertow.server.handlers.PredicateHandler.handleRequest(PredicateHandler.java:43)
	at io.undertow.core@2.3.13.Final//io.undertow.server.handlers.PredicateHandler.handleRequest(PredicateHandler.java:43)
	at io.undertow.servlet@2.3.13.Final//io.undertow.servlet.handlers.ServletInitialHandler.dispatchRequest(ServletInitialHandler.java:258)
	at io.undertow.servlet@2.3.13.Final//io.undertow.servlet.handlers.ServletInitialHandler.dispatchToPath(ServletInitialHandler.java:183)
	at io.undertow.servlet@2.3.13.Final//io.undertow.servlet.spec.RequestDispatcherImpl.forwardImpl(RequestDispatcherImpl.java:188)
	at io.undertow.servlet@2.3.13.Final//io.undertow.servlet.spec.RequestDispatcherImpl.forwardImplSetup(RequestDispatcherImpl.java:136)
	at io.undertow.servlet@2.3.13.Final//io.undertow.servlet.spec.RequestDispatcherImpl.forward(RequestDispatcherImpl.java:99)
	at deployment.BsuPortal-1.0-SNAPSHOT.war//org.tuckey.web.filters.urlrewrite.NormalRewrittenUrl.doRewrite(NormalRewrittenUrl.java:233)
	at deployment.BsuPortal-1.0-SNAPSHOT.war//org.tuckey.web.filters.urlrewrite.RuleChain.handleRewrite(RuleChain.java:171)
	at deployment.BsuPortal-1.0-SNAPSHOT.war//org.tuckey.web.filters.urlrewrite.RuleChain.doRules(RuleChain.java:145)
	at deployment.BsuPortal-1.0-SNAPSHOT.war//org.tuckey.web.filters.urlrewrite.UrlRewriter.processRequest(UrlRewriter.java:92)
	at deployment.BsuPortal-1.0-SNAPSHOT.war//org.tuckey.web.filters.urlrewrite.UrlRewriteFilter.doFilter(UrlRewriteFilter.java:405)
	at io.undertow.servlet@2.3.13.Final//io.undertow.servlet.core.ManagedFilter.doFilter(ManagedFilter.java:67)
	at io.undertow.servlet@2.3.13.Final//io.undertow.servlet.handlers.FilterHandler$FilterChainImpl.doFilter(FilterHandler.java:131)
	at io.undertow.servlet@2.3.13.Final//io.undertow.servlet.handlers.FilterHandler.handleRequest(FilterHandler.java:84)
	at io.undertow.servlet@2.3.13.Final//io.undertow.servlet.handlers.security.ServletSecurityRoleHandler.handleRequest(ServletSecurityRoleHandler.java:62)
	at io.undertow.servlet@2.3.13.Final//io.undertow.servlet.handlers.ServletChain$1.handleRequest(ServletChain.java:68)
	at io.undertow.servlet@2.3.13.Final//io.undertow.servlet.handlers.ServletDispatchingHandler.handleRequest(ServletDispatchingHandler.java:36)
	at org.wildfly.security.elytron-web.undertow-server@4.1.0.Final//org.wildfly.elytron.web.undertow.server.ElytronRunAsHandler.lambda$handleRequest$1(ElytronRunAsHandler.java:68)
	at org.wildfly.security.elytron-base@2.4.2.Final//org.wildfly.security.auth.server.FlexibleIdentityAssociation.runAsFunctionEx(FlexibleIdentityAssociation.java:103)
	at org.wildfly.security.elytron-base@2.4.2.Final//org.wildfly.security.auth.server.Scoped.runAsFunctionEx(Scoped.java:161)
	at org.wildfly.security.elytron-base@2.4.2.Final//org.wildfly.security.auth.server.Scoped.runAs(Scoped.java:73)
	at org.wildfly.security.elytron-web.undertow-server@4.1.0.Final//org.wildfly.elytron.web.undertow.server.ElytronRunAsHandler.handleRequest(ElytronRunAsHandler.java:67)
	at io.undertow.servlet@2.3.13.Final//io.undertow.servlet.handlers.RedirectDirHandler.handleRequest(RedirectDirHandler.java:68)
	at io.undertow.servlet@2.3.13.Final//io.undertow.servlet.handlers.security.SSLInformationAssociationHandler.handleRequest(SSLInformationAssociationHandler.java:117)
	at io.undertow.servlet@2.3.13.Final//io.undertow.servlet.handlers.security.ServletAuthenticationCallHandler.handleRequest(ServletAuthenticationCallHandler.java:57)
	at io.undertow.core@2.3.13.Final//io.undertow.server.handlers.PredicateHandler.handleRequest(PredicateHandler.java:43)
	at io.undertow.core@2.3.13.Final//io.undertow.security.handlers.AbstractConfidentialityHandler.handleRequest(AbstractConfidentialityHandler.java:46)
	at io.undertow.servlet@2.3.13.Final//io.undertow.servlet.handlers.security.ServletConfidentialityConstraintHandler.handleRequest(ServletConfidentialityConstraintHandler.java:64)
	at io.undertow.core@2.3.13.Final//io.undertow.security.handlers.AbstractSecurityContextAssociationHandler.handleRequest(AbstractSecurityContextAssociationHandler.java:43)
	at org.wildfly.security.elytron-web.undertow-server-servlet@4.1.0.Final//org.wildfly.elytron.web.undertow.server.servlet.CleanUpHandler.handleRequest(CleanUpHandler.java:38)
	at io.undertow.core@2.3.13.Final//io.undertow.server.handlers.PredicateHandler.handleRequest(PredicateHandler.java:43)
	at org.wildfly.extension.undertow@32.0.1.Final//org.wildfly.extension.undertow.security.jacc.JACCContextIdHandler.handleRequest(JACCContextIdHandler.java:44)
	at io.undertow.core@2.3.13.Final//io.undertow.server.handlers.PredicateHandler.handleRequest(PredicateHandler.java:43)
	at org.wildfly.extension.undertow@32.0.1.Final//org.wildfly.extension.undertow.deployment.GlobalRequestControllerHandler.handleRequest(GlobalRequestControllerHandler.java:51)
	at io.undertow.servlet@2.3.13.Final//io.undertow.servlet.handlers.SendErrorPageHandler.handleRequest(SendErrorPageHandler.java:52)
	at io.undertow.core@2.3.13.Final//io.undertow.server.handlers.PredicateHandler.handleRequest(PredicateHandler.java:43)
	at io.undertow.servlet@2.3.13.Final//io.undertow.servlet.handlers.ServletInitialHandler.handleFirstRequest(ServletInitialHandler.java:276)
	at io.undertow.servlet@2.3.13.Final//io.undertow.servlet.handlers.ServletInitialHandler$2.call(ServletInitialHandler.java:135)
	at io.undertow.servlet@2.3.13.Final//io.undertow.servlet.handlers.ServletInitialHandler$2.call(ServletInitialHandler.java:132)
	at io.undertow.servlet@2.3.13.Final//io.undertow.servlet.core.ServletRequestContextThreadSetupAction$1.call(ServletRequestContextThreadSetupAction.java:48)
	at io.undertow.servlet@2.3.13.Final//io.undertow.servlet.core.ContextClassLoaderSetupAction$1.call(ContextClassLoaderSetupAction.java:43)
	at org.wildfly.extension.undertow@32.0.1.Final//org.wildfly.extension.undertow.deployment.UndertowDeploymentInfoService$UndertowThreadSetupAction.lambda$create$0(UndertowDeploymentInfoService.java:1421)
	at org.wildfly.extension.undertow@32.0.1.Final//org.wildfly.extension.undertow.deployment.UndertowDeploymentInfoService$UndertowThreadSetupAction.lambda$create$0(UndertowDeploymentInfoService.java:1421)
	at org.wildfly.extension.undertow@32.0.1.Final//org.wildfly.extension.undertow.deployment.UndertowDeploymentInfoService$UndertowThreadSetupAction.lambda$create$0(UndertowDeploymentInfoService.java:1421)
	at org.wildfly.extension.undertow@32.0.1.Final//org.wildfly.extension.undertow.deployment.UndertowDeploymentInfoService$UndertowThreadSetupAction.lambda$create$0(UndertowDeploymentInfoService.java:1421)
	at org.wildfly.extension.undertow@32.0.1.Final//org.wildfly.extension.undertow.deployment.UndertowDeploymentInfoService$UndertowThreadSetupAction.lambda$create$0(UndertowDeploymentInfoService.java:1421)
	at io.undertow.servlet@2.3.13.Final//io.undertow.servlet.handlers.ServletInitialHandler.dispatchRequest(ServletInitialHandler.java:256)
	at io.undertow.servlet@2.3.13.Final//io.undertow.servlet.handlers.ServletInitialHandler$1.handleRequest(ServletInitialHandler.java:101)
	at io.undertow.core@2.3.13.Final//io.undertow.server.Connectors.executeRootHandler(Connectors.java:393)
	at io.undertow.core@2.3.13.Final//io.undertow.server.HttpServerExchange$1.run(HttpServerExchange.java:859)
	at org.jboss.threads@2.4.0.Final//org.jboss.threads.ContextClassLoaderSavingRunnable.run(ContextClassLoaderSavingRunnable.java:35)
	at org.jboss.threads@2.4.0.Final//org.jboss.threads.EnhancedQueueExecutor.safeRun(EnhancedQueueExecutor.java:1990)
	at org.jboss.threads@2.4.0.Final//org.jboss.threads.EnhancedQueueExecutor$ThreadBody.doRunTask(EnhancedQueueExecutor.java:1486)
	at org.jboss.threads@2.4.0.Final//org.jboss.threads.EnhancedQueueExecutor$ThreadBody.run(EnhancedQueueExecutor.java:1377)
	at org.jboss.xnio@3.8.15.Final//org.xnio.XnioWorker$WorkerThreadFactory$1$1.run(XnioWorker.java:1282)
	at java.base/java.lang.Thread.run(Thread.java:1570)
Caused by: java.lang.NullPointerException: Cannot invoke "com.mnl.bsum.bsuportal.entities.Users.getDefaultRole()" because "user" is null
	at org.apache.jsp.stdpaymenthistory_jsp._jspService(stdpaymenthistory_jsp.java:266)
	at io.undertow.jsp@2.2.7.Final//org.apache.jasper.runtime.HttpJspBase.service(HttpJspBase.java:70)
	at jakarta.servlet.api@6.0.0//jakarta.servlet.http.HttpServlet.service(HttpServlet.java:614)
	at io.undertow.jsp@2.2.7.Final//org.apache.jasper.servlet.JspServletWrapper.service(JspServletWrapper.java:422)
	... 79 more

2025-05-06 02:08:51,417 ERROR [io.undertow.request] (default task-6) UT005023: Exception handling request to /studentdashboard.jsp: org.apache.jasper.JasperException: java.lang.NullPointerException: Cannot invoke "com.mnl.bsum.bsuportal.entities.Users.getDefaultRole()" because "user" is null
	at io.undertow.jsp@2.2.7.Final//org.apache.jasper.servlet.JspServletWrapper.service(JspServletWrapper.java:461)
	at io.undertow.jsp@2.2.7.Final//org.apache.jasper.servlet.JspServlet.serviceJspFile(JspServlet.java:403)
	at io.undertow.jsp@2.2.7.Final//org.apache.jasper.servlet.JspServlet.service(JspServlet.java:347)
	at jakarta.servlet.api@6.0.0//jakarta.servlet.http.HttpServlet.service(HttpServlet.java:614)
	at io.undertow.servlet@2.3.13.Final//io.undertow.servlet.handlers.ServletHandler.handleRequest(ServletHandler.java:74)
	at io.undertow.servlet@2.3.13.Final//io.undertow.servlet.handlers.FilterHandler$FilterChainImpl.doFilter(FilterHandler.java:129)
	at deployment.BsuPortal-1.0-SNAPSHOT.war//org.tuckey.web.filters.urlrewrite.RuleChain.handleRewrite(RuleChain.java:176)
	at deployment.BsuPortal-1.0-SNAPSHOT.war//org.tuckey.web.filters.urlrewrite.RuleChain.doRules(RuleChain.java:145)
	at deployment.BsuPortal-1.0-SNAPSHOT.war//org.tuckey.web.filters.urlrewrite.UrlRewriter.processRequest(UrlRewriter.java:92)
	at deployment.BsuPortal-1.0-SNAPSHOT.war//org.tuckey.web.filters.urlrewrite.UrlRewriteFilter.doFilter(UrlRewriteFilter.java:405)
	at io.undertow.servlet@2.3.13.Final//io.undertow.servlet.core.ManagedFilter.doFilter(ManagedFilter.java:67)
	at io.undertow.servlet@2.3.13.Final//io.undertow.servlet.handlers.FilterHandler$FilterChainImpl.doFilter(FilterHandler.java:131)
	at io.undertow.servlet@2.3.13.Final//io.undertow.servlet.handlers.FilterHandler.handleRequest(FilterHandler.java:84)
	at io.undertow.servlet@2.3.13.Final//io.undertow.servlet.handlers.security.ServletSecurityRoleHandler.handleRequest(ServletSecurityRoleHandler.java:62)
	at io.undertow.jsp@2.2.7.Final//io.undertow.jsp.JspFileHandler.handleRequest(JspFileHandler.java:32)
	at io.undertow.servlet@2.3.13.Final//io.undertow.servlet.handlers.ServletChain$1.handleRequest(ServletChain.java:68)
	at io.undertow.servlet@2.3.13.Final//io.undertow.servlet.handlers.ServletDispatchingHandler.handleRequest(ServletDispatchingHandler.java:36)
	at org.wildfly.security.elytron-web.undertow-server@4.1.0.Final//org.wildfly.elytron.web.undertow.server.ElytronRunAsHandler.lambda$handleRequest$1(ElytronRunAsHandler.java:68)
	at org.wildfly.security.elytron-base@2.4.2.Final//org.wildfly.security.auth.server.FlexibleIdentityAssociation.runAsFunctionEx(FlexibleIdentityAssociation.java:103)
	at org.wildfly.security.elytron-base@2.4.2.Final//org.wildfly.security.auth.server.Scoped.runAsFunctionEx(Scoped.java:161)
	at org.wildfly.security.elytron-base@2.4.2.Final//org.wildfly.security.auth.server.Scoped.runAs(Scoped.java:73)
	at org.wildfly.security.elytron-web.undertow-server@4.1.0.Final//org.wildfly.elytron.web.undertow.server.ElytronRunAsHandler.handleRequest(ElytronRunAsHandler.java:67)
	at io.undertow.servlet@2.3.13.Final//io.undertow.servlet.handlers.RedirectDirHandler.handleRequest(RedirectDirHandler.java:68)
	at io.undertow.core@2.3.13.Final//io.undertow.server.handlers.PredicateHandler.handleRequest(PredicateHandler.java:43)
	at io.undertow.core@2.3.13.Final//io.undertow.server.handlers.PredicateHandler.handleRequest(PredicateHandler.java:43)
	at io.undertow.servlet@2.3.13.Final//io.undertow.servlet.handlers.ServletInitialHandler.dispatchRequest(ServletInitialHandler.java:258)
	at io.undertow.servlet@2.3.13.Final//io.undertow.servlet.handlers.ServletInitialHandler.dispatchToPath(ServletInitialHandler.java:183)
	at io.undertow.servlet@2.3.13.Final//io.undertow.servlet.spec.RequestDispatcherImpl.forwardImpl(RequestDispatcherImpl.java:188)
	at io.undertow.servlet@2.3.13.Final//io.undertow.servlet.spec.RequestDispatcherImpl.forwardImplSetup(RequestDispatcherImpl.java:136)
	at io.undertow.servlet@2.3.13.Final//io.undertow.servlet.spec.RequestDispatcherImpl.forward(RequestDispatcherImpl.java:99)
	at deployment.BsuPortal-1.0-SNAPSHOT.war//org.tuckey.web.filters.urlrewrite.NormalRewrittenUrl.doRewrite(NormalRewrittenUrl.java:233)
	at deployment.BsuPortal-1.0-SNAPSHOT.war//org.tuckey.web.filters.urlrewrite.RuleChain.handleRewrite(RuleChain.java:171)
	at deployment.BsuPortal-1.0-SNAPSHOT.war//org.tuckey.web.filters.urlrewrite.RuleChain.doRules(RuleChain.java:145)
	at deployment.BsuPortal-1.0-SNAPSHOT.war//org.tuckey.web.filters.urlrewrite.UrlRewriter.processRequest(UrlRewriter.java:92)
	at deployment.BsuPortal-1.0-SNAPSHOT.war//org.tuckey.web.filters.urlrewrite.UrlRewriteFilter.doFilter(UrlRewriteFilter.java:405)
	at io.undertow.servlet@2.3.13.Final//io.undertow.servlet.core.ManagedFilter.doFilter(ManagedFilter.java:67)
	at io.undertow.servlet@2.3.13.Final//io.undertow.servlet.handlers.FilterHandler$FilterChainImpl.doFilter(FilterHandler.java:131)
	at io.undertow.servlet@2.3.13.Final//io.undertow.servlet.handlers.FilterHandler.handleRequest(FilterHandler.java:84)
	at io.undertow.servlet@2.3.13.Final//io.undertow.servlet.handlers.security.ServletSecurityRoleHandler.handleRequest(ServletSecurityRoleHandler.java:62)
	at io.undertow.servlet@2.3.13.Final//io.undertow.servlet.handlers.ServletChain$1.handleRequest(ServletChain.java:68)
	at io.undertow.servlet@2.3.13.Final//io.undertow.servlet.handlers.ServletDispatchingHandler.handleRequest(ServletDispatchingHandler.java:36)
	at org.wildfly.security.elytron-web.undertow-server@4.1.0.Final//org.wildfly.elytron.web.undertow.server.ElytronRunAsHandler.lambda$handleRequest$1(ElytronRunAsHandler.java:68)
	at org.wildfly.security.elytron-base@2.4.2.Final//org.wildfly.security.auth.server.FlexibleIdentityAssociation.runAsFunctionEx(FlexibleIdentityAssociation.java:103)
	at org.wildfly.security.elytron-base@2.4.2.Final//org.wildfly.security.auth.server.Scoped.runAsFunctionEx(Scoped.java:161)
	at org.wildfly.security.elytron-base@2.4.2.Final//org.wildfly.security.auth.server.Scoped.runAs(Scoped.java:73)
	at org.wildfly.security.elytron-web.undertow-server@4.1.0.Final//org.wildfly.elytron.web.undertow.server.ElytronRunAsHandler.handleRequest(ElytronRunAsHandler.java:67)
	at io.undertow.servlet@2.3.13.Final//io.undertow.servlet.handlers.RedirectDirHandler.handleRequest(RedirectDirHandler.java:68)
	at io.undertow.servlet@2.3.13.Final//io.undertow.servlet.handlers.security.SSLInformationAssociationHandler.handleRequest(SSLInformationAssociationHandler.java:117)
	at io.undertow.servlet@2.3.13.Final//io.undertow.servlet.handlers.security.ServletAuthenticationCallHandler.handleRequest(ServletAuthenticationCallHandler.java:57)
	at io.undertow.core@2.3.13.Final//io.undertow.server.handlers.PredicateHandler.handleRequest(PredicateHandler.java:43)
	at io.undertow.core@2.3.13.Final//io.undertow.security.handlers.AbstractConfidentialityHandler.handleRequest(AbstractConfidentialityHandler.java:46)
	at io.undertow.servlet@2.3.13.Final//io.undertow.servlet.handlers.security.ServletConfidentialityConstraintHandler.handleRequest(ServletConfidentialityConstraintHandler.java:64)
	at io.undertow.core@2.3.13.Final//io.undertow.security.handlers.AbstractSecurityContextAssociationHandler.handleRequest(AbstractSecurityContextAssociationHandler.java:43)
	at org.wildfly.security.elytron-web.undertow-server-servlet@4.1.0.Final//org.wildfly.elytron.web.undertow.server.servlet.CleanUpHandler.handleRequest(CleanUpHandler.java:38)
	at io.undertow.core@2.3.13.Final//io.undertow.server.handlers.PredicateHandler.handleRequest(PredicateHandler.java:43)
	at org.wildfly.extension.undertow@32.0.1.Final//org.wildfly.extension.undertow.security.jacc.JACCContextIdHandler.handleRequest(JACCContextIdHandler.java:44)
	at io.undertow.core@2.3.13.Final//io.undertow.server.handlers.PredicateHandler.handleRequest(PredicateHandler.java:43)
	at org.wildfly.extension.undertow@32.0.1.Final//org.wildfly.extension.undertow.deployment.GlobalRequestControllerHandler.handleRequest(GlobalRequestControllerHandler.java:51)
	at io.undertow.servlet@2.3.13.Final//io.undertow.servlet.handlers.SendErrorPageHandler.handleRequest(SendErrorPageHandler.java:52)
	at io.undertow.core@2.3.13.Final//io.undertow.server.handlers.PredicateHandler.handleRequest(PredicateHandler.java:43)
	at io.undertow.servlet@2.3.13.Final//io.undertow.servlet.handlers.ServletInitialHandler.handleFirstRequest(ServletInitialHandler.java:276)
	at io.undertow.servlet@2.3.13.Final//io.undertow.servlet.handlers.ServletInitialHandler$2.call(ServletInitialHandler.java:135)
	at io.undertow.servlet@2.3.13.Final//io.undertow.servlet.handlers.ServletInitialHandler$2.call(ServletInitialHandler.java:132)
	at io.undertow.servlet@2.3.13.Final//io.undertow.servlet.core.ServletRequestContextThreadSetupAction$1.call(ServletRequestContextThreadSetupAction.java:48)
	at io.undertow.servlet@2.3.13.Final//io.undertow.servlet.core.ContextClassLoaderSetupAction$1.call(ContextClassLoaderSetupAction.java:43)
	at org.wildfly.extension.undertow@32.0.1.Final//org.wildfly.extension.undertow.deployment.UndertowDeploymentInfoService$UndertowThreadSetupAction.lambda$create$0(UndertowDeploymentInfoService.java:1421)
	at org.wildfly.extension.undertow@32.0.1.Final//org.wildfly.extension.undertow.deployment.UndertowDeploymentInfoService$UndertowThreadSetupAction.lambda$create$0(UndertowDeploymentInfoService.java:1421)
	at org.wildfly.extension.undertow@32.0.1.Final//org.wildfly.extension.undertow.deployment.UndertowDeploymentInfoService$UndertowThreadSetupAction.lambda$create$0(UndertowDeploymentInfoService.java:1421)
	at org.wildfly.extension.undertow@32.0.1.Final//org.wildfly.extension.undertow.deployment.UndertowDeploymentInfoService$UndertowThreadSetupAction.lambda$create$0(UndertowDeploymentInfoService.java:1421)
	at org.wildfly.extension.undertow@32.0.1.Final//org.wildfly.extension.undertow.deployment.UndertowDeploymentInfoService$UndertowThreadSetupAction.lambda$create$0(UndertowDeploymentInfoService.java:1421)
	at io.undertow.servlet@2.3.13.Final//io.undertow.servlet.handlers.ServletInitialHandler.dispatchRequest(ServletInitialHandler.java:256)
	at io.undertow.servlet@2.3.13.Final//io.undertow.servlet.handlers.ServletInitialHandler$1.handleRequest(ServletInitialHandler.java:101)
	at io.undertow.core@2.3.13.Final//io.undertow.server.Connectors.executeRootHandler(Connectors.java:393)
	at io.undertow.core@2.3.13.Final//io.undertow.server.HttpServerExchange$1.run(HttpServerExchange.java:859)
	at org.jboss.threads@2.4.0.Final//org.jboss.threads.ContextClassLoaderSavingRunnable.run(ContextClassLoaderSavingRunnable.java:35)
	at org.jboss.threads@2.4.0.Final//org.jboss.threads.EnhancedQueueExecutor.safeRun(EnhancedQueueExecutor.java:1990)
	at org.jboss.threads@2.4.0.Final//org.jboss.threads.EnhancedQueueExecutor$ThreadBody.doRunTask(EnhancedQueueExecutor.java:1486)
	at org.jboss.threads@2.4.0.Final//org.jboss.threads.EnhancedQueueExecutor$ThreadBody.run(EnhancedQueueExecutor.java:1377)
	at org.jboss.xnio@3.8.15.Final//org.xnio.XnioWorker$WorkerThreadFactory$1$1.run(XnioWorker.java:1282)
	at java.base/java.lang.Thread.run(Thread.java:1570)
Caused by: java.lang.NullPointerException: Cannot invoke "com.mnl.bsum.bsuportal.entities.Users.getDefaultRole()" because "user" is null
	at org.apache.jsp.studentdashboard_jsp._jspService(studentdashboard_jsp.java:265)
	at io.undertow.jsp@2.2.7.Final//org.apache.jasper.runtime.HttpJspBase.service(HttpJspBase.java:70)
	at jakarta.servlet.api@6.0.0//jakarta.servlet.http.HttpServlet.service(HttpServlet.java:614)
	at io.undertow.jsp@2.2.7.Final//org.apache.jasper.servlet.JspServletWrapper.service(JspServletWrapper.java:422)
	... 79 more

2025-05-06 02:09:04,167 ERROR [io.undertow.request] (default task-1) UT005023: Exception handling request to /stdpaymenthistory.jsp: org.apache.jasper.JasperException: java.lang.NullPointerException: Cannot invoke "com.mnl.bsum.bsuportal.entities.Users.getDefaultRole()" because "user" is null
	at io.undertow.jsp@2.2.7.Final//org.apache.jasper.servlet.JspServletWrapper.service(JspServletWrapper.java:461)
	at io.undertow.jsp@2.2.7.Final//org.apache.jasper.servlet.JspServlet.serviceJspFile(JspServlet.java:403)
	at io.undertow.jsp@2.2.7.Final//org.apache.jasper.servlet.JspServlet.service(JspServlet.java:347)
	at jakarta.servlet.api@6.0.0//jakarta.servlet.http.HttpServlet.service(HttpServlet.java:614)
	at io.undertow.servlet@2.3.13.Final//io.undertow.servlet.handlers.ServletHandler.handleRequest(ServletHandler.java:74)
	at io.undertow.servlet@2.3.13.Final//io.undertow.servlet.handlers.FilterHandler$FilterChainImpl.doFilter(FilterHandler.java:129)
	at deployment.BsuPortal-1.0-SNAPSHOT.war//org.tuckey.web.filters.urlrewrite.RuleChain.handleRewrite(RuleChain.java:176)
	at deployment.BsuPortal-1.0-SNAPSHOT.war//org.tuckey.web.filters.urlrewrite.RuleChain.doRules(RuleChain.java:145)
	at deployment.BsuPortal-1.0-SNAPSHOT.war//org.tuckey.web.filters.urlrewrite.UrlRewriter.processRequest(UrlRewriter.java:92)
	at deployment.BsuPortal-1.0-SNAPSHOT.war//org.tuckey.web.filters.urlrewrite.UrlRewriteFilter.doFilter(UrlRewriteFilter.java:405)
	at io.undertow.servlet@2.3.13.Final//io.undertow.servlet.core.ManagedFilter.doFilter(ManagedFilter.java:67)
	at io.undertow.servlet@2.3.13.Final//io.undertow.servlet.handlers.FilterHandler$FilterChainImpl.doFilter(FilterHandler.java:131)
	at io.undertow.servlet@2.3.13.Final//io.undertow.servlet.handlers.FilterHandler.handleRequest(FilterHandler.java:84)
	at io.undertow.servlet@2.3.13.Final//io.undertow.servlet.handlers.security.ServletSecurityRoleHandler.handleRequest(ServletSecurityRoleHandler.java:62)
	at io.undertow.jsp@2.2.7.Final//io.undertow.jsp.JspFileHandler.handleRequest(JspFileHandler.java:32)
	at io.undertow.servlet@2.3.13.Final//io.undertow.servlet.handlers.ServletChain$1.handleRequest(ServletChain.java:68)
	at io.undertow.servlet@2.3.13.Final//io.undertow.servlet.handlers.ServletDispatchingHandler.handleRequest(ServletDispatchingHandler.java:36)
	at org.wildfly.security.elytron-web.undertow-server@4.1.0.Final//org.wildfly.elytron.web.undertow.server.ElytronRunAsHandler.lambda$handleRequest$1(ElytronRunAsHandler.java:68)
	at org.wildfly.security.elytron-base@2.4.2.Final//org.wildfly.security.auth.server.FlexibleIdentityAssociation.runAsFunctionEx(FlexibleIdentityAssociation.java:103)
	at org.wildfly.security.elytron-base@2.4.2.Final//org.wildfly.security.auth.server.Scoped.runAsFunctionEx(Scoped.java:161)
	at org.wildfly.security.elytron-base@2.4.2.Final//org.wildfly.security.auth.server.Scoped.runAs(Scoped.java:73)
	at org.wildfly.security.elytron-web.undertow-server@4.1.0.Final//org.wildfly.elytron.web.undertow.server.ElytronRunAsHandler.handleRequest(ElytronRunAsHandler.java:67)
	at io.undertow.servlet@2.3.13.Final//io.undertow.servlet.handlers.RedirectDirHandler.handleRequest(RedirectDirHandler.java:68)
	at io.undertow.core@2.3.13.Final//io.undertow.server.handlers.PredicateHandler.handleRequest(PredicateHandler.java:43)
	at io.undertow.core@2.3.13.Final//io.undertow.server.handlers.PredicateHandler.handleRequest(PredicateHandler.java:43)
	at io.undertow.servlet@2.3.13.Final//io.undertow.servlet.handlers.ServletInitialHandler.dispatchRequest(ServletInitialHandler.java:258)
	at io.undertow.servlet@2.3.13.Final//io.undertow.servlet.handlers.ServletInitialHandler.dispatchToPath(ServletInitialHandler.java:183)
	at io.undertow.servlet@2.3.13.Final//io.undertow.servlet.spec.RequestDispatcherImpl.forwardImpl(RequestDispatcherImpl.java:188)
	at io.undertow.servlet@2.3.13.Final//io.undertow.servlet.spec.RequestDispatcherImpl.forwardImplSetup(RequestDispatcherImpl.java:136)
	at io.undertow.servlet@2.3.13.Final//io.undertow.servlet.spec.RequestDispatcherImpl.forward(RequestDispatcherImpl.java:99)
	at deployment.BsuPortal-1.0-SNAPSHOT.war//org.tuckey.web.filters.urlrewrite.NormalRewrittenUrl.doRewrite(NormalRewrittenUrl.java:233)
	at deployment.BsuPortal-1.0-SNAPSHOT.war//org.tuckey.web.filters.urlrewrite.RuleChain.handleRewrite(RuleChain.java:171)
	at deployment.BsuPortal-1.0-SNAPSHOT.war//org.tuckey.web.filters.urlrewrite.RuleChain.doRules(RuleChain.java:145)
	at deployment.BsuPortal-1.0-SNAPSHOT.war//org.tuckey.web.filters.urlrewrite.UrlRewriter.processRequest(UrlRewriter.java:92)
	at deployment.BsuPortal-1.0-SNAPSHOT.war//org.tuckey.web.filters.urlrewrite.UrlRewriteFilter.doFilter(UrlRewriteFilter.java:405)
	at io.undertow.servlet@2.3.13.Final//io.undertow.servlet.core.ManagedFilter.doFilter(ManagedFilter.java:67)
	at io.undertow.servlet@2.3.13.Final//io.undertow.servlet.handlers.FilterHandler$FilterChainImpl.doFilter(FilterHandler.java:131)
	at io.undertow.servlet@2.3.13.Final//io.undertow.servlet.handlers.FilterHandler.handleRequest(FilterHandler.java:84)
	at io.undertow.servlet@2.3.13.Final//io.undertow.servlet.handlers.security.ServletSecurityRoleHandler.handleRequest(ServletSecurityRoleHandler.java:62)
	at io.undertow.servlet@2.3.13.Final//io.undertow.servlet.handlers.ServletChain$1.handleRequest(ServletChain.java:68)
	at io.undertow.servlet@2.3.13.Final//io.undertow.servlet.handlers.ServletDispatchingHandler.handleRequest(ServletDispatchingHandler.java:36)
	at org.wildfly.security.elytron-web.undertow-server@4.1.0.Final//org.wildfly.elytron.web.undertow.server.ElytronRunAsHandler.lambda$handleRequest$1(ElytronRunAsHandler.java:68)
	at org.wildfly.security.elytron-base@2.4.2.Final//org.wildfly.security.auth.server.FlexibleIdentityAssociation.runAsFunctionEx(FlexibleIdentityAssociation.java:103)
	at org.wildfly.security.elytron-base@2.4.2.Final//org.wildfly.security.auth.server.Scoped.runAsFunctionEx(Scoped.java:161)
	at org.wildfly.security.elytron-base@2.4.2.Final//org.wildfly.security.auth.server.Scoped.runAs(Scoped.java:73)
	at org.wildfly.security.elytron-web.undertow-server@4.1.0.Final//org.wildfly.elytron.web.undertow.server.ElytronRunAsHandler.handleRequest(ElytronRunAsHandler.java:67)
	at io.undertow.servlet@2.3.13.Final//io.undertow.servlet.handlers.RedirectDirHandler.handleRequest(RedirectDirHandler.java:68)
	at io.undertow.servlet@2.3.13.Final//io.undertow.servlet.handlers.security.SSLInformationAssociationHandler.handleRequest(SSLInformationAssociationHandler.java:117)
	at io.undertow.servlet@2.3.13.Final//io.undertow.servlet.handlers.security.ServletAuthenticationCallHandler.handleRequest(ServletAuthenticationCallHandler.java:57)
	at io.undertow.core@2.3.13.Final//io.undertow.server.handlers.PredicateHandler.handleRequest(PredicateHandler.java:43)
	at io.undertow.core@2.3.13.Final//io.undertow.security.handlers.AbstractConfidentialityHandler.handleRequest(AbstractConfidentialityHandler.java:46)
	at io.undertow.servlet@2.3.13.Final//io.undertow.servlet.handlers.security.ServletConfidentialityConstraintHandler.handleRequest(ServletConfidentialityConstraintHandler.java:64)
	at io.undertow.core@2.3.13.Final//io.undertow.security.handlers.AbstractSecurityContextAssociationHandler.handleRequest(AbstractSecurityContextAssociationHandler.java:43)
	at org.wildfly.security.elytron-web.undertow-server-servlet@4.1.0.Final//org.wildfly.elytron.web.undertow.server.servlet.CleanUpHandler.handleRequest(CleanUpHandler.java:38)
	at io.undertow.core@2.3.13.Final//io.undertow.server.handlers.PredicateHandler.handleRequest(PredicateHandler.java:43)
	at org.wildfly.extension.undertow@32.0.1.Final//org.wildfly.extension.undertow.security.jacc.JACCContextIdHandler.handleRequest(JACCContextIdHandler.java:44)
	at io.undertow.core@2.3.13.Final//io.undertow.server.handlers.PredicateHandler.handleRequest(PredicateHandler.java:43)
	at org.wildfly.extension.undertow@32.0.1.Final//org.wildfly.extension.undertow.deployment.GlobalRequestControllerHandler.handleRequest(GlobalRequestControllerHandler.java:51)
	at io.undertow.servlet@2.3.13.Final//io.undertow.servlet.handlers.SendErrorPageHandler.handleRequest(SendErrorPageHandler.java:52)
	at io.undertow.core@2.3.13.Final//io.undertow.server.handlers.PredicateHandler.handleRequest(PredicateHandler.java:43)
	at io.undertow.servlet@2.3.13.Final//io.undertow.servlet.handlers.ServletInitialHandler.handleFirstRequest(ServletInitialHandler.java:276)
	at io.undertow.servlet@2.3.13.Final//io.undertow.servlet.handlers.ServletInitialHandler$2.call(ServletInitialHandler.java:135)
	at io.undertow.servlet@2.3.13.Final//io.undertow.servlet.handlers.ServletInitialHandler$2.call(ServletInitialHandler.java:132)
	at io.undertow.servlet@2.3.13.Final//io.undertow.servlet.core.ServletRequestContextThreadSetupAction$1.call(ServletRequestContextThreadSetupAction.java:48)
	at io.undertow.servlet@2.3.13.Final//io.undertow.servlet.core.ContextClassLoaderSetupAction$1.call(ContextClassLoaderSetupAction.java:43)
	at org.wildfly.extension.undertow@32.0.1.Final//org.wildfly.extension.undertow.deployment.UndertowDeploymentInfoService$UndertowThreadSetupAction.lambda$create$0(UndertowDeploymentInfoService.java:1421)
	at org.wildfly.extension.undertow@32.0.1.Final//org.wildfly.extension.undertow.deployment.UndertowDeploymentInfoService$UndertowThreadSetupAction.lambda$create$0(UndertowDeploymentInfoService.java:1421)
	at org.wildfly.extension.undertow@32.0.1.Final//org.wildfly.extension.undertow.deployment.UndertowDeploymentInfoService$UndertowThreadSetupAction.lambda$create$0(UndertowDeploymentInfoService.java:1421)
	at org.wildfly.extension.undertow@32.0.1.Final//org.wildfly.extension.undertow.deployment.UndertowDeploymentInfoService$UndertowThreadSetupAction.lambda$create$0(UndertowDeploymentInfoService.java:1421)
	at org.wildfly.extension.undertow@32.0.1.Final//org.wildfly.extension.undertow.deployment.UndertowDeploymentInfoService$UndertowThreadSetupAction.lambda$create$0(UndertowDeploymentInfoService.java:1421)
	at io.undertow.servlet@2.3.13.Final//io.undertow.servlet.handlers.ServletInitialHandler.dispatchRequest(ServletInitialHandler.java:256)
	at io.undertow.servlet@2.3.13.Final//io.undertow.servlet.handlers.ServletInitialHandler$1.handleRequest(ServletInitialHandler.java:101)
	at io.undertow.core@2.3.13.Final//io.undertow.server.Connectors.executeRootHandler(Connectors.java:393)
	at io.undertow.core@2.3.13.Final//io.undertow.server.HttpServerExchange$1.run(HttpServerExchange.java:859)
	at org.jboss.threads@2.4.0.Final//org.jboss.threads.ContextClassLoaderSavingRunnable.run(ContextClassLoaderSavingRunnable.java:35)
	at org.jboss.threads@2.4.0.Final//org.jboss.threads.EnhancedQueueExecutor.safeRun(EnhancedQueueExecutor.java:1990)
	at org.jboss.threads@2.4.0.Final//org.jboss.threads.EnhancedQueueExecutor$ThreadBody.doRunTask(EnhancedQueueExecutor.java:1486)
	at org.jboss.threads@2.4.0.Final//org.jboss.threads.EnhancedQueueExecutor$ThreadBody.run(EnhancedQueueExecutor.java:1377)
	at org.jboss.xnio@3.8.15.Final//org.xnio.XnioWorker$WorkerThreadFactory$1$1.run(XnioWorker.java:1282)
	at java.base/java.lang.Thread.run(Thread.java:1570)
Caused by: java.lang.NullPointerException: Cannot invoke "com.mnl.bsum.bsuportal.entities.Users.getDefaultRole()" because "user" is null
	at org.apache.jsp.stdpaymenthistory_jsp._jspService(stdpaymenthistory_jsp.java:266)
	at io.undertow.jsp@2.2.7.Final//org.apache.jasper.runtime.HttpJspBase.service(HttpJspBase.java:70)
	at jakarta.servlet.api@6.0.0//jakarta.servlet.http.HttpServlet.service(HttpServlet.java:614)
	at io.undertow.jsp@2.2.7.Final//org.apache.jasper.servlet.JspServletWrapper.service(JspServletWrapper.java:422)
	... 79 more

2025-05-06 02:19:08,420 INFO  [org.jboss.as.server] (Thread-1) WFLYSRV0272: Suspending server
2025-05-06 02:19:08,445 INFO  [org.jboss.as.ejb3] (Thread-1) WFLYEJB0493: Jakarta Enterprise Beans subsystem suspension complete
2025-05-06 02:19:08,463 INFO  [org.jboss.as.server] (Thread-1) WFLYSRV0220: Server shutdown has been requested via an OS signal
2025-05-06 02:19:08,502 INFO  [org.jboss.as.mail.extension] (MSC service thread 1-7) WFLYMAIL0002: Unbound mail session [java:jboss/mail/Default]
2025-05-06 02:19:08,519 INFO  [org.wildfly.extension.undertow] (ServerService Thread Pool -- 92) WFLYUT0022: Unregistered web context: '/restore' from server 'default-server'
2025-05-06 02:19:08,534 INFO  [org.wildfly.extension.undertow] (ServerService Thread Pool -- 93) WFLYUT0022: Unregistered web context: '/' from server 'default-server'
2025-05-06 02:19:08,544 INFO  [io.undertow.servlet] (ServerService Thread Pool -- 93) org.tuckey.web.filters.urlrewrite.UrlRewriteFilter INFO: destroy called
2025-05-06 02:19:08,565 INFO  [org.jboss.as.jpa] (ServerService Thread Pool -- 94) WFLYJPA0011: Stopping Persistence Unit (phase 2 of 2) Service 'BSUPortalRestore-1.0-SNAPSHOT.war#JakartaDS'
2025-05-06 02:19:08,567 INFO  [org.wildfly.extension.undertow] (MSC service thread 1-2) WFLYUT0019: Host default-host stopping
2025-05-06 02:19:08,576 INFO  [org.hibernate.orm.beans] (ServerService Thread Pool -- 94) HHH10005004: Stopping BeanContainer : org.hibernate.resource.beans.container.internal.CdiBeanContainerExtendedAccessImpl@4cbb64e6
2025-05-06 02:19:08,581 INFO  [org.jboss.as.jpa] (ServerService Thread Pool -- 94) WFLYJPA0011: Stopping Persistence Unit (phase 1 of 2) Service 'BSUPortalRestore-1.0-SNAPSHOT.war#JakartaDS'
2025-05-06 02:19:08,585 INFO  [org.jboss.as.connector.subsystems.datasources] (MSC service thread 1-2) WFLYJCA0010: Unbound data source [java:jboss/datasources/MariadbDS]
2025-05-06 02:19:08,597 INFO  [org.jboss.as.connector.subsystems.datasources] (MSC service thread 1-3) WFLYJCA0010: Unbound data source [java:jboss/datasources/ExampleDS]
2025-05-06 02:19:08,597 INFO  [org.jboss.as.connector.deployers.jdbc] (MSC service thread 1-4) WFLYJCA0019: Stopped Driver service with driver-name = h2
2025-05-06 02:19:08,597 INFO  [org.jboss.as.jpa] (ServerService Thread Pool -- 102) WFLYJPA0011: Stopping Persistence Unit (phase 2 of 2) Service 'BsuPortal-1.0-SNAPSHOT.war#JakartaDS'
2025-05-06 02:19:08,605 INFO  [org.hibernate.orm.beans] (ServerService Thread Pool -- 102) HHH10005004: Stopping BeanContainer : org.hibernate.resource.beans.container.internal.CdiBeanContainerExtendedAccessImpl@7db77320
2025-05-06 02:19:08,605 INFO  [org.jboss.as.connector.deployers.jdbc] (MSC service thread 1-1) WFLYJCA0019: Stopped Driver service with driver-name = mariadb
2025-05-06 02:19:08,605 INFO  [org.jboss.as.jpa] (ServerService Thread Pool -- 102) WFLYJPA0011: Stopping Persistence Unit (phase 1 of 2) Service 'BsuPortal-1.0-SNAPSHOT.war#JakartaDS'
2025-05-06 02:19:08,606 INFO  [org.jboss.as.connector.subsystems.datasources] (MSC service thread 1-4) WFLYJCA0010: Unbound data source [java:jboss/datasources/PostgresDS]
2025-05-06 02:19:08,607 INFO  [org.wildfly.extension.undertow] (MSC service thread 1-5) WFLYUT0008: Undertow HTTPS listener https suspending
2025-05-06 02:19:08,607 INFO  [org.wildfly.extension.undertow] (MSC service thread 1-3) WFLYUT0008: Undertow HTTP listener default suspending
2025-05-06 02:19:08,608 INFO  [org.wildfly.extension.undertow] (MSC service thread 1-5) WFLYUT0007: Undertow HTTPS listener https stopped, was bound to 0.0.0.0:8443
2025-05-06 02:19:08,608 INFO  [org.wildfly.extension.undertow] (MSC service thread 1-3) WFLYUT0007: Undertow HTTP listener default stopped, was bound to 0.0.0.0:8080
2025-05-06 02:19:08,608 INFO  [org.wildfly.extension.undertow] (MSC service thread 1-3) WFLYUT0004: Undertow 2.3.13.Final stopping
2025-05-06 02:19:08,609 INFO  [org.jboss.as.server.deployment] (MSC service thread 1-2) WFLYSRV0028: Stopped deployment BSUPortalRestore-1.0-SNAPSHOT.war (runtime-name: BSUPortalRestore-1.0-SNAPSHOT.war) in 124ms
2025-05-06 02:19:08,616 INFO  [org.jboss.as.connector.deployers.jdbc] (MSC service thread 1-2) WFLYJCA0019: Stopped Driver service with driver-name = postgresql
2025-05-06 02:19:08,648 ERROR [io.undertow.request] (default task-1) UT005023: Exception handling request to /DownloadReceipt: ExceptionConverter: java.io.IOException: UT010029: Stream is closed
Caused by: java.io.IOException: UT010029: Stream is closed
	at io.undertow.servlet@2.3.13.Final//io.undertow.servlet.spec.ServletOutputStreamImpl.write(ServletOutputStreamImpl.java:139)
	at java.base/java.io.BufferedOutputStream.flushBuffer(BufferedOutputStream.java:125)
	at java.base/java.io.BufferedOutputStream.implFlush(BufferedOutputStream.java:252)
	at java.base/java.io.BufferedOutputStream.flush(BufferedOutputStream.java:240)
	at deployment.BsuPortal-1.0-SNAPSHOT.war//com.itextpdf.text.pdf.OutputStreamCounter.flush(OutputStreamCounter.java:90)
	at deployment.BsuPortal-1.0-SNAPSHOT.war//com.itextpdf.text.DocWriter.close(DocWriter.java:234)
	at deployment.BsuPortal-1.0-SNAPSHOT.war//com.itextpdf.text.pdf.PdfWriter.close(PdfWriter.java:1341)
	at deployment.BsuPortal-1.0-SNAPSHOT.war//com.itextpdf.text.pdf.PdfDocument.close(PdfDocument.java:901)
	at deployment.BsuPortal-1.0-SNAPSHOT.war//com.itextpdf.text.Document.close(Document.java:416)
	at deployment.BsuPortal-1.0-SNAPSHOT.war//com.mnl.bsum.bsuportal.servlet.DownloadReceipt.processRequest(DownloadReceipt.java:396)
	at deployment.BsuPortal-1.0-SNAPSHOT.war//com.mnl.bsum.bsuportal.servlet.DownloadReceipt.doGet(DownloadReceipt.java:414)
	at jakarta.servlet.api@6.0.0//jakarta.servlet.http.HttpServlet.service(HttpServlet.java:527)
	at jakarta.servlet.api@6.0.0//jakarta.servlet.http.HttpServlet.service(HttpServlet.java:614)
	at io.undertow.servlet@2.3.13.Final//io.undertow.servlet.handlers.ServletHandler.handleRequest(ServletHandler.java:74)
	at io.undertow.servlet@2.3.13.Final//io.undertow.servlet.handlers.FilterHandler$FilterChainImpl.doFilter(FilterHandler.java:129)
	at deployment.BsuPortal-1.0-SNAPSHOT.war//org.tuckey.web.filters.urlrewrite.RuleChain.handleRewrite(RuleChain.java:176)
	at deployment.BsuPortal-1.0-SNAPSHOT.war//org.tuckey.web.filters.urlrewrite.RuleChain.doRules(RuleChain.java:145)
	at deployment.BsuPortal-1.0-SNAPSHOT.war//org.tuckey.web.filters.urlrewrite.UrlRewriter.processRequest(UrlRewriter.java:92)
	at deployment.BsuPortal-1.0-SNAPSHOT.war//org.tuckey.web.filters.urlrewrite.UrlRewriteFilter.doFilter(UrlRewriteFilter.java:405)
	at io.undertow.servlet@2.3.13.Final//io.undertow.servlet.core.ManagedFilter.doFilter(ManagedFilter.java:67)
	at io.undertow.servlet@2.3.13.Final//io.undertow.servlet.handlers.FilterHandler$FilterChainImpl.doFilter(FilterHandler.java:131)
	at io.undertow.servlet@2.3.13.Final//io.undertow.servlet.handlers.FilterHandler.handleRequest(FilterHandler.java:84)
	at io.undertow.servlet@2.3.13.Final//io.undertow.servlet.handlers.security.ServletSecurityRoleHandler.handleRequest(ServletSecurityRoleHandler.java:62)
	at io.undertow.servlet@2.3.13.Final//io.undertow.servlet.handlers.ServletChain$1.handleRequest(ServletChain.java:68)
	at io.undertow.servlet@2.3.13.Final//io.undertow.servlet.handlers.ServletDispatchingHandler.handleRequest(ServletDispatchingHandler.java:36)
	at org.wildfly.security.elytron-web.undertow-server@4.1.0.Final//org.wildfly.elytron.web.undertow.server.ElytronRunAsHandler.lambda$handleRequest$1(ElytronRunAsHandler.java:68)
	at org.wildfly.security.elytron-base@2.4.2.Final//org.wildfly.security.auth.server.FlexibleIdentityAssociation.runAsFunctionEx(FlexibleIdentityAssociation.java:103)
	at org.wildfly.security.elytron-base@2.4.2.Final//org.wildfly.security.auth.server.Scoped.runAsFunctionEx(Scoped.java:161)
	at org.wildfly.security.elytron-base@2.4.2.Final//org.wildfly.security.auth.server.Scoped.runAs(Scoped.java:73)
	at org.wildfly.security.elytron-web.undertow-server@4.1.0.Final//org.wildfly.elytron.web.undertow.server.ElytronRunAsHandler.handleRequest(ElytronRunAsHandler.java:67)
	at io.undertow.servlet@2.3.13.Final//io.undertow.servlet.handlers.RedirectDirHandler.handleRequest(RedirectDirHandler.java:68)
	at io.undertow.servlet@2.3.13.Final//io.undertow.servlet.handlers.security.SSLInformationAssociationHandler.handleRequest(SSLInformationAssociationHandler.java:117)
	at io.undertow.servlet@2.3.13.Final//io.undertow.servlet.handlers.security.ServletAuthenticationCallHandler.handleRequest(ServletAuthenticationCallHandler.java:57)
	at io.undertow.core@2.3.13.Final//io.undertow.server.handlers.PredicateHandler.handleRequest(PredicateHandler.java:43)
	at io.undertow.core@2.3.13.Final//io.undertow.security.handlers.AbstractConfidentialityHandler.handleRequest(AbstractConfidentialityHandler.java:46)
	at io.undertow.servlet@2.3.13.Final//io.undertow.servlet.handlers.security.ServletConfidentialityConstraintHandler.handleRequest(ServletConfidentialityConstraintHandler.java:64)
	at io.undertow.core@2.3.13.Final//io.undertow.security.handlers.AbstractSecurityContextAssociationHandler.handleRequest(AbstractSecurityContextAssociationHandler.java:43)
	at org.wildfly.security.elytron-web.undertow-server-servlet@4.1.0.Final//org.wildfly.elytron.web.undertow.server.servlet.CleanUpHandler.handleRequest(CleanUpHandler.java:38)
	at io.undertow.core@2.3.13.Final//io.undertow.server.handlers.PredicateHandler.handleRequest(PredicateHandler.java:43)
	at org.wildfly.extension.undertow@32.0.1.Final//org.wildfly.extension.undertow.security.jacc.JACCContextIdHandler.handleRequest(JACCContextIdHandler.java:44)
	at io.undertow.core@2.3.13.Final//io.undertow.server.handlers.PredicateHandler.handleRequest(PredicateHandler.java:43)
	at org.wildfly.extension.undertow@32.0.1.Final//org.wildfly.extension.undertow.deployment.GlobalRequestControllerHandler.handleRequest(GlobalRequestControllerHandler.java:51)
	at io.undertow.servlet@2.3.13.Final//io.undertow.servlet.handlers.SendErrorPageHandler.handleRequest(SendErrorPageHandler.java:52)
	at io.undertow.core@2.3.13.Final//io.undertow.server.handlers.PredicateHandler.handleRequest(PredicateHandler.java:43)
	at io.undertow.servlet@2.3.13.Final//io.undertow.servlet.handlers.ServletInitialHandler.handleFirstRequest(ServletInitialHandler.java:276)
	at io.undertow.servlet@2.3.13.Final//io.undertow.servlet.handlers.ServletInitialHandler$2.call(ServletInitialHandler.java:135)
	at io.undertow.servlet@2.3.13.Final//io.undertow.servlet.handlers.ServletInitialHandler$2.call(ServletInitialHandler.java:132)
	at io.undertow.servlet@2.3.13.Final//io.undertow.servlet.core.ServletRequestContextThreadSetupAction$1.call(ServletRequestContextThreadSetupAction.java:48)
	at io.undertow.servlet@2.3.13.Final//io.undertow.servlet.core.ContextClassLoaderSetupAction$1.call(ContextClassLoaderSetupAction.java:43)
	at org.wildfly.extension.undertow@32.0.1.Final//org.wildfly.extension.undertow.deployment.UndertowDeploymentInfoService$UndertowThreadSetupAction.lambda$create$0(UndertowDeploymentInfoService.java:1421)
	at org.wildfly.extension.undertow@32.0.1.Final//org.wildfly.extension.undertow.deployment.UndertowDeploymentInfoService$UndertowThreadSetupAction.lambda$create$0(UndertowDeploymentInfoService.java:1421)
	at org.wildfly.extension.undertow@32.0.1.Final//org.wildfly.extension.undertow.deployment.UndertowDeploymentInfoService$UndertowThreadSetupAction.lambda$create$0(UndertowDeploymentInfoService.java:1421)
	at org.wildfly.extension.undertow@32.0.1.Final//org.wildfly.extension.undertow.deployment.UndertowDeploymentInfoService$UndertowThreadSetupAction.lambda$create$0(UndertowDeploymentInfoService.java:1421)
	at org.wildfly.extension.undertow@32.0.1.Final//org.wildfly.extension.undertow.deployment.UndertowDeploymentInfoService$UndertowThreadSetupAction.lambda$create$0(UndertowDeploymentInfoService.java:1421)
	at io.undertow.servlet@2.3.13.Final//io.undertow.servlet.handlers.ServletInitialHandler.dispatchRequest(ServletInitialHandler.java:256)
	at io.undertow.servlet@2.3.13.Final//io.undertow.servlet.handlers.ServletInitialHandler$1.handleRequest(ServletInitialHandler.java:101)
	at io.undertow.core@2.3.13.Final//io.undertow.server.Connectors.executeRootHandler(Connectors.java:393)
	at io.undertow.core@2.3.13.Final//io.undertow.server.HttpServerExchange$1.run(HttpServerExchange.java:859)
	at org.jboss.threads@2.4.0.Final//org.jboss.threads.ContextClassLoaderSavingRunnable.run(ContextClassLoaderSavingRunnable.java:35)
	at org.jboss.threads@2.4.0.Final//org.jboss.threads.EnhancedQueueExecutor.safeRun(EnhancedQueueExecutor.java:1990)
	at org.jboss.threads@2.4.0.Final//org.jboss.threads.EnhancedQueueExecutor$ThreadBody.doRunTask(EnhancedQueueExecutor.java:1486)
	at org.jboss.threads@2.4.0.Final//org.jboss.threads.EnhancedQueueExecutor$ThreadBody.run(EnhancedQueueExecutor.java:1377)
	at org.jboss.xnio@3.8.15.Final//org.xnio.XnioWorker$WorkerThreadFactory$1$1.run(XnioWorker.java:1282)
	at java.base/java.lang.Thread.run(Thread.java:1570)

2025-05-06 02:19:08,673 INFO  [org.jboss.as.server.deployment] (MSC service thread 1-7) WFLYSRV0028: Stopped deployment BsuPortal-1.0-SNAPSHOT.war (runtime-name: BsuPortal-1.0-SNAPSHOT.war) in 203ms
2025-05-06 02:19:08,677 INFO  [org.jboss.as] (MSC service thread 1-2) WFLYSRV0050: WildFly Full 32.0.1.Final (WildFly Core 24.0.1.Final) stopped in 206ms
2025-05-06 02:19:31,344 INFO  [org.jboss.modules] (main) JBoss Modules version 2.1.5.Final
2025-05-06 02:19:32,332 INFO  [org.jboss.msc] (main) JBoss MSC version 1.5.4.Final
2025-05-06 02:19:32,342 INFO  [org.jboss.threads] (main) JBoss Threads version 2.4.0.Final
2025-05-06 02:19:32,484 INFO  [org.jboss.as] (MSC service thread 1-2) WFLYSRV0049: WildFly Full 32.0.1.Final (WildFly Core 24.0.1.Final) starting
2025-05-06 02:19:32,486 DEBUG [org.jboss.as.config] (MSC service thread 1-2) Configured system properties:
	[Standalone] = 
	file.encoding = UTF-8
	file.separator = /
	java.awt.headless = true
	java.class.path = /opt/wildfly/jboss-modules.jar
	java.class.version = 66.0
	java.home = /usr/lib/jvm/jdk-22.0.2-oracle-x64
	java.io.tmpdir = /tmp
	java.library.path = /usr/java/packages/lib:/usr/lib64:/lib64:/lib:/usr/lib
	java.net.preferIPv4Stack = true
	java.runtime.name = Java(TM) SE Runtime Environment
	java.runtime.version = 22.0.2+9-70
	java.security.manager = allow
	java.specification.name = Java Platform API Specification
	java.specification.vendor = Oracle Corporation
	java.specification.version = 22
	java.util.logging.manager = org.jboss.logmanager.LogManager
	java.vendor = Oracle Corporation
	java.vendor.url = https://java.oracle.com/
	java.vendor.url.bug = https://bugreport.java.com/bugreport/
	java.version = 22.0.2
	java.version.date = 2024-07-16
	java.vm.compressedOopsMode = Zero based
	java.vm.info = mixed mode, sharing
	java.vm.name = Java HotSpot(TM) 64-Bit Server VM
	java.vm.specification.name = Java Virtual Machine Specification
	java.vm.specification.vendor = Oracle Corporation
	java.vm.specification.version = 22
	java.vm.vendor = Oracle Corporation
	java.vm.version = 22.0.2+9-70
	javax.management.builder.initial = org.jboss.as.jmx.PluggableMBeanServerBuilder
	jboss.bind.address = 0.0.0.0
	jboss.home.dir = /opt/wildfly
	jboss.host.name = alma
	jboss.modules.system.pkgs = org.jboss.byteman
	jboss.node.name = alma
	jboss.qualified.host.name = alma.bsum.edu.ng
	jboss.server.base.dir = /opt/wildfly/standalone
	jboss.server.config.dir = /opt/wildfly/standalone/configuration
	jboss.server.data.dir = /opt/wildfly/standalone/data
	jboss.server.log.dir = /opt/wildfly/standalone/log
	jboss.server.name = alma
	jboss.server.persist.config = true
	jboss.server.temp.dir = /opt/wildfly/standalone/tmp
	jdk.debug = release
	jdk.serialFilter = maxbytes=10485760;maxdepth=128;maxarray=100000;maxrefs=300000
	line.separator = 

	logging.configuration = file:/opt/wildfly/standalone/configuration/logging.properties
	module.path = /opt/wildfly/modules
	native.encoding = UTF-8
	org.jboss.boot.log.file = /opt/wildfly/standalone/log/server.log
	org.jboss.resolver.warning = true
	os.arch = amd64
	os.name = Linux
	os.version = 5.4.0-214-generic
	path.separator = :
	stderr.encoding = UTF-8
	stdout.encoding = UTF-8
	sun.arch.data.model = 64
	sun.boot.library.path = /usr/lib/jvm/jdk-22.0.2-oracle-x64/lib
	sun.cpu.endian = little
	sun.io.unicode.encoding = UnicodeLittle
	sun.java.command = /opt/wildfly/jboss-modules.jar -mp /opt/wildfly/modules org.jboss.as.standalone -Djboss.home.dir=/opt/wildfly -Djboss.server.base.dir=/opt/wildfly/standalone -c standalone.xml -b 0.0.0.0
	sun.java.launcher = SUN_STANDARD
	sun.jnu.encoding = UTF-8
	sun.management.compiler = HotSpot 64-Bit Tiered Compilers
	user.country = US
	user.dir = /
	user.home = /home/wildfly
	user.language = en
	user.name = wildfly
	user.timezone = EST
2025-05-06 02:19:32,486 DEBUG [org.jboss.as.config] (MSC service thread 1-2) VM Arguments: -D[Standalone] -Djdk.serialFilter=maxbytes=10485760;maxdepth=128;maxarray=100000;maxrefs=300000 -Xms4G -Xmx8G -XX:+UseG1GC -XX:MaxGCPauseMillis=200 -XX:+ParallelRefProcEnabled -XX:+HeapDumpOnOutOfMemoryError -XX:HeapDumpPath=/opt/heapdump -Djava.net.preferIPv4Stack=true -Djboss.modules.system.pkgs=org.jboss.byteman -Djava.awt.headless=true --add-exports=java.desktop/sun.awt=ALL-UNNAMED --add-exports=java.naming/com.sun.jndi.ldap=ALL-UNNAMED --add-exports=java.naming/com.sun.jndi.url.ldap=ALL-UNNAMED --add-exports=java.naming/com.sun.jndi.url.ldaps=ALL-UNNAMED --add-exports=jdk.naming.dns/com.sun.jndi.dns=ALL-UNNAMED --add-opens=java.base/java.lang=ALL-UNNAMED --add-opens=java.base/java.lang.invoke=ALL-UNNAMED --add-opens=java.base/java.lang.reflect=ALL-UNNAMED --add-opens=java.base/java.io=ALL-UNNAMED --add-opens=java.base/java.net=ALL-UNNAMED --add-opens=java.base/java.security=ALL-UNNAMED --add-opens=java.base/java.util=ALL-UNNAMED --add-opens=java.base/java.util.concurrent=ALL-UNNAMED --add-opens=java.management/javax.management=ALL-UNNAMED --add-opens=java.naming/javax.naming=ALL-UNNAMED -Djava.security.manager=allow -Dorg.jboss.boot.log.file=/opt/wildfly/standalone/log/server.log -Dlogging.configuration=file:/opt/wildfly/standalone/configuration/logging.properties 
2025-05-06 02:19:33,461 INFO  [org.wildfly.security] (Controller Boot Thread) ELY00001: WildFly Elytron version 2.4.2.Final
2025-05-06 02:19:33,872 INFO  [org.jboss.as.controller.management-deprecated] (ServerService Thread Pool -- 27) WFLYCTL0028: Attribute 'cluster' in the resource at address '/subsystem=ejb3/service=remote' is deprecated, and may be removed in a future version. See the attribute description in the output of the read-resource-description operation to learn more about the deprecation.
2025-05-06 02:19:34,339 INFO  [org.jboss.as.server] (Controller Boot Thread) WFLYSRV0039: Creating http management service using socket-binding (management-http)
2025-05-06 02:19:34,355 INFO  [org.xnio] (MSC service thread 1-8) XNIO version 3.8.15.Final
2025-05-06 02:19:34,363 INFO  [org.xnio.nio] (MSC service thread 1-8) XNIO NIO Implementation Version 3.8.15.Final
2025-05-06 02:19:34,392 INFO  [org.wildfly.extension.elytron.oidc._private] (ServerService Thread Pool -- 53) WFLYOIDC0001: Activating WildFly Elytron OIDC Subsystem
2025-05-06 02:19:34,396 INFO  [org.wildfly.extension.health] (ServerService Thread Pool -- 54) WFLYHEALTH0001: Activating Base Health Subsystem
2025-05-06 02:19:34,402 INFO  [org.wildfly.extension.microprofile.jwt.smallrye] (ServerService Thread Pool -- 66) WFLYJWT0001: Activating MicroProfile JWT Subsystem
2025-05-06 02:19:34,402 INFO  [org.jboss.as.naming] (ServerService Thread Pool -- 67) WFLYNAM0001: Activating Naming Subsystem
2025-05-06 02:19:34,406 INFO  [org.wildfly.extension.metrics] (ServerService Thread Pool -- 64) WFLYMETRICS0001: Activating Base Metrics Subsystem
2025-05-06 02:19:34,407 WARN  [org.jboss.as.txn] (ServerService Thread Pool -- 74) WFLYTX0013: The node-identifier attribute on the /subsystem=transactions is set to the default value. This is a danger for environments running multiple servers. Please make sure the attribute value is unique.
2025-05-06 02:19:34,408 INFO  [org.jboss.as.clustering.infinispan] (ServerService Thread Pool -- 55) WFLYCLINF0001: Activating Infinispan subsystem.
2025-05-06 02:19:34,411 INFO  [org.jboss.remoting] (MSC service thread 1-3) JBoss Remoting version 5.0.28.Final
2025-05-06 02:19:34,416 INFO  [org.jboss.as.server.deployment] (MSC service thread 1-2) WFLYSRV0027: Starting deployment of "BSUPortalRestore-1.0-SNAPSHOT.war" (runtime-name: "BSUPortalRestore-1.0-SNAPSHOT.war")
2025-05-06 02:19:34,417 INFO  [org.jboss.as.server.deployment] (MSC service thread 1-7) WFLYSRV0027: Starting deployment of "BsuPortal-1.0-SNAPSHOT.war" (runtime-name: "BsuPortal-1.0-SNAPSHOT.war")
2025-05-06 02:19:34,416 INFO  [org.wildfly.extension.io] (ServerService Thread Pool -- 56) WFLYIO001: Worker 'default' has auto-configured to 40 IO threads with 320 max task threads based on your 20 available processors
2025-05-06 02:19:34,417 INFO  [org.wildfly.extension.microprofile.config.smallrye] (ServerService Thread Pool -- 65) WFLYCONF0001: Activating MicroProfile Config Subsystem
2025-05-06 02:19:34,421 INFO  [org.jboss.as.connector] (MSC service thread 1-2) WFLYJCA0009: Starting Jakarta Connectors Subsystem (WildFly/IronJacamar 3.0.9.Final)
2025-05-06 02:19:34,424 INFO  [org.jboss.as.jsf] (ServerService Thread Pool -- 62) WFLYJSF0007: Activated the following Jakarta Server Faces Implementations: [main]
2025-05-06 02:19:34,430 INFO  [org.jboss.as.jaxrs] (ServerService Thread Pool -- 57) WFLYRS0016: RESTEasy version 6.2.9.Final
2025-05-06 02:19:34,435 INFO  [org.jboss.as.webservices] (ServerService Thread Pool -- 76) WFLYWS0002: Activating WebServices Extension
2025-05-06 02:19:34,451 INFO  [org.jboss.as.connector.subsystems.datasources] (ServerService Thread Pool -- 44) WFLYJCA0004: Deploying JDBC-compliant driver class org.h2.Driver (version 2.2)
2025-05-06 02:19:34,453 INFO  [org.jboss.as.connector.deployers.jdbc] (MSC service thread 1-7) WFLYJCA0018: Started Driver service with driver-name = h2
2025-05-06 02:19:34,459 INFO  [org.jboss.as.naming] (MSC service thread 1-7) WFLYNAM0003: Starting Naming Service
2025-05-06 02:19:34,459 INFO  [org.jboss.as.mail.extension] (MSC service thread 1-2) WFLYMAIL0001: Bound mail session [java:jboss/mail/Default]
2025-05-06 02:19:34,473 INFO  [org.wildfly.extension.undertow] (MSC service thread 1-2) WFLYUT0003: Undertow 2.3.13.Final starting
2025-05-06 02:19:34,500 INFO  [org.jboss.as.connector.subsystems.datasources] (ServerService Thread Pool -- 44) WFLYJCA0004: Deploying JDBC-compliant driver class org.mariadb.jdbc.Driver (version 2.6)
2025-05-06 02:19:34,506 INFO  [org.jboss.as.connector.deployers.jdbc] (MSC service thread 1-1) WFLYJCA0018: Started Driver service with driver-name = mariadb
2025-05-06 02:19:34,512 INFO  [org.jboss.as.connector.subsystems.datasources] (ServerService Thread Pool -- 44) WFLYJCA0005: Deploying non-JDBC-compliant driver class org.postgresql.Driver (version 42.7)
2025-05-06 02:19:34,515 INFO  [org.jboss.as.connector.deployers.jdbc] (MSC service thread 1-1) WFLYJCA0018: Started Driver service with driver-name = postgresql
2025-05-06 02:19:34,537 INFO  [org.jboss.as.ejb3] (MSC service thread 1-1) WFLYEJB0481: Strict pool slsb-strict-max-pool is using a max instance size of 80 (per class), which is derived from thread worker pool sizing.
2025-05-06 02:19:34,538 INFO  [org.jboss.as.ejb3] (MSC service thread 1-6) WFLYEJB0482: Strict pool mdb-strict-max-pool is using a max instance size of 80 (per class), which is derived from the number of CPUs on this host.
2025-05-06 02:19:34,555 INFO  [org.wildfly.extension.undertow] (ServerService Thread Pool -- 75) WFLYUT0014: Creating file handler for path '/opt/wildfly/welcome-content' with options [directory-listing: 'false', follow-symlink: 'false', case-sensitive: 'true', safe-symlink-paths: '[]']
2025-05-06 02:19:34,576 INFO  [org.wildfly.extension.undertow] (MSC service thread 1-6) WFLYUT0012: Started server default-server.
2025-05-06 02:19:34,577 INFO  [org.wildfly.extension.undertow] (ServerService Thread Pool -- 75) WFLYUT0014: Creating file handler for path '/home/jux1235' with options [directory-listing: 'false', follow-symlink: 'false', case-sensitive: 'true', safe-symlink-paths: '[]']
2025-05-06 02:19:34,577 INFO  [org.wildfly.extension.undertow] (MSC service thread 1-7) Queuing requests.
2025-05-06 02:19:34,578 INFO  [org.wildfly.extension.undertow] (MSC service thread 1-7) WFLYUT0018: Host default-host starting
2025-05-06 02:19:34,623 INFO  [org.wildfly.extension.undertow] (MSC service thread 1-6) WFLYUT0006: Undertow HTTP listener default listening on 0.0.0.0:8080
2025-05-06 02:19:34,689 INFO  [org.jboss.as.ejb3] (MSC service thread 1-3) WFLYEJB0493: Jakarta Enterprise Beans subsystem suspension complete
2025-05-06 02:19:34,697 INFO  [org.wildfly.extension.undertow] (MSC service thread 1-8) WFLYUT0006: Undertow HTTPS listener https listening on 0.0.0.0:8443
2025-05-06 02:19:34,745 INFO  [org.jboss.as.connector.subsystems.datasources] (MSC service thread 1-4) WFLYJCA0001: Bound data source [java:jboss/datasources/ExampleDS]
2025-05-06 02:19:34,752 INFO  [org.jboss.as.connector.subsystems.datasources] (MSC service thread 1-8) WFLYJCA0001: Bound data source [java:jboss/datasources/PostgresDS]
2025-05-06 02:19:34,752 INFO  [org.jboss.as.connector.subsystems.datasources] (MSC service thread 1-8) WFLYJCA0001: Bound data source [java:jboss/datasources/MariadbDS]
2025-05-06 02:19:34,847 INFO  [org.jboss.as.server.deployment.scanner] (MSC service thread 1-4) WFLYDS0013: Started FileSystemDeploymentService for directory /opt/wildfly/standalone/deployments
2025-05-06 02:19:34,944 INFO  [org.jboss.ws.common.management] (MSC service thread 1-2) JBWS022052: Starting JBossWS 7.1.0.Final (Apache CXF 4.0.4) 
2025-05-06 02:19:35,405 INFO  [org.jboss.as.jpa] (MSC service thread 1-3) WFLYJPA0002: Read persistence.xml for JakartaDS
2025-05-06 02:19:35,547 INFO  [org.jipijapa] (MSC service thread 1-7) JIPIORMV6020260: Second level cache enabled for BSUPortalRestore-1.0-SNAPSHOT.war#JakartaDS
2025-05-06 02:19:35,682 INFO  [org.jboss.weld.deployer] (MSC service thread 1-5) WFLYWELD0003: Processing weld deployment BSUPortalRestore-1.0-SNAPSHOT.war
2025-05-06 02:19:35,775 INFO  [org.hibernate.validator.internal.util.Version] (MSC service thread 1-5) HV000001: Hibernate Validator 8.0.1.Final
2025-05-06 02:19:35,964 INFO  [org.jboss.as.ejb3.deployment] (MSC service thread 1-5) WFLYEJB0473: JNDI bindings for session bean named 'MainSession' in deployment unit 'deployment "BSUPortalRestore-1.0-SNAPSHOT.war"' are as follows:

	java:global/BSUPortalRestore-1.0-SNAPSHOT/MainSession!com.mnl.bsuportalrestore.sessions.MainSession
	java:app/BSUPortalRestore-1.0-SNAPSHOT/MainSession!com.mnl.bsuportalrestore.sessions.MainSession
	java:module/MainSession!com.mnl.bsuportalrestore.sessions.MainSession
	java:global/BSUPortalRestore-1.0-SNAPSHOT/MainSession
	java:app/BSUPortalRestore-1.0-SNAPSHOT/MainSession
	java:module/MainSession

2025-05-06 02:19:36,190 INFO  [org.jipijapa] (MSC service thread 1-3) JIPIORMV6020260: Second level cache enabled for BSUPortalRestore-1.0-SNAPSHOT.war#JakartaDS
2025-05-06 02:19:36,191 INFO  [org.infinispan.CONTAINER] (ServerService Thread Pool -- 78) ISPN000556: Starting user marshaller 'org.wildfly.clustering.infinispan.marshalling.jboss.JBossMarshaller'
2025-05-06 02:19:36,269 INFO  [org.jboss.weld.Version] (MSC service thread 1-3) WELD-000900: 5.1.2 (Final)
2025-05-06 02:19:36,664 INFO  [org.jboss.as.jpa] (ServerService Thread Pool -- 78) WFLYJPA0010: Starting Persistence Unit (phase 1 of 2) Service 'BSUPortalRestore-1.0-SNAPSHOT.war#JakartaDS'
2025-05-06 02:19:36,688 INFO  [org.hibernate.jpa.internal.util.LogHelper] (ServerService Thread Pool -- 78) HHH000204: Processing PersistenceUnitInfo [name: JakartaDS]
2025-05-06 02:19:36,789 INFO  [org.hibernate.Version] (ServerService Thread Pool -- 78) HHH000412: Hibernate ORM core version 6.4.4.Final
2025-05-06 02:19:36,937 WARN  [org.hibernate.dialect.Dialect] (ServerService Thread Pool -- 78) HHH000511: The 10.1.0 version for [org.hibernate.dialect.MariaDBDialect] is no longer supported, hence certain features may not work properly. The minimum supported version is 10.4.0. Check the community dialects project for available legacy versions.
2025-05-06 02:19:36,965 INFO  [org.hibernate.cache.internal.RegionFactoryInitiator] (ServerService Thread Pool -- 78) HHH000025: Second-level cache region factory [org.infinispan.hibernate.cache.v62.InfinispanRegionFactory]
2025-05-06 02:19:37,066 INFO  [org.hibernate.envers.boot.internal.EnversServiceImpl] (ServerService Thread Pool -- 78) Envers integration enabled? : true
2025-05-06 02:19:37,284 INFO  [org.jboss.as.jpa] (ServerService Thread Pool -- 78) WFLYJPA0010: Starting Persistence Unit (phase 2 of 2) Service 'BSUPortalRestore-1.0-SNAPSHOT.war#JakartaDS'
2025-05-06 02:19:38,881 INFO  [org.jboss.as.jpa] (MSC service thread 1-5) WFLYJPA0002: Read persistence.xml for JakartaDS
2025-05-06 02:19:38,584 INFO  [org.jipijapa] (MSC service thread 1-8) JIPIORMV6020260: Second level cache enabled for BsuPortal-1.0-SNAPSHOT.war#JakartaDS
2025-05-06 02:19:38,585 INFO  [org.jboss.as.jpa] (ServerService Thread Pool -- 78) WFLYJPA0010: Starting Persistence Unit (phase 1 of 2) Service 'BsuPortal-1.0-SNAPSHOT.war#JakartaDS'
2025-05-06 02:19:38,585 INFO  [org.hibernate.jpa.internal.util.LogHelper] (ServerService Thread Pool -- 78) HHH000204: Processing PersistenceUnitInfo [name: JakartaDS]
2025-05-06 02:19:38,652 INFO  [org.hibernate.cache.internal.RegionFactoryInitiator] (ServerService Thread Pool -- 78) HHH000025: Second-level cache region factory [org.infinispan.hibernate.cache.v62.InfinispanRegionFactory]
2025-05-06 02:19:38,659 INFO  [org.hibernate.envers.boot.internal.EnversServiceImpl] (ServerService Thread Pool -- 78) Envers integration enabled? : true
2025-05-06 02:19:38,694 INFO  [org.jboss.weld.deployer] (MSC service thread 1-5) WFLYWELD0003: Processing weld deployment BsuPortal-1.0-SNAPSHOT.war
2025-05-06 02:19:38,747 INFO  [org.jboss.as.ejb3.deployment] (MSC service thread 1-5) WFLYEJB0473: JNDI bindings for session bean named 'MainSession' in deployment unit 'deployment "BsuPortal-1.0-SNAPSHOT.war"' are as follows:

	java:global/BsuPortal-1.0-SNAPSHOT/MainSession!com.mnl.bsum.bsuportal.sessions.MainSession
	java:app/BsuPortal-1.0-SNAPSHOT/MainSession!com.mnl.bsum.bsuportal.sessions.MainSession
	java:module/MainSession!com.mnl.bsum.bsuportal.sessions.MainSession
	java:global/BsuPortal-1.0-SNAPSHOT/MainSession
	java:app/BsuPortal-1.0-SNAPSHOT/MainSession
	java:module/MainSession

2025-05-06 02:19:38,747 INFO  [org.jboss.as.ejb3.deployment] (MSC service thread 1-5) WFLYEJB0473: JNDI bindings for session bean named 'ReportsSession' in deployment unit 'deployment "BsuPortal-1.0-SNAPSHOT.war"' are as follows:

	java:global/BsuPortal-1.0-SNAPSHOT/ReportsSession!com.mnl.bsum.bsuportal.sessions.ReportsSession
	java:app/BsuPortal-1.0-SNAPSHOT/ReportsSession!com.mnl.bsum.bsuportal.sessions.ReportsSession
	java:module/ReportsSession!com.mnl.bsum.bsuportal.sessions.ReportsSession
	java:global/BsuPortal-1.0-SNAPSHOT/ReportsSession
	java:app/BsuPortal-1.0-SNAPSHOT/ReportsSession
	java:module/ReportsSession

2025-05-06 02:19:38,919 INFO  [org.jipijapa] (MSC service thread 1-2) JIPIORMV6020260: Second level cache enabled for BsuPortal-1.0-SNAPSHOT.war#JakartaDS
2025-05-06 02:19:38,976 INFO  [org.jboss.as.jpa] (ServerService Thread Pool -- 81) WFLYJPA0010: Starting Persistence Unit (phase 2 of 2) Service 'BsuPortal-1.0-SNAPSHOT.war#JakartaDS'
2025-05-06 02:19:39,542 INFO  [org.jboss.resteasy.resteasy_jaxrs.i18n] (ServerService Thread Pool -- 80) RESTEASY002225: Deploying jakarta.ws.rs.core.Application: class com.mnl.bsuportalrestore.JakartaRestConfiguration$Proxy$_$$_WeldClientProxy
2025-05-06 02:19:39,591 INFO  [org.wildfly.extension.undertow] (ServerService Thread Pool -- 80) WFLYUT0021: Registered web context: '/restore' for server 'default-server'
2025-05-06 02:19:42,145 INFO  [org.jboss.resteasy.resteasy_jaxrs.i18n] (ServerService Thread Pool -- 85) RESTEASY002225: Deploying jakarta.ws.rs.core.Application: class com.mnl.bsum.bsuportal.JakartaRestConfiguration$Proxy$_$$_WeldClientProxy
2025-05-06 02:19:42,173 INFO  [org.wildfly.extension.undertow] (ServerService Thread Pool -- 85) WFLYUT0021: Registered web context: '/' for server 'default-server'
2025-05-06 02:19:42,295 INFO  [org.jboss.as.server] (ServerService Thread Pool -- 45) WFLYSRV0010: Deployed "BSUPortalRestore-1.0-SNAPSHOT.war" (runtime-name : "BSUPortalRestore-1.0-SNAPSHOT.war")
2025-05-06 02:19:42,296 INFO  [org.jboss.as.server] (ServerService Thread Pool -- 45) WFLYSRV0010: Deployed "BsuPortal-1.0-SNAPSHOT.war" (runtime-name : "BsuPortal-1.0-SNAPSHOT.war")
2025-05-06 02:19:42,339 INFO  [org.jboss.as.server] (Controller Boot Thread) WFLYSRV0212: Resuming server
2025-05-06 02:19:42,345 INFO  [org.jboss.as] (Controller Boot Thread) WFLYSRV0060: Http management interface listening on http://127.0.0.1:9990/management
2025-05-06 02:19:42,345 INFO  [org.jboss.as] (Controller Boot Thread) WFLYSRV0051: Admin console listening on http://127.0.0.1:9990
2025-05-06 02:19:42,365 INFO  [org.jboss.as] (Controller Boot Thread) WFLYSRV0025: WildFly Full 32.0.1.Final (WildFly Core 24.0.1.Final) started in 11648ms - Started 721 of 921 services (332 services are lazy, passive or on-demand) - Server configuration file in use: standalone.xml
2025-05-06 02:19:42,493 INFO  [io.undertow.servlet] (default task-26) org.tuckey.web.filters.urlrewrite.UrlRewriteFilter INFO: loaded (conf ok)
2025-05-06 02:19:43,357 ERROR [io.undertow.request] (default task-23) UT005023: Exception handling request to /applicantsdashboard.jsp: org.apache.jasper.JasperException: java.lang.NullPointerException: Cannot invoke "com.mnl.bsum.bsuportal.entities.Users.getDefaultRole()" because "user" is null
	at io.undertow.jsp@2.2.7.Final//org.apache.jasper.servlet.JspServletWrapper.service(JspServletWrapper.java:461)
	at io.undertow.jsp@2.2.7.Final//org.apache.jasper.servlet.JspServlet.serviceJspFile(JspServlet.java:403)
	at io.undertow.jsp@2.2.7.Final//org.apache.jasper.servlet.JspServlet.service(JspServlet.java:347)
	at jakarta.servlet.api@6.0.0//jakarta.servlet.http.HttpServlet.service(HttpServlet.java:614)
	at io.undertow.servlet@2.3.13.Final//io.undertow.servlet.handlers.ServletHandler.handleRequest(ServletHandler.java:74)
	at io.undertow.servlet@2.3.13.Final//io.undertow.servlet.handlers.FilterHandler$FilterChainImpl.doFilter(FilterHandler.java:129)
	at deployment.BsuPortal-1.0-SNAPSHOT.war//org.tuckey.web.filters.urlrewrite.RuleChain.handleRewrite(RuleChain.java:176)
	at deployment.BsuPortal-1.0-SNAPSHOT.war//org.tuckey.web.filters.urlrewrite.RuleChain.doRules(RuleChain.java:145)
	at deployment.BsuPortal-1.0-SNAPSHOT.war//org.tuckey.web.filters.urlrewrite.UrlRewriter.processRequest(UrlRewriter.java:92)
	at deployment.BsuPortal-1.0-SNAPSHOT.war//org.tuckey.web.filters.urlrewrite.UrlRewriteFilter.doFilter(UrlRewriteFilter.java:405)
	at io.undertow.servlet@2.3.13.Final//io.undertow.servlet.core.ManagedFilter.doFilter(ManagedFilter.java:67)
	at io.undertow.servlet@2.3.13.Final//io.undertow.servlet.handlers.FilterHandler$FilterChainImpl.doFilter(FilterHandler.java:131)
	at io.undertow.servlet@2.3.13.Final//io.undertow.servlet.handlers.FilterHandler.handleRequest(FilterHandler.java:84)
	at io.undertow.servlet@2.3.13.Final//io.undertow.servlet.handlers.security.ServletSecurityRoleHandler.handleRequest(ServletSecurityRoleHandler.java:62)
	at io.undertow.jsp@2.2.7.Final//io.undertow.jsp.JspFileHandler.handleRequest(JspFileHandler.java:32)
	at io.undertow.servlet@2.3.13.Final//io.undertow.servlet.handlers.ServletChain$1.handleRequest(ServletChain.java:68)
	at io.undertow.servlet@2.3.13.Final//io.undertow.servlet.handlers.ServletDispatchingHandler.handleRequest(ServletDispatchingHandler.java:36)
	at org.wildfly.security.elytron-web.undertow-server@4.1.0.Final//org.wildfly.elytron.web.undertow.server.ElytronRunAsHandler.lambda$handleRequest$1(ElytronRunAsHandler.java:68)
	at org.wildfly.security.elytron-base@2.4.2.Final//org.wildfly.security.auth.server.FlexibleIdentityAssociation.runAsFunctionEx(FlexibleIdentityAssociation.java:103)
	at org.wildfly.security.elytron-base@2.4.2.Final//org.wildfly.security.auth.server.Scoped.runAsFunctionEx(Scoped.java:161)
	at org.wildfly.security.elytron-base@2.4.2.Final//org.wildfly.security.auth.server.Scoped.runAs(Scoped.java:73)
	at org.wildfly.security.elytron-web.undertow-server@4.1.0.Final//org.wildfly.elytron.web.undertow.server.ElytronRunAsHandler.handleRequest(ElytronRunAsHandler.java:67)
	at io.undertow.servlet@2.3.13.Final//io.undertow.servlet.handlers.RedirectDirHandler.handleRequest(RedirectDirHandler.java:68)
	at io.undertow.core@2.3.13.Final//io.undertow.server.handlers.PredicateHandler.handleRequest(PredicateHandler.java:43)
	at io.undertow.core@2.3.13.Final//io.undertow.server.handlers.PredicateHandler.handleRequest(PredicateHandler.java:43)
	at io.undertow.servlet@2.3.13.Final//io.undertow.servlet.handlers.ServletInitialHandler.dispatchRequest(ServletInitialHandler.java:258)
	at io.undertow.servlet@2.3.13.Final//io.undertow.servlet.handlers.ServletInitialHandler.dispatchToPath(ServletInitialHandler.java:183)
	at io.undertow.servlet@2.3.13.Final//io.undertow.servlet.spec.RequestDispatcherImpl.forwardImpl(RequestDispatcherImpl.java:188)
	at io.undertow.servlet@2.3.13.Final//io.undertow.servlet.spec.RequestDispatcherImpl.forwardImplSetup(RequestDispatcherImpl.java:136)
	at io.undertow.servlet@2.3.13.Final//io.undertow.servlet.spec.RequestDispatcherImpl.forward(RequestDispatcherImpl.java:99)
	at deployment.BsuPortal-1.0-SNAPSHOT.war//org.tuckey.web.filters.urlrewrite.NormalRewrittenUrl.doRewrite(NormalRewrittenUrl.java:233)
	at deployment.BsuPortal-1.0-SNAPSHOT.war//org.tuckey.web.filters.urlrewrite.RuleChain.handleRewrite(RuleChain.java:171)
	at deployment.BsuPortal-1.0-SNAPSHOT.war//org.tuckey.web.filters.urlrewrite.RuleChain.doRules(RuleChain.java:145)
	at deployment.BsuPortal-1.0-SNAPSHOT.war//org.tuckey.web.filters.urlrewrite.UrlRewriter.processRequest(UrlRewriter.java:92)
	at deployment.BsuPortal-1.0-SNAPSHOT.war//org.tuckey.web.filters.urlrewrite.UrlRewriteFilter.doFilter(UrlRewriteFilter.java:405)
	at io.undertow.servlet@2.3.13.Final//io.undertow.servlet.core.ManagedFilter.doFilter(ManagedFilter.java:67)
	at io.undertow.servlet@2.3.13.Final//io.undertow.servlet.handlers.FilterHandler$FilterChainImpl.doFilter(FilterHandler.java:131)
	at io.undertow.servlet@2.3.13.Final//io.undertow.servlet.handlers.FilterHandler.handleRequest(FilterHandler.java:84)
	at io.undertow.servlet@2.3.13.Final//io.undertow.servlet.handlers.security.ServletSecurityRoleHandler.handleRequest(ServletSecurityRoleHandler.java:62)
	at io.undertow.servlet@2.3.13.Final//io.undertow.servlet.handlers.ServletChain$1.handleRequest(ServletChain.java:68)
	at io.undertow.servlet@2.3.13.Final//io.undertow.servlet.handlers.ServletDispatchingHandler.handleRequest(ServletDispatchingHandler.java:36)
	at org.wildfly.security.elytron-web.undertow-server@4.1.0.Final//org.wildfly.elytron.web.undertow.server.ElytronRunAsHandler.lambda$handleRequest$1(ElytronRunAsHandler.java:68)
	at org.wildfly.security.elytron-base@2.4.2.Final//org.wildfly.security.auth.server.FlexibleIdentityAssociation.runAsFunctionEx(FlexibleIdentityAssociation.java:103)
	at org.wildfly.security.elytron-base@2.4.2.Final//org.wildfly.security.auth.server.Scoped.runAsFunctionEx(Scoped.java:161)
	at org.wildfly.security.elytron-base@2.4.2.Final//org.wildfly.security.auth.server.Scoped.runAs(Scoped.java:73)
	at org.wildfly.security.elytron-web.undertow-server@4.1.0.Final//org.wildfly.elytron.web.undertow.server.ElytronRunAsHandler.handleRequest(ElytronRunAsHandler.java:67)
	at io.undertow.servlet@2.3.13.Final//io.undertow.servlet.handlers.RedirectDirHandler.handleRequest(RedirectDirHandler.java:68)
	at io.undertow.servlet@2.3.13.Final//io.undertow.servlet.handlers.security.SSLInformationAssociationHandler.handleRequest(SSLInformationAssociationHandler.java:117)
	at io.undertow.servlet@2.3.13.Final//io.undertow.servlet.handlers.security.ServletAuthenticationCallHandler.handleRequest(ServletAuthenticationCallHandler.java:57)
	at io.undertow.core@2.3.13.Final//io.undertow.server.handlers.PredicateHandler.handleRequest(PredicateHandler.java:43)
	at io.undertow.core@2.3.13.Final//io.undertow.security.handlers.AbstractConfidentialityHandler.handleRequest(AbstractConfidentialityHandler.java:46)
	at io.undertow.servlet@2.3.13.Final//io.undertow.servlet.handlers.security.ServletConfidentialityConstraintHandler.handleRequest(ServletConfidentialityConstraintHandler.java:64)
	at io.undertow.core@2.3.13.Final//io.undertow.security.handlers.AbstractSecurityContextAssociationHandler.handleRequest(AbstractSecurityContextAssociationHandler.java:43)
	at org.wildfly.security.elytron-web.undertow-server-servlet@4.1.0.Final//org.wildfly.elytron.web.undertow.server.servlet.CleanUpHandler.handleRequest(CleanUpHandler.java:38)
	at io.undertow.core@2.3.13.Final//io.undertow.server.handlers.PredicateHandler.handleRequest(PredicateHandler.java:43)
	at org.wildfly.extension.undertow@32.0.1.Final//org.wildfly.extension.undertow.security.jacc.JACCContextIdHandler.handleRequest(JACCContextIdHandler.java:44)
	at io.undertow.core@2.3.13.Final//io.undertow.server.handlers.PredicateHandler.handleRequest(PredicateHandler.java:43)
	at org.wildfly.extension.undertow@32.0.1.Final//org.wildfly.extension.undertow.deployment.GlobalRequestControllerHandler.handleRequest(GlobalRequestControllerHandler.java:51)
	at io.undertow.servlet@2.3.13.Final//io.undertow.servlet.handlers.SendErrorPageHandler.handleRequest(SendErrorPageHandler.java:52)
	at io.undertow.core@2.3.13.Final//io.undertow.server.handlers.PredicateHandler.handleRequest(PredicateHandler.java:43)
	at io.undertow.servlet@2.3.13.Final//io.undertow.servlet.handlers.ServletInitialHandler.handleFirstRequest(ServletInitialHandler.java:276)
	at io.undertow.servlet@2.3.13.Final//io.undertow.servlet.handlers.ServletInitialHandler$2.call(ServletInitialHandler.java:135)
	at io.undertow.servlet@2.3.13.Final//io.undertow.servlet.handlers.ServletInitialHandler$2.call(ServletInitialHandler.java:132)
	at io.undertow.servlet@2.3.13.Final//io.undertow.servlet.core.ServletRequestContextThreadSetupAction$1.call(ServletRequestContextThreadSetupAction.java:48)
	at io.undertow.servlet@2.3.13.Final//io.undertow.servlet.core.ContextClassLoaderSetupAction$1.call(ContextClassLoaderSetupAction.java:43)
	at org.wildfly.extension.undertow@32.0.1.Final//org.wildfly.extension.undertow.deployment.UndertowDeploymentInfoService$UndertowThreadSetupAction.lambda$create$0(UndertowDeploymentInfoService.java:1421)
	at org.wildfly.extension.undertow@32.0.1.Final//org.wildfly.extension.undertow.deployment.UndertowDeploymentInfoService$UndertowThreadSetupAction.lambda$create$0(UndertowDeploymentInfoService.java:1421)
	at org.wildfly.extension.undertow@32.0.1.Final//org.wildfly.extension.undertow.deployment.UndertowDeploymentInfoService$UndertowThreadSetupAction.lambda$create$0(UndertowDeploymentInfoService.java:1421)
	at org.wildfly.extension.undertow@32.0.1.Final//org.wildfly.extension.undertow.deployment.UndertowDeploymentInfoService$UndertowThreadSetupAction.lambda$create$0(UndertowDeploymentInfoService.java:1421)
	at org.wildfly.extension.undertow@32.0.1.Final//org.wildfly.extension.undertow.deployment.UndertowDeploymentInfoService$UndertowThreadSetupAction.lambda$create$0(UndertowDeploymentInfoService.java:1421)
	at io.undertow.servlet@2.3.13.Final//io.undertow.servlet.handlers.ServletInitialHandler.dispatchRequest(ServletInitialHandler.java:256)
	at io.undertow.servlet@2.3.13.Final//io.undertow.servlet.handlers.ServletInitialHandler.handleRequest(ServletInitialHandler.java:176)
	at org.wildfly.extension.undertow@32.0.1.Final//org.wildfly.extension.undertow.deployment.ComponentStartupCountdownHandler.handleRequest(ComponentStartupCountdownHandler.java:39)
	at io.undertow.core@2.3.13.Final//io.undertow.server.handlers.HttpContinueReadHandler.handleRequest(HttpContinueReadHandler.java:69)
	at io.undertow.core@2.3.13.Final//io.undertow.server.handlers.PathHandler.handleRequest(PathHandler.java:104)
	at org.wildfly.extension.undertow@32.0.1.Final//org.wildfly.extension.undertow.Host$OptionsHandler.handleRequest(Host.java:397)
	at io.undertow.core@2.3.13.Final//io.undertow.server.handlers.HttpContinueReadHandler.handleRequest(HttpContinueReadHandler.java:69)
	at org.wildfly.extension.undertow@32.0.1.Final//org.wildfly.extension.undertow.Host$AcmeResourceHandler.handleRequest(Host.java:419)
	at io.undertow.core@2.3.13.Final//io.undertow.server.Connectors.executeRootHandler(Connectors.java:393)
	at io.undertow.core@2.3.13.Final//io.undertow.server.HttpServerExchange$1.run(HttpServerExchange.java:859)
	at org.jboss.threads@2.4.0.Final//org.jboss.threads.ContextClassLoaderSavingRunnable.run(ContextClassLoaderSavingRunnable.java:35)
	at org.jboss.threads@2.4.0.Final//org.jboss.threads.EnhancedQueueExecutor.safeRun(EnhancedQueueExecutor.java:1990)
	at org.jboss.threads@2.4.0.Final//org.jboss.threads.EnhancedQueueExecutor$ThreadBody.doRunTask(EnhancedQueueExecutor.java:1486)
	at org.jboss.threads@2.4.0.Final//org.jboss.threads.EnhancedQueueExecutor$ThreadBody.run(EnhancedQueueExecutor.java:1348)
	at org.jboss.xnio@3.8.15.Final//org.xnio.XnioWorker$WorkerThreadFactory$1$1.run(XnioWorker.java:1282)
	at java.base/java.lang.Thread.run(Thread.java:1570)
Caused by: java.lang.NullPointerException: Cannot invoke "com.mnl.bsum.bsuportal.entities.Users.getDefaultRole()" because "user" is null
	at org.apache.jsp.applicantsdashboard_jsp._jspService(applicantsdashboard_jsp.java:267)
	at io.undertow.jsp@2.2.7.Final//org.apache.jasper.runtime.HttpJspBase.service(HttpJspBase.java:70)
	at jakarta.servlet.api@6.0.0//jakarta.servlet.http.HttpServlet.service(HttpServlet.java:614)
	at io.undertow.jsp@2.2.7.Final//org.apache.jasper.servlet.JspServletWrapper.service(JspServletWrapper.java:422)
	... 85 more

2025-05-06 02:19:43,374 ERROR [io.undertow.request] (default task-24) UT005023: Exception handling request to /stdhostelapplications.jsp: org.apache.jasper.JasperException: java.lang.NullPointerException: Cannot invoke "com.mnl.bsum.bsuportal.entities.Users.getDefaultRole()" because "user" is null
	at io.undertow.jsp@2.2.7.Final//org.apache.jasper.servlet.JspServletWrapper.service(JspServletWrapper.java:461)
	at io.undertow.jsp@2.2.7.Final//org.apache.jasper.servlet.JspServlet.serviceJspFile(JspServlet.java:403)
	at io.undertow.jsp@2.2.7.Final//org.apache.jasper.servlet.JspServlet.service(JspServlet.java:347)
	at jakarta.servlet.api@6.0.0//jakarta.servlet.http.HttpServlet.service(HttpServlet.java:614)
	at io.undertow.servlet@2.3.13.Final//io.undertow.servlet.handlers.ServletHandler.handleRequest(ServletHandler.java:74)
	at io.undertow.servlet@2.3.13.Final//io.undertow.servlet.handlers.FilterHandler$FilterChainImpl.doFilter(FilterHandler.java:129)
	at deployment.BsuPortal-1.0-SNAPSHOT.war//org.tuckey.web.filters.urlrewrite.RuleChain.handleRewrite(RuleChain.java:176)
	at deployment.BsuPortal-1.0-SNAPSHOT.war//org.tuckey.web.filters.urlrewrite.RuleChain.doRules(RuleChain.java:145)
	at deployment.BsuPortal-1.0-SNAPSHOT.war//org.tuckey.web.filters.urlrewrite.UrlRewriter.processRequest(UrlRewriter.java:92)
	at deployment.BsuPortal-1.0-SNAPSHOT.war//org.tuckey.web.filters.urlrewrite.UrlRewriteFilter.doFilter(UrlRewriteFilter.java:405)
	at io.undertow.servlet@2.3.13.Final//io.undertow.servlet.core.ManagedFilter.doFilter(ManagedFilter.java:67)
	at io.undertow.servlet@2.3.13.Final//io.undertow.servlet.handlers.FilterHandler$FilterChainImpl.doFilter(FilterHandler.java:131)
	at io.undertow.servlet@2.3.13.Final//io.undertow.servlet.handlers.FilterHandler.handleRequest(FilterHandler.java:84)
	at io.undertow.servlet@2.3.13.Final//io.undertow.servlet.handlers.security.ServletSecurityRoleHandler.handleRequest(ServletSecurityRoleHandler.java:62)
	at io.undertow.jsp@2.2.7.Final//io.undertow.jsp.JspFileHandler.handleRequest(JspFileHandler.java:32)
	at io.undertow.servlet@2.3.13.Final//io.undertow.servlet.handlers.ServletChain$1.handleRequest(ServletChain.java:68)
	at io.undertow.servlet@2.3.13.Final//io.undertow.servlet.handlers.ServletDispatchingHandler.handleRequest(ServletDispatchingHandler.java:36)
	at org.wildfly.security.elytron-web.undertow-server@4.1.0.Final//org.wildfly.elytron.web.undertow.server.ElytronRunAsHandler.lambda$handleRequest$1(ElytronRunAsHandler.java:68)
	at org.wildfly.security.elytron-base@2.4.2.Final//org.wildfly.security.auth.server.FlexibleIdentityAssociation.runAsFunctionEx(FlexibleIdentityAssociation.java:103)
	at org.wildfly.security.elytron-base@2.4.2.Final//org.wildfly.security.auth.server.Scoped.runAsFunctionEx(Scoped.java:161)
	at org.wildfly.security.elytron-base@2.4.2.Final//org.wildfly.security.auth.server.Scoped.runAs(Scoped.java:73)
	at org.wildfly.security.elytron-web.undertow-server@4.1.0.Final//org.wildfly.elytron.web.undertow.server.ElytronRunAsHandler.handleRequest(ElytronRunAsHandler.java:67)
	at io.undertow.servlet@2.3.13.Final//io.undertow.servlet.handlers.RedirectDirHandler.handleRequest(RedirectDirHandler.java:68)
	at io.undertow.core@2.3.13.Final//io.undertow.server.handlers.PredicateHandler.handleRequest(PredicateHandler.java:43)
	at io.undertow.core@2.3.13.Final//io.undertow.server.handlers.PredicateHandler.handleRequest(PredicateHandler.java:43)
	at io.undertow.servlet@2.3.13.Final//io.undertow.servlet.handlers.ServletInitialHandler.dispatchRequest(ServletInitialHandler.java:258)
	at io.undertow.servlet@2.3.13.Final//io.undertow.servlet.handlers.ServletInitialHandler.dispatchToPath(ServletInitialHandler.java:183)
	at io.undertow.servlet@2.3.13.Final//io.undertow.servlet.spec.RequestDispatcherImpl.forwardImpl(RequestDispatcherImpl.java:188)
	at io.undertow.servlet@2.3.13.Final//io.undertow.servlet.spec.RequestDispatcherImpl.forwardImplSetup(RequestDispatcherImpl.java:136)
	at io.undertow.servlet@2.3.13.Final//io.undertow.servlet.spec.RequestDispatcherImpl.forward(RequestDispatcherImpl.java:99)
	at deployment.BsuPortal-1.0-SNAPSHOT.war//org.tuckey.web.filters.urlrewrite.NormalRewrittenUrl.doRewrite(NormalRewrittenUrl.java:233)
	at deployment.BsuPortal-1.0-SNAPSHOT.war//org.tuckey.web.filters.urlrewrite.RuleChain.handleRewrite(RuleChain.java:171)
	at deployment.BsuPortal-1.0-SNAPSHOT.war//org.tuckey.web.filters.urlrewrite.RuleChain.doRules(RuleChain.java:145)
	at deployment.BsuPortal-1.0-SNAPSHOT.war//org.tuckey.web.filters.urlrewrite.UrlRewriter.processRequest(UrlRewriter.java:92)
	at deployment.BsuPortal-1.0-SNAPSHOT.war//org.tuckey.web.filters.urlrewrite.UrlRewriteFilter.doFilter(UrlRewriteFilter.java:405)
	at io.undertow.servlet@2.3.13.Final//io.undertow.servlet.core.ManagedFilter.doFilter(ManagedFilter.java:67)
	at io.undertow.servlet@2.3.13.Final//io.undertow.servlet.handlers.FilterHandler$FilterChainImpl.doFilter(FilterHandler.java:131)
	at io.undertow.servlet@2.3.13.Final//io.undertow.servlet.handlers.FilterHandler.handleRequest(FilterHandler.java:84)
	at io.undertow.servlet@2.3.13.Final//io.undertow.servlet.handlers.security.ServletSecurityRoleHandler.handleRequest(ServletSecurityRoleHandler.java:62)
	at io.undertow.servlet@2.3.13.Final//io.undertow.servlet.handlers.ServletChain$1.handleRequest(ServletChain.java:68)
	at io.undertow.servlet@2.3.13.Final//io.undertow.servlet.handlers.ServletDispatchingHandler.handleRequest(ServletDispatchingHandler.java:36)
	at org.wildfly.security.elytron-web.undertow-server@4.1.0.Final//org.wildfly.elytron.web.undertow.server.ElytronRunAsHandler.lambda$handleRequest$1(ElytronRunAsHandler.java:68)
	at org.wildfly.security.elytron-base@2.4.2.Final//org.wildfly.security.auth.server.FlexibleIdentityAssociation.runAsFunctionEx(FlexibleIdentityAssociation.java:103)
	at org.wildfly.security.elytron-base@2.4.2.Final//org.wildfly.security.auth.server.Scoped.runAsFunctionEx(Scoped.java:161)
	at org.wildfly.security.elytron-base@2.4.2.Final//org.wildfly.security.auth.server.Scoped.runAs(Scoped.java:73)
	at org.wildfly.security.elytron-web.undertow-server@4.1.0.Final//org.wildfly.elytron.web.undertow.server.ElytronRunAsHandler.handleRequest(ElytronRunAsHandler.java:67)
	at io.undertow.servlet@2.3.13.Final//io.undertow.servlet.handlers.RedirectDirHandler.handleRequest(RedirectDirHandler.java:68)
	at io.undertow.servlet@2.3.13.Final//io.undertow.servlet.handlers.security.SSLInformationAssociationHandler.handleRequest(SSLInformationAssociationHandler.java:117)
	at io.undertow.servlet@2.3.13.Final//io.undertow.servlet.handlers.security.ServletAuthenticationCallHandler.handleRequest(ServletAuthenticationCallHandler.java:57)
	at io.undertow.core@2.3.13.Final//io.undertow.server.handlers.PredicateHandler.handleRequest(PredicateHandler.java:43)
	at io.undertow.core@2.3.13.Final//io.undertow.security.handlers.AbstractConfidentialityHandler.handleRequest(AbstractConfidentialityHandler.java:46)
	at io.undertow.servlet@2.3.13.Final//io.undertow.servlet.handlers.security.ServletConfidentialityConstraintHandler.handleRequest(ServletConfidentialityConstraintHandler.java:64)
	at io.undertow.core@2.3.13.Final//io.undertow.security.handlers.AbstractSecurityContextAssociationHandler.handleRequest(AbstractSecurityContextAssociationHandler.java:43)
	at org.wildfly.security.elytron-web.undertow-server-servlet@4.1.0.Final//org.wildfly.elytron.web.undertow.server.servlet.CleanUpHandler.handleRequest(CleanUpHandler.java:38)
	at io.undertow.core@2.3.13.Final//io.undertow.server.handlers.PredicateHandler.handleRequest(PredicateHandler.java:43)
	at org.wildfly.extension.undertow@32.0.1.Final//org.wildfly.extension.undertow.security.jacc.JACCContextIdHandler.handleRequest(JACCContextIdHandler.java:44)
	at io.undertow.core@2.3.13.Final//io.undertow.server.handlers.PredicateHandler.handleRequest(PredicateHandler.java:43)
	at org.wildfly.extension.undertow@32.0.1.Final//org.wildfly.extension.undertow.deployment.GlobalRequestControllerHandler.handleRequest(GlobalRequestControllerHandler.java:51)
	at io.undertow.servlet@2.3.13.Final//io.undertow.servlet.handlers.SendErrorPageHandler.handleRequest(SendErrorPageHandler.java:52)
	at io.undertow.core@2.3.13.Final//io.undertow.server.handlers.PredicateHandler.handleRequest(PredicateHandler.java:43)
	at io.undertow.servlet@2.3.13.Final//io.undertow.servlet.handlers.ServletInitialHandler.handleFirstRequest(ServletInitialHandler.java:276)
	at io.undertow.servlet@2.3.13.Final//io.undertow.servlet.handlers.ServletInitialHandler$2.call(ServletInitialHandler.java:135)
	at io.undertow.servlet@2.3.13.Final//io.undertow.servlet.handlers.ServletInitialHandler$2.call(ServletInitialHandler.java:132)
	at io.undertow.servlet@2.3.13.Final//io.undertow.servlet.core.ServletRequestContextThreadSetupAction$1.call(ServletRequestContextThreadSetupAction.java:48)
	at io.undertow.servlet@2.3.13.Final//io.undertow.servlet.core.ContextClassLoaderSetupAction$1.call(ContextClassLoaderSetupAction.java:43)
	at org.wildfly.extension.undertow@32.0.1.Final//org.wildfly.extension.undertow.deployment.UndertowDeploymentInfoService$UndertowThreadSetupAction.lambda$create$0(UndertowDeploymentInfoService.java:1421)
	at org.wildfly.extension.undertow@32.0.1.Final//org.wildfly.extension.undertow.deployment.UndertowDeploymentInfoService$UndertowThreadSetupAction.lambda$create$0(UndertowDeploymentInfoService.java:1421)
	at org.wildfly.extension.undertow@32.0.1.Final//org.wildfly.extension.undertow.deployment.UndertowDeploymentInfoService$UndertowThreadSetupAction.lambda$create$0(UndertowDeploymentInfoService.java:1421)
	at org.wildfly.extension.undertow@32.0.1.Final//org.wildfly.extension.undertow.deployment.UndertowDeploymentInfoService$UndertowThreadSetupAction.lambda$create$0(UndertowDeploymentInfoService.java:1421)
	at org.wildfly.extension.undertow@32.0.1.Final//org.wildfly.extension.undertow.deployment.UndertowDeploymentInfoService$UndertowThreadSetupAction.lambda$create$0(UndertowDeploymentInfoService.java:1421)
	at io.undertow.servlet@2.3.13.Final//io.undertow.servlet.handlers.ServletInitialHandler.dispatchRequest(ServletInitialHandler.java:256)
	at io.undertow.servlet@2.3.13.Final//io.undertow.servlet.handlers.ServletInitialHandler.handleRequest(ServletInitialHandler.java:176)
	at org.wildfly.extension.undertow@32.0.1.Final//org.wildfly.extension.undertow.deployment.ComponentStartupCountdownHandler.handleRequest(ComponentStartupCountdownHandler.java:39)
	at io.undertow.core@2.3.13.Final//io.undertow.server.handlers.HttpContinueReadHandler.handleRequest(HttpContinueReadHandler.java:69)
	at io.undertow.core@2.3.13.Final//io.undertow.server.handlers.PathHandler.handleRequest(PathHandler.java:104)
	at org.wildfly.extension.undertow@32.0.1.Final//org.wildfly.extension.undertow.Host$OptionsHandler.handleRequest(Host.java:397)
	at io.undertow.core@2.3.13.Final//io.undertow.server.handlers.HttpContinueReadHandler.handleRequest(HttpContinueReadHandler.java:69)
	at org.wildfly.extension.undertow@32.0.1.Final//org.wildfly.extension.undertow.Host$AcmeResourceHandler.handleRequest(Host.java:419)
	at io.undertow.core@2.3.13.Final//io.undertow.server.Connectors.executeRootHandler(Connectors.java:393)
	at io.undertow.core@2.3.13.Final//io.undertow.server.HttpServerExchange$1.run(HttpServerExchange.java:859)
	at org.jboss.threads@2.4.0.Final//org.jboss.threads.ContextClassLoaderSavingRunnable.run(ContextClassLoaderSavingRunnable.java:35)
	at org.jboss.threads@2.4.0.Final//org.jboss.threads.EnhancedQueueExecutor.safeRun(EnhancedQueueExecutor.java:1990)
	at org.jboss.threads@2.4.0.Final//org.jboss.threads.EnhancedQueueExecutor$ThreadBody.doRunTask(EnhancedQueueExecutor.java:1486)
	at org.jboss.threads@2.4.0.Final//org.jboss.threads.EnhancedQueueExecutor$ThreadBody.run(EnhancedQueueExecutor.java:1348)
	at org.jboss.xnio@3.8.15.Final//org.xnio.XnioWorker$WorkerThreadFactory$1$1.run(XnioWorker.java:1282)
	at java.base/java.lang.Thread.run(Thread.java:1570)
Caused by: java.lang.NullPointerException: Cannot invoke "com.mnl.bsum.bsuportal.entities.Users.getDefaultRole()" because "user" is null
	at org.apache.jsp.stdhostelapplications_jsp._jspService(stdhostelapplications_jsp.java:503)
	at io.undertow.jsp@2.2.7.Final//org.apache.jasper.runtime.HttpJspBase.service(HttpJspBase.java:70)
	at jakarta.servlet.api@6.0.0//jakarta.servlet.http.HttpServlet.service(HttpServlet.java:614)
	at io.undertow.jsp@2.2.7.Final//org.apache.jasper.servlet.JspServletWrapper.service(JspServletWrapper.java:422)
	... 85 more

2025-05-06 02:19:47,871 ERROR [stderr] (default task-24) jakarta.persistence.NoResultException: No result found for query [SELECT u FROM Users u WHERE u.username = :username OR u.email = :email]
2025-05-06 02:19:47,872 ERROR [stderr] (default task-24) 	at org.hibernate@6.4.4.Final//org.hibernate.query.spi.AbstractSelectionQuery.getSingleResult(AbstractSelectionQuery.java:567)
2025-05-06 02:19:47,872 ERROR [stderr] (default task-24) 	at org.jboss.as.jpa@32.0.1.Final//org.jboss.as.jpa.container.QueryNonTxInvocationDetacher.getSingleResult(QueryNonTxInvocationDetacher.java:52)
2025-05-06 02:19:47,872 ERROR [stderr] (default task-24) 	at deployment.BsuPortal-1.0-SNAPSHOT.war//com.mnl.bsum.bsuportal.sessions.MainSession.login(MainSession.java:775)
2025-05-06 02:19:47,873 ERROR [stderr] (default task-24) 	at java.base/jdk.internal.reflect.DirectMethodHandleAccessor.invoke(DirectMethodHandleAccessor.java:103)
2025-05-06 02:19:47,873 ERROR [stderr] (default task-24) 	at java.base/java.lang.reflect.Method.invoke(Method.java:580)
2025-05-06 02:19:47,873 ERROR [stderr] (default task-24) 	at org.jboss.as.ee@32.0.1.Final//org.jboss.as.ee.component.ManagedReferenceMethodInterceptor.processInvocation(ManagedReferenceMethodInterceptor.java:35)
2025-05-06 02:19:47,873 ERROR [stderr] (default task-24) 	at org.jboss.invocation@2.0.1.Final//org.jboss.invocation.InterceptorContext.proceed(InterceptorContext.java:422)
2025-05-06 02:19:47,873 ERROR [stderr] (default task-24) 	at org.jboss.invocation@2.0.1.Final//org.jboss.invocation.InterceptorContext$Invocation.proceed(InterceptorContext.java:509)
2025-05-06 02:19:47,873 ERROR [stderr] (default task-24) 	at org.jboss.as.weld.common@32.0.1.Final//org.jboss.as.weld.interceptors.Jsr299BindingsInterceptor.delegateInterception(Jsr299BindingsInterceptor.java:62)
2025-05-06 02:19:47,873 ERROR [stderr] (default task-24) 	at org.jboss.as.weld.common@32.0.1.Final//org.jboss.as.weld.interceptors.Jsr299BindingsInterceptor.doMethodInterception(Jsr299BindingsInterceptor.java:72)
2025-05-06 02:19:47,874 ERROR [stderr] (default task-24) 	at org.jboss.as.weld.common@32.0.1.Final//org.jboss.as.weld.interceptors.Jsr299BindingsInterceptor.processInvocation(Jsr299BindingsInterceptor.java:85)
2025-05-06 02:19:47,874 ERROR [stderr] (default task-24) 	at org.jboss.as.ee@32.0.1.Final//org.jboss.as.ee.component.interceptors.UserInterceptorFactory$1.processInvocation(UserInterceptorFactory.java:46)
2025-05-06 02:19:47,874 ERROR [stderr] (default task-24) 	at org.jboss.invocation@2.0.1.Final//org.jboss.invocation.InterceptorContext.proceed(InterceptorContext.java:422)
2025-05-06 02:19:47,874 ERROR [stderr] (default task-24) 	at org.jboss.as.ejb3@32.0.1.Final//org.jboss.as.ejb3.component.invocationmetrics.ExecutionTimeInterceptor.processInvocation(ExecutionTimeInterceptor.java:26)
2025-05-06 02:19:47,874 ERROR [stderr] (default task-24) 	at org.jboss.invocation@2.0.1.Final//org.jboss.invocation.InterceptorContext.proceed(InterceptorContext.java:422)
2025-05-06 02:19:47,874 ERROR [stderr] (default task-24) 	at org.jboss.as.jpa@32.0.1.Final//org.jboss.as.jpa.interceptor.SBInvocationInterceptor.processInvocation(SBInvocationInterceptor.java:30)
2025-05-06 02:19:47,874 ERROR [stderr] (default task-24) 	at org.jboss.invocation@2.0.1.Final//org.jboss.invocation.InterceptorContext.proceed(InterceptorContext.java:422)
2025-05-06 02:19:47,874 ERROR [stderr] (default task-24) 	at org.jboss.as.ejb3@32.0.1.Final//org.jboss.as.ejb3.tx.EjbBMTInterceptor.handleInvocation(EjbBMTInterceptor.java:86)
2025-05-06 02:19:47,875 ERROR [stderr] (default task-24) 	at org.jboss.as.ejb3@32.0.1.Final//org.jboss.as.ejb3.tx.BMTInterceptor.processInvocation(BMTInterceptor.java:40)
2025-05-06 02:19:47,875 ERROR [stderr] (default task-24) 	at org.jboss.invocation@2.0.1.Final//org.jboss.invocation.InterceptorContext.proceed(InterceptorContext.java:422)
2025-05-06 02:19:47,875 ERROR [stderr] (default task-24) 	at org.jboss.as.ee@32.0.1.Final//org.jboss.as.ee.concurrent.ConcurrentContextInterceptor.processInvocation(ConcurrentContextInterceptor.java:28)
2025-05-06 02:19:47,875 ERROR [stderr] (default task-24) 	at org.jboss.invocation@2.0.1.Final//org.jboss.invocation.InterceptorContext.proceed(InterceptorContext.java:422)
2025-05-06 02:19:47,875 ERROR [stderr] (default task-24) 	at org.jboss.invocation@2.0.1.Final//org.jboss.invocation.InitialInterceptor.processInvocation(InitialInterceptor.java:40)
2025-05-06 02:19:47,875 ERROR [stderr] (default task-24) 	at org.jboss.invocation@2.0.1.Final//org.jboss.invocation.InterceptorContext.proceed(InterceptorContext.java:422)
2025-05-06 02:19:47,876 ERROR [stderr] (default task-24) 	at org.jboss.invocation@2.0.1.Final//org.jboss.invocation.ChainedInterceptor.processInvocation(ChainedInterceptor.java:53)
2025-05-06 02:19:47,876 ERROR [stderr] (default task-24) 	at org.jboss.as.ee@32.0.1.Final//org.jboss.as.ee.component.interceptors.ComponentDispatcherInterceptor.processInvocation(ComponentDispatcherInterceptor.java:35)
2025-05-06 02:19:47,876 ERROR [stderr] (default task-24) 	at org.jboss.invocation@2.0.1.Final//org.jboss.invocation.InterceptorContext.proceed(InterceptorContext.java:422)
2025-05-06 02:19:47,876 ERROR [stderr] (default task-24) 	at org.jboss.as.ejb3@32.0.1.Final//org.jboss.as.ejb3.component.pool.PooledInstanceInterceptor.processInvocation(PooledInstanceInterceptor.java:34)
2025-05-06 02:19:47,876 ERROR [stderr] (default task-24) 	at org.jboss.invocation@2.0.1.Final//org.jboss.invocation.InterceptorContext.proceed(InterceptorContext.java:422)
2025-05-06 02:19:47,876 ERROR [stderr] (default task-24) 	at org.jboss.as.ejb3@32.0.1.Final//org.jboss.as.ejb3.component.interceptors.AdditionalSetupInterceptor.processInvocation(AdditionalSetupInterceptor.java:39)
2025-05-06 02:19:47,876 ERROR [stderr] (default task-24) 	at org.jboss.invocation@2.0.1.Final//org.jboss.invocation.InterceptorContext.proceed(InterceptorContext.java:422)
2025-05-06 02:19:47,877 ERROR [stderr] (default task-24) 	at org.jboss.invocation@2.0.1.Final//org.jboss.invocation.InterceptorContext$Invocation.proceed(InterceptorContext.java:509)
2025-05-06 02:19:47,877 ERROR [stderr] (default task-24) 	at org.jboss.weld.core@5.1.2.Final//org.jboss.weld.module.ejb.AbstractEJBRequestScopeActivationInterceptor.aroundInvoke(AbstractEJBRequestScopeActivationInterceptor.java:78)
2025-05-06 02:19:47,877 ERROR [stderr] (default task-24) 	at org.jboss.as.weld.common@32.0.1.Final//org.jboss.as.weld.ejb.EjbRequestScopeActivationInterceptor.processInvocation(EjbRequestScopeActivationInterceptor.java:72)
2025-05-06 02:19:47,877 ERROR [stderr] (default task-24) 	at org.jboss.invocation@2.0.1.Final//org.jboss.invocation.InterceptorContext.proceed(InterceptorContext.java:422)
2025-05-06 02:19:47,877 ERROR [stderr] (default task-24) 	at org.jboss.as.ejb3@32.0.1.Final//org.jboss.as.ejb3.component.interceptors.CurrentInvocationContextInterceptor.processInvocation(CurrentInvocationContextInterceptor.java:24)
2025-05-06 02:19:47,877 ERROR [stderr] (default task-24) 	at org.jboss.invocation@2.0.1.Final//org.jboss.invocation.InterceptorContext.proceed(InterceptorContext.java:422)
2025-05-06 02:19:47,878 ERROR [stderr] (default task-24) 	at org.jboss.as.ejb3@32.0.1.Final//org.jboss.as.ejb3.component.invocationmetrics.WaitTimeInterceptor.processInvocation(WaitTimeInterceptor.java:30)
2025-05-06 02:19:47,878 ERROR [stderr] (default task-24) 	at org.jboss.invocation@2.0.1.Final//org.jboss.invocation.InterceptorContext.proceed(InterceptorContext.java:422)
2025-05-06 02:19:47,878 ERROR [stderr] (default task-24) 	at org.jboss.as.ejb3@32.0.1.Final//org.jboss.as.ejb3.security.IdentityOutflowInterceptor.processInvocation(IdentityOutflowInterceptor.java:56)
2025-05-06 02:19:47,878 ERROR [stderr] (default task-24) 	at org.jboss.invocation@2.0.1.Final//org.jboss.invocation.InterceptorContext.proceed(InterceptorContext.java:422)
2025-05-06 02:19:47,878 ERROR [stderr] (default task-24) 	at org.jboss.as.ejb3@32.0.1.Final//org.jboss.as.ejb3.security.SecurityDomainInterceptor.processInvocation(SecurityDomainInterceptor.java:27)
2025-05-06 02:19:47,878 ERROR [stderr] (default task-24) 	at org.jboss.invocation@2.0.1.Final//org.jboss.invocation.InterceptorContext.proceed(InterceptorContext.java:422)
2025-05-06 02:19:47,878 ERROR [stderr] (default task-24) 	at org.jboss.as.ejb3@32.0.1.Final//org.jboss.as.ejb3.deployment.processors.StartupAwaitInterceptor.processInvocation(StartupAwaitInterceptor.java:27)
2025-05-06 02:19:47,878 ERROR [stderr] (default task-24) 	at org.jboss.invocation@2.0.1.Final//org.jboss.invocation.InterceptorContext.proceed(InterceptorContext.java:422)
2025-05-06 02:19:47,878 ERROR [stderr] (default task-24) 	at org.jboss.as.ejb3@32.0.1.Final//org.jboss.as.ejb3.component.interceptors.ShutDownInterceptorFactory$1.processInvocation(ShutDownInterceptorFactory.java:47)
2025-05-06 02:19:47,878 ERROR [stderr] (default task-24) 	at org.jboss.invocation@2.0.1.Final//org.jboss.invocation.InterceptorContext.proceed(InterceptorContext.java:422)
2025-05-06 02:19:47,878 ERROR [stderr] (default task-24) 	at org.jboss.as.ejb3@32.0.1.Final//org.jboss.as.ejb3.component.interceptors.LoggingInterceptor.processInvocation(LoggingInterceptor.java:50)
2025-05-06 02:19:47,879 ERROR [stderr] (default task-24) 	at org.jboss.invocation@2.0.1.Final//org.jboss.invocation.InterceptorContext.proceed(InterceptorContext.java:422)
2025-05-06 02:19:47,879 ERROR [stderr] (default task-24) 	at org.jboss.as.ee@32.0.1.Final//org.jboss.as.ee.component.NamespaceContextInterceptor.processInvocation(NamespaceContextInterceptor.java:33)
2025-05-06 02:19:47,879 ERROR [stderr] (default task-24) 	at org.jboss.invocation@2.0.1.Final//org.jboss.invocation.InterceptorContext.proceed(InterceptorContext.java:422)
2025-05-06 02:19:47,879 ERROR [stderr] (default task-24) 	at org.jboss.invocation@2.0.1.Final//org.jboss.invocation.ContextClassLoaderInterceptor.processInvocation(ContextClassLoaderInterceptor.java:60)
2025-05-06 02:19:47,879 ERROR [stderr] (default task-24) 	at org.jboss.invocation@2.0.1.Final//org.jboss.invocation.InterceptorContext.proceed(InterceptorContext.java:422)
2025-05-06 02:19:47,879 ERROR [stderr] (default task-24) 	at org.jboss.invocation@2.0.1.Final//org.jboss.invocation.InterceptorContext.run(InterceptorContext.java:438)
2025-05-06 02:19:47,879 ERROR [stderr] (default task-24) 	at org.wildfly.security.elytron-base@2.4.2.Final//org.wildfly.security.manager.WildFlySecurityManager.doChecked(WildFlySecurityManager.java:633)
2025-05-06 02:19:47,879 ERROR [stderr] (default task-24) 	at org.jboss.invocation@2.0.1.Final//org.jboss.invocation.AccessCheckingInterceptor.processInvocation(AccessCheckingInterceptor.java:57)
2025-05-06 02:19:47,879 ERROR [stderr] (default task-24) 	at org.jboss.invocation@2.0.1.Final//org.jboss.invocation.InterceptorContext.proceed(InterceptorContext.java:422)
2025-05-06 02:19:47,879 ERROR [stderr] (default task-24) 	at org.jboss.invocation@2.0.1.Final//org.jboss.invocation.ChainedInterceptor.processInvocation(ChainedInterceptor.java:53)
2025-05-06 02:19:47,879 ERROR [stderr] (default task-24) 	at org.jboss.as.ee@32.0.1.Final//org.jboss.as.ee.component.ViewService$View.invoke(ViewService.java:181)
2025-05-06 02:19:47,879 ERROR [stderr] (default task-24) 	at org.jboss.as.ee@32.0.1.Final//org.jboss.as.ee.component.ViewDescription$1.processInvocation(ViewDescription.java:174)
2025-05-06 02:19:47,879 ERROR [stderr] (default task-24) 	at org.jboss.invocation@2.0.1.Final//org.jboss.invocation.InterceptorContext.proceed(InterceptorContext.java:422)
2025-05-06 02:19:47,880 ERROR [stderr] (default task-24) 	at org.jboss.as.ejb3@32.0.1.Final//org.jboss.as.ejb3.security.IdentityInterceptor.lambda$processInvocation$0(IdentityInterceptor.java:30)
2025-05-06 02:19:47,880 ERROR [stderr] (default task-24) 	at org.wildfly.security.elytron-base@2.4.2.Final//org.wildfly.security.auth.server.SecurityIdentity.runAsFunctionEx(SecurityIdentity.java:421)
2025-05-06 02:19:47,880 ERROR [stderr] (default task-24) 	at org.wildfly.security.elytron-base@2.4.2.Final//org.wildfly.security.auth.server.Scoped.runAsFunctionEx(Scoped.java:161)
2025-05-06 02:19:47,880 ERROR [stderr] (default task-24) 	at org.wildfly.security.elytron-base@2.4.2.Final//org.wildfly.security.auth.server.Scoped.runAsSupplierEx(Scoped.java:229)
2025-05-06 02:19:47,880 ERROR [stderr] (default task-24) 	at org.jboss.as.ejb3@32.0.1.Final//org.jboss.as.ejb3.security.IdentityInterceptor.processInvocation(IdentityInterceptor.java:30)
2025-05-06 02:19:47,880 ERROR [stderr] (default task-24) 	at org.jboss.invocation@2.0.1.Final//org.jboss.invocation.InterceptorContext.proceed(InterceptorContext.java:422)
2025-05-06 02:19:47,880 ERROR [stderr] (default task-24) 	at org.jboss.invocation@2.0.1.Final//org.jboss.invocation.ChainedInterceptor.processInvocation(ChainedInterceptor.java:53)
2025-05-06 02:19:47,880 ERROR [stderr] (default task-24) 	at org.jboss.as.ee@32.0.1.Final//org.jboss.as.ee.component.ProxyInvocationHandler.invoke(ProxyInvocationHandler.java:64)
2025-05-06 02:19:47,880 ERROR [stderr] (default task-24) 	at deployment.BsuPortal-1.0-SNAPSHOT.war//com.mnl.bsum.bsuportal.sessions.MainSession$$$view2.login(Unknown Source)
2025-05-06 02:19:47,880 ERROR [stderr] (default task-24) 	at org.apache.jsp.index_jsp._jspService(index_jsp.java:325)
2025-05-06 02:19:47,880 ERROR [stderr] (default task-24) 	at io.undertow.jsp@2.2.7.Final//org.apache.jasper.runtime.HttpJspBase.service(HttpJspBase.java:70)
2025-05-06 02:19:47,881 ERROR [stderr] (default task-24) 	at jakarta.servlet.api@6.0.0//jakarta.servlet.http.HttpServlet.service(HttpServlet.java:614)
2025-05-06 02:19:47,881 ERROR [stderr] (default task-24) 	at io.undertow.jsp@2.2.7.Final//org.apache.jasper.servlet.JspServletWrapper.service(JspServletWrapper.java:422)
2025-05-06 02:19:47,881 ERROR [stderr] (default task-24) 	at io.undertow.jsp@2.2.7.Final//org.apache.jasper.servlet.JspServlet.serviceJspFile(JspServlet.java:403)
2025-05-06 02:19:47,881 ERROR [stderr] (default task-24) 	at io.undertow.jsp@2.2.7.Final//org.apache.jasper.servlet.JspServlet.service(JspServlet.java:347)
2025-05-06 02:19:47,881 ERROR [stderr] (default task-24) 	at jakarta.servlet.api@6.0.0//jakarta.servlet.http.HttpServlet.service(HttpServlet.java:614)
2025-05-06 02:19:47,881 ERROR [stderr] (default task-24) 	at io.undertow.servlet@2.3.13.Final//io.undertow.servlet.handlers.ServletHandler.handleRequest(ServletHandler.java:74)
2025-05-06 02:19:47,881 ERROR [stderr] (default task-24) 	at io.undertow.servlet@2.3.13.Final//io.undertow.servlet.handlers.FilterHandler$FilterChainImpl.doFilter(FilterHandler.java:129)
2025-05-06 02:19:47,881 ERROR [stderr] (default task-24) 	at deployment.BsuPortal-1.0-SNAPSHOT.war//org.tuckey.web.filters.urlrewrite.RuleChain.handleRewrite(RuleChain.java:176)
2025-05-06 02:19:47,881 ERROR [stderr] (default task-24) 	at deployment.BsuPortal-1.0-SNAPSHOT.war//org.tuckey.web.filters.urlrewrite.RuleChain.doRules(RuleChain.java:145)
2025-05-06 02:19:47,881 ERROR [stderr] (default task-24) 	at deployment.BsuPortal-1.0-SNAPSHOT.war//org.tuckey.web.filters.urlrewrite.UrlRewriter.processRequest(UrlRewriter.java:92)
2025-05-06 02:19:47,882 ERROR [stderr] (default task-24) 	at deployment.BsuPortal-1.0-SNAPSHOT.war//org.tuckey.web.filters.urlrewrite.UrlRewriteFilter.doFilter(UrlRewriteFilter.java:405)
2025-05-06 02:19:47,882 ERROR [stderr] (default task-24) 	at io.undertow.servlet@2.3.13.Final//io.undertow.servlet.core.ManagedFilter.doFilter(ManagedFilter.java:67)
2025-05-06 02:19:47,882 ERROR [stderr] (default task-24) 	at io.undertow.servlet@2.3.13.Final//io.undertow.servlet.handlers.FilterHandler$FilterChainImpl.doFilter(FilterHandler.java:131)
2025-05-06 02:19:47,882 ERROR [stderr] (default task-24) 	at io.undertow.servlet@2.3.13.Final//io.undertow.servlet.handlers.FilterHandler.handleRequest(FilterHandler.java:84)
2025-05-06 02:19:47,882 ERROR [stderr] (default task-24) 	at io.undertow.servlet@2.3.13.Final//io.undertow.servlet.handlers.security.ServletSecurityRoleHandler.handleRequest(ServletSecurityRoleHandler.java:62)
2025-05-06 02:19:47,883 ERROR [stderr] (default task-24) 	at io.undertow.jsp@2.2.7.Final//io.undertow.jsp.JspFileHandler.handleRequest(JspFileHandler.java:32)
2025-05-06 02:19:47,883 ERROR [stderr] (default task-24) 	at io.undertow.servlet@2.3.13.Final//io.undertow.servlet.handlers.ServletChain$1.handleRequest(ServletChain.java:68)
2025-05-06 02:19:47,883 ERROR [stderr] (default task-24) 	at io.undertow.servlet@2.3.13.Final//io.undertow.servlet.handlers.ServletDispatchingHandler.handleRequest(ServletDispatchingHandler.java:36)
2025-05-06 02:19:47,883 ERROR [stderr] (default task-24) 	at org.wildfly.security.elytron-web.undertow-server@4.1.0.Final//org.wildfly.elytron.web.undertow.server.ElytronRunAsHandler.lambda$handleRequest$1(ElytronRunAsHandler.java:68)
2025-05-06 02:19:47,883 ERROR [stderr] (default task-24) 	at org.wildfly.security.elytron-base@2.4.2.Final//org.wildfly.security.auth.server.FlexibleIdentityAssociation.runAsFunctionEx(FlexibleIdentityAssociation.java:103)
2025-05-06 02:19:47,883 ERROR [stderr] (default task-24) 	at org.wildfly.security.elytron-base@2.4.2.Final//org.wildfly.security.auth.server.Scoped.runAsFunctionEx(Scoped.java:161)
2025-05-06 02:19:47,883 ERROR [stderr] (default task-24) 	at org.wildfly.security.elytron-base@2.4.2.Final//org.wildfly.security.auth.server.Scoped.runAs(Scoped.java:73)
2025-05-06 02:19:47,883 ERROR [stderr] (default task-24) 	at org.wildfly.security.elytron-web.undertow-server@4.1.0.Final//org.wildfly.elytron.web.undertow.server.ElytronRunAsHandler.handleRequest(ElytronRunAsHandler.java:67)
2025-05-06 02:19:47,883 ERROR [stderr] (default task-24) 	at io.undertow.servlet@2.3.13.Final//io.undertow.servlet.handlers.RedirectDirHandler.handleRequest(RedirectDirHandler.java:68)
2025-05-06 02:19:47,884 ERROR [stderr] (default task-24) 	at io.undertow.servlet@2.3.13.Final//io.undertow.servlet.handlers.security.SSLInformationAssociationHandler.handleRequest(SSLInformationAssociationHandler.java:117)
2025-05-06 02:19:47,884 ERROR [stderr] (default task-24) 	at io.undertow.servlet@2.3.13.Final//io.undertow.servlet.handlers.security.ServletAuthenticationCallHandler.handleRequest(ServletAuthenticationCallHandler.java:57)
2025-05-06 02:19:47,884 ERROR [stderr] (default task-24) 	at io.undertow.core@2.3.13.Final//io.undertow.server.handlers.PredicateHandler.handleRequest(PredicateHandler.java:43)
2025-05-06 02:19:47,884 ERROR [stderr] (default task-24) 	at io.undertow.core@2.3.13.Final//io.undertow.security.handlers.AbstractConfidentialityHandler.handleRequest(AbstractConfidentialityHandler.java:46)
2025-05-06 02:19:47,884 ERROR [stderr] (default task-24) 	at io.undertow.servlet@2.3.13.Final//io.undertow.servlet.handlers.security.ServletConfidentialityConstraintHandler.handleRequest(ServletConfidentialityConstraintHandler.java:64)
2025-05-06 02:19:47,884 ERROR [stderr] (default task-24) 	at io.undertow.core@2.3.13.Final//io.undertow.security.handlers.AbstractSecurityContextAssociationHandler.handleRequest(AbstractSecurityContextAssociationHandler.java:43)
2025-05-06 02:19:47,884 ERROR [stderr] (default task-24) 	at org.wildfly.security.elytron-web.undertow-server-servlet@4.1.0.Final//org.wildfly.elytron.web.undertow.server.servlet.CleanUpHandler.handleRequest(CleanUpHandler.java:38)
2025-05-06 02:19:47,884 ERROR [stderr] (default task-24) 	at io.undertow.core@2.3.13.Final//io.undertow.server.handlers.PredicateHandler.handleRequest(PredicateHandler.java:43)
2025-05-06 02:19:47,884 ERROR [stderr] (default task-24) 	at org.wildfly.extension.undertow@32.0.1.Final//org.wildfly.extension.undertow.security.jacc.JACCContextIdHandler.handleRequest(JACCContextIdHandler.java:44)
2025-05-06 02:19:47,884 ERROR [stderr] (default task-24) 	at io.undertow.core@2.3.13.Final//io.undertow.server.handlers.PredicateHandler.handleRequest(PredicateHandler.java:43)
2025-05-06 02:19:47,884 ERROR [stderr] (default task-24) 	at org.wildfly.extension.undertow@32.0.1.Final//org.wildfly.extension.undertow.deployment.GlobalRequestControllerHandler.handleRequest(GlobalRequestControllerHandler.java:51)
2025-05-06 02:19:47,885 ERROR [stderr] (default task-24) 	at io.undertow.servlet@2.3.13.Final//io.undertow.servlet.handlers.SendErrorPageHandler.handleRequest(SendErrorPageHandler.java:52)
2025-05-06 02:19:47,885 ERROR [stderr] (default task-24) 	at io.undertow.core@2.3.13.Final//io.undertow.server.handlers.PredicateHandler.handleRequest(PredicateHandler.java:43)
2025-05-06 02:19:47,885 ERROR [stderr] (default task-24) 	at io.undertow.servlet@2.3.13.Final//io.undertow.servlet.handlers.ServletInitialHandler.handleFirstRequest(ServletInitialHandler.java:276)
2025-05-06 02:19:47,885 ERROR [stderr] (default task-24) 	at io.undertow.servlet@2.3.13.Final//io.undertow.servlet.handlers.ServletInitialHandler$2.call(ServletInitialHandler.java:135)
2025-05-06 02:19:47,885 ERROR [stderr] (default task-24) 	at io.undertow.servlet@2.3.13.Final//io.undertow.servlet.handlers.ServletInitialHandler$2.call(ServletInitialHandler.java:132)
2025-05-06 02:19:47,885 ERROR [stderr] (default task-24) 	at io.undertow.servlet@2.3.13.Final//io.undertow.servlet.core.ServletRequestContextThreadSetupAction$1.call(ServletRequestContextThreadSetupAction.java:48)
2025-05-06 02:19:47,885 ERROR [stderr] (default task-24) 	at io.undertow.servlet@2.3.13.Final//io.undertow.servlet.core.ContextClassLoaderSetupAction$1.call(ContextClassLoaderSetupAction.java:43)
2025-05-06 02:19:47,885 ERROR [stderr] (default task-24) 	at org.wildfly.extension.undertow@32.0.1.Final//org.wildfly.extension.undertow.deployment.UndertowDeploymentInfoService$UndertowThreadSetupAction.lambda$create$0(UndertowDeploymentInfoService.java:1421)
2025-05-06 02:19:47,885 ERROR [stderr] (default task-24) 	at org.wildfly.extension.undertow@32.0.1.Final//org.wildfly.extension.undertow.deployment.UndertowDeploymentInfoService$UndertowThreadSetupAction.lambda$create$0(UndertowDeploymentInfoService.java:1421)
2025-05-06 02:19:47,885 ERROR [stderr] (default task-24) 	at org.wildfly.extension.undertow@32.0.1.Final//org.wildfly.extension.undertow.deployment.UndertowDeploymentInfoService$UndertowThreadSetupAction.lambda$create$0(UndertowDeploymentInfoService.java:1421)
2025-05-06 02:19:47,885 ERROR [stderr] (default task-24) 	at org.wildfly.extension.undertow@32.0.1.Final//org.wildfly.extension.undertow.deployment.UndertowDeploymentInfoService$UndertowThreadSetupAction.lambda$create$0(UndertowDeploymentInfoService.java:1421)
2025-05-06 02:19:47,885 ERROR [stderr] (default task-24) 	at org.wildfly.extension.undertow@32.0.1.Final//org.wildfly.extension.undertow.deployment.UndertowDeploymentInfoService$UndertowThreadSetupAction.lambda$create$0(UndertowDeploymentInfoService.java:1421)
2025-05-06 02:19:47,885 ERROR [stderr] (default task-24) 	at io.undertow.servlet@2.3.13.Final//io.undertow.servlet.handlers.ServletInitialHandler.dispatchRequest(ServletInitialHandler.java:256)
2025-05-06 02:19:47,886 ERROR [stderr] (default task-24) 	at io.undertow.servlet@2.3.13.Final//io.undertow.servlet.handlers.ServletInitialHandler$1.handleRequest(ServletInitialHandler.java:101)
2025-05-06 02:19:47,886 ERROR [stderr] (default task-24) 	at io.undertow.core@2.3.13.Final//io.undertow.server.Connectors.executeRootHandler(Connectors.java:393)
2025-05-06 02:19:47,886 ERROR [stderr] (default task-24) 	at io.undertow.core@2.3.13.Final//io.undertow.server.HttpServerExchange$1.run(HttpServerExchange.java:859)
2025-05-06 02:19:47,886 ERROR [stderr] (default task-24) 	at org.jboss.threads@2.4.0.Final//org.jboss.threads.ContextClassLoaderSavingRunnable.run(ContextClassLoaderSavingRunnable.java:35)
2025-05-06 02:19:47,886 ERROR [stderr] (default task-24) 	at org.jboss.threads@2.4.0.Final//org.jboss.threads.EnhancedQueueExecutor.safeRun(EnhancedQueueExecutor.java:1990)
2025-05-06 02:19:47,886 ERROR [stderr] (default task-24) 	at org.jboss.threads@2.4.0.Final//org.jboss.threads.EnhancedQueueExecutor$ThreadBody.doRunTask(EnhancedQueueExecutor.java:1486)
2025-05-06 02:19:47,886 ERROR [stderr] (default task-24) 	at org.jboss.threads@2.4.0.Final//org.jboss.threads.EnhancedQueueExecutor$ThreadBody.run(EnhancedQueueExecutor.java:1377)
2025-05-06 02:19:47,886 ERROR [stderr] (default task-24) 	at org.jboss.xnio@3.8.15.Final//org.xnio.XnioWorker$WorkerThreadFactory$1$1.run(XnioWorker.java:1282)
2025-05-06 02:19:47,886 ERROR [stderr] (default task-24) 	at java.base/java.lang.Thread.run(Thread.java:1570)
2025-05-06 02:19:48,405 ERROR [io.undertow.request] (default task-24) UT005023: Exception handling request to /studentdashboard.jsp: org.apache.jasper.JasperException: java.lang.NullPointerException: Cannot invoke "com.mnl.bsum.bsuportal.entities.Users.getDefaultRole()" because "user" is null
	at io.undertow.jsp@2.2.7.Final//org.apache.jasper.servlet.JspServletWrapper.service(JspServletWrapper.java:461)
	at io.undertow.jsp@2.2.7.Final//org.apache.jasper.servlet.JspServlet.serviceJspFile(JspServlet.java:403)
	at io.undertow.jsp@2.2.7.Final//org.apache.jasper.servlet.JspServlet.service(JspServlet.java:347)
	at jakarta.servlet.api@6.0.0//jakarta.servlet.http.HttpServlet.service(HttpServlet.java:614)
	at io.undertow.servlet@2.3.13.Final//io.undertow.servlet.handlers.ServletHandler.handleRequest(ServletHandler.java:74)
	at io.undertow.servlet@2.3.13.Final//io.undertow.servlet.handlers.FilterHandler$FilterChainImpl.doFilter(FilterHandler.java:129)
	at deployment.BsuPortal-1.0-SNAPSHOT.war//org.tuckey.web.filters.urlrewrite.RuleChain.handleRewrite(RuleChain.java:176)
	at deployment.BsuPortal-1.0-SNAPSHOT.war//org.tuckey.web.filters.urlrewrite.RuleChain.doRules(RuleChain.java:145)
	at deployment.BsuPortal-1.0-SNAPSHOT.war//org.tuckey.web.filters.urlrewrite.UrlRewriter.processRequest(UrlRewriter.java:92)
	at deployment.BsuPortal-1.0-SNAPSHOT.war//org.tuckey.web.filters.urlrewrite.UrlRewriteFilter.doFilter(UrlRewriteFilter.java:405)
	at io.undertow.servlet@2.3.13.Final//io.undertow.servlet.core.ManagedFilter.doFilter(ManagedFilter.java:67)
	at io.undertow.servlet@2.3.13.Final//io.undertow.servlet.handlers.FilterHandler$FilterChainImpl.doFilter(FilterHandler.java:131)
	at io.undertow.servlet@2.3.13.Final//io.undertow.servlet.handlers.FilterHandler.handleRequest(FilterHandler.java:84)
	at io.undertow.servlet@2.3.13.Final//io.undertow.servlet.handlers.security.ServletSecurityRoleHandler.handleRequest(ServletSecurityRoleHandler.java:62)
	at io.undertow.jsp@2.2.7.Final//io.undertow.jsp.JspFileHandler.handleRequest(JspFileHandler.java:32)
	at io.undertow.servlet@2.3.13.Final//io.undertow.servlet.handlers.ServletChain$1.handleRequest(ServletChain.java:68)
	at io.undertow.servlet@2.3.13.Final//io.undertow.servlet.handlers.ServletDispatchingHandler.handleRequest(ServletDispatchingHandler.java:36)
	at org.wildfly.security.elytron-web.undertow-server@4.1.0.Final//org.wildfly.elytron.web.undertow.server.ElytronRunAsHandler.lambda$handleRequest$1(ElytronRunAsHandler.java:68)
	at org.wildfly.security.elytron-base@2.4.2.Final//org.wildfly.security.auth.server.FlexibleIdentityAssociation.runAsFunctionEx(FlexibleIdentityAssociation.java:103)
	at org.wildfly.security.elytron-base@2.4.2.Final//org.wildfly.security.auth.server.Scoped.runAsFunctionEx(Scoped.java:161)
	at org.wildfly.security.elytron-base@2.4.2.Final//org.wildfly.security.auth.server.Scoped.runAs(Scoped.java:73)
	at org.wildfly.security.elytron-web.undertow-server@4.1.0.Final//org.wildfly.elytron.web.undertow.server.ElytronRunAsHandler.handleRequest(ElytronRunAsHandler.java:67)
	at io.undertow.servlet@2.3.13.Final//io.undertow.servlet.handlers.RedirectDirHandler.handleRequest(RedirectDirHandler.java:68)
	at io.undertow.core@2.3.13.Final//io.undertow.server.handlers.PredicateHandler.handleRequest(PredicateHandler.java:43)
	at io.undertow.core@2.3.13.Final//io.undertow.server.handlers.PredicateHandler.handleRequest(PredicateHandler.java:43)
	at io.undertow.servlet@2.3.13.Final//io.undertow.servlet.handlers.ServletInitialHandler.dispatchRequest(ServletInitialHandler.java:258)
	at io.undertow.servlet@2.3.13.Final//io.undertow.servlet.handlers.ServletInitialHandler.dispatchToPath(ServletInitialHandler.java:183)
	at io.undertow.servlet@2.3.13.Final//io.undertow.servlet.spec.RequestDispatcherImpl.forwardImpl(RequestDispatcherImpl.java:188)
	at io.undertow.servlet@2.3.13.Final//io.undertow.servlet.spec.RequestDispatcherImpl.forwardImplSetup(RequestDispatcherImpl.java:136)
	at io.undertow.servlet@2.3.13.Final//io.undertow.servlet.spec.RequestDispatcherImpl.forward(RequestDispatcherImpl.java:99)
	at deployment.BsuPortal-1.0-SNAPSHOT.war//org.tuckey.web.filters.urlrewrite.NormalRewrittenUrl.doRewrite(NormalRewrittenUrl.java:233)
	at deployment.BsuPortal-1.0-SNAPSHOT.war//org.tuckey.web.filters.urlrewrite.RuleChain.handleRewrite(RuleChain.java:171)
	at deployment.BsuPortal-1.0-SNAPSHOT.war//org.tuckey.web.filters.urlrewrite.RuleChain.doRules(RuleChain.java:145)
	at deployment.BsuPortal-1.0-SNAPSHOT.war//org.tuckey.web.filters.urlrewrite.UrlRewriter.processRequest(UrlRewriter.java:92)
	at deployment.BsuPortal-1.0-SNAPSHOT.war//org.tuckey.web.filters.urlrewrite.UrlRewriteFilter.doFilter(UrlRewriteFilter.java:405)
	at io.undertow.servlet@2.3.13.Final//io.undertow.servlet.core.ManagedFilter.doFilter(ManagedFilter.java:67)
	at io.undertow.servlet@2.3.13.Final//io.undertow.servlet.handlers.FilterHandler$FilterChainImpl.doFilter(FilterHandler.java:131)
	at io.undertow.servlet@2.3.13.Final//io.undertow.servlet.handlers.FilterHandler.handleRequest(FilterHandler.java:84)
	at io.undertow.servlet@2.3.13.Final//io.undertow.servlet.handlers.security.ServletSecurityRoleHandler.handleRequest(ServletSecurityRoleHandler.java:62)
	at io.undertow.servlet@2.3.13.Final//io.undertow.servlet.handlers.ServletChain$1.handleRequest(ServletChain.java:68)
	at io.undertow.servlet@2.3.13.Final//io.undertow.servlet.handlers.ServletDispatchingHandler.handleRequest(ServletDispatchingHandler.java:36)
	at org.wildfly.security.elytron-web.undertow-server@4.1.0.Final//org.wildfly.elytron.web.undertow.server.ElytronRunAsHandler.lambda$handleRequest$1(ElytronRunAsHandler.java:68)
	at org.wildfly.security.elytron-base@2.4.2.Final//org.wildfly.security.auth.server.FlexibleIdentityAssociation.runAsFunctionEx(FlexibleIdentityAssociation.java:103)
	at org.wildfly.security.elytron-base@2.4.2.Final//org.wildfly.security.auth.server.Scoped.runAsFunctionEx(Scoped.java:161)
	at org.wildfly.security.elytron-base@2.4.2.Final//org.wildfly.security.auth.server.Scoped.runAs(Scoped.java:73)
	at org.wildfly.security.elytron-web.undertow-server@4.1.0.Final//org.wildfly.elytron.web.undertow.server.ElytronRunAsHandler.handleRequest(ElytronRunAsHandler.java:67)
	at io.undertow.servlet@2.3.13.Final//io.undertow.servlet.handlers.RedirectDirHandler.handleRequest(RedirectDirHandler.java:68)
	at io.undertow.servlet@2.3.13.Final//io.undertow.servlet.handlers.security.SSLInformationAssociationHandler.handleRequest(SSLInformationAssociationHandler.java:117)
	at io.undertow.servlet@2.3.13.Final//io.undertow.servlet.handlers.security.ServletAuthenticationCallHandler.handleRequest(ServletAuthenticationCallHandler.java:57)
	at io.undertow.core@2.3.13.Final//io.undertow.server.handlers.PredicateHandler.handleRequest(PredicateHandler.java:43)
	at io.undertow.core@2.3.13.Final//io.undertow.security.handlers.AbstractConfidentialityHandler.handleRequest(AbstractConfidentialityHandler.java:46)
	at io.undertow.servlet@2.3.13.Final//io.undertow.servlet.handlers.security.ServletConfidentialityConstraintHandler.handleRequest(ServletConfidentialityConstraintHandler.java:64)
	at io.undertow.core@2.3.13.Final//io.undertow.security.handlers.AbstractSecurityContextAssociationHandler.handleRequest(AbstractSecurityContextAssociationHandler.java:43)
	at org.wildfly.security.elytron-web.undertow-server-servlet@4.1.0.Final//org.wildfly.elytron.web.undertow.server.servlet.CleanUpHandler.handleRequest(CleanUpHandler.java:38)
	at io.undertow.core@2.3.13.Final//io.undertow.server.handlers.PredicateHandler.handleRequest(PredicateHandler.java:43)
	at org.wildfly.extension.undertow@32.0.1.Final//org.wildfly.extension.undertow.security.jacc.JACCContextIdHandler.handleRequest(JACCContextIdHandler.java:44)
	at io.undertow.core@2.3.13.Final//io.undertow.server.handlers.PredicateHandler.handleRequest(PredicateHandler.java:43)
	at org.wildfly.extension.undertow@32.0.1.Final//org.wildfly.extension.undertow.deployment.GlobalRequestControllerHandler.handleRequest(GlobalRequestControllerHandler.java:51)
	at io.undertow.servlet@2.3.13.Final//io.undertow.servlet.handlers.SendErrorPageHandler.handleRequest(SendErrorPageHandler.java:52)
	at io.undertow.core@2.3.13.Final//io.undertow.server.handlers.PredicateHandler.handleRequest(PredicateHandler.java:43)
	at io.undertow.servlet@2.3.13.Final//io.undertow.servlet.handlers.ServletInitialHandler.handleFirstRequest(ServletInitialHandler.java:276)
	at io.undertow.servlet@2.3.13.Final//io.undertow.servlet.handlers.ServletInitialHandler$2.call(ServletInitialHandler.java:135)
	at io.undertow.servlet@2.3.13.Final//io.undertow.servlet.handlers.ServletInitialHandler$2.call(ServletInitialHandler.java:132)
	at io.undertow.servlet@2.3.13.Final//io.undertow.servlet.core.ServletRequestContextThreadSetupAction$1.call(ServletRequestContextThreadSetupAction.java:48)
	at io.undertow.servlet@2.3.13.Final//io.undertow.servlet.core.ContextClassLoaderSetupAction$1.call(ContextClassLoaderSetupAction.java:43)
	at org.wildfly.extension.undertow@32.0.1.Final//org.wildfly.extension.undertow.deployment.UndertowDeploymentInfoService$UndertowThreadSetupAction.lambda$create$0(UndertowDeploymentInfoService.java:1421)
	at org.wildfly.extension.undertow@32.0.1.Final//org.wildfly.extension.undertow.deployment.UndertowDeploymentInfoService$UndertowThreadSetupAction.lambda$create$0(UndertowDeploymentInfoService.java:1421)
	at org.wildfly.extension.undertow@32.0.1.Final//org.wildfly.extension.undertow.deployment.UndertowDeploymentInfoService$UndertowThreadSetupAction.lambda$create$0(UndertowDeploymentInfoService.java:1421)
	at org.wildfly.extension.undertow@32.0.1.Final//org.wildfly.extension.undertow.deployment.UndertowDeploymentInfoService$UndertowThreadSetupAction.lambda$create$0(UndertowDeploymentInfoService.java:1421)
	at org.wildfly.extension.undertow@32.0.1.Final//org.wildfly.extension.undertow.deployment.UndertowDeploymentInfoService$UndertowThreadSetupAction.lambda$create$0(UndertowDeploymentInfoService.java:1421)
	at io.undertow.servlet@2.3.13.Final//io.undertow.servlet.handlers.ServletInitialHandler.dispatchRequest(ServletInitialHandler.java:256)
	at io.undertow.servlet@2.3.13.Final//io.undertow.servlet.handlers.ServletInitialHandler$1.handleRequest(ServletInitialHandler.java:101)
	at io.undertow.core@2.3.13.Final//io.undertow.server.Connectors.executeRootHandler(Connectors.java:393)
	at io.undertow.core@2.3.13.Final//io.undertow.server.HttpServerExchange$1.run(HttpServerExchange.java:859)
	at org.jboss.threads@2.4.0.Final//org.jboss.threads.ContextClassLoaderSavingRunnable.run(ContextClassLoaderSavingRunnable.java:35)
	at org.jboss.threads@2.4.0.Final//org.jboss.threads.EnhancedQueueExecutor.safeRun(EnhancedQueueExecutor.java:1990)
	at org.jboss.threads@2.4.0.Final//org.jboss.threads.EnhancedQueueExecutor$ThreadBody.doRunTask(EnhancedQueueExecutor.java:1486)
	at org.jboss.threads@2.4.0.Final//org.jboss.threads.EnhancedQueueExecutor$ThreadBody.run(EnhancedQueueExecutor.java:1377)
	at org.jboss.xnio@3.8.15.Final//org.xnio.XnioWorker$WorkerThreadFactory$1$1.run(XnioWorker.java:1282)
	at java.base/java.lang.Thread.run(Thread.java:1570)
Caused by: java.lang.NullPointerException: Cannot invoke "com.mnl.bsum.bsuportal.entities.Users.getDefaultRole()" because "user" is null
	at org.apache.jsp.studentdashboard_jsp._jspService(studentdashboard_jsp.java:265)
	at io.undertow.jsp@2.2.7.Final//org.apache.jasper.runtime.HttpJspBase.service(HttpJspBase.java:70)
	at jakarta.servlet.api@6.0.0//jakarta.servlet.http.HttpServlet.service(HttpServlet.java:614)
	at io.undertow.jsp@2.2.7.Final//org.apache.jasper.servlet.JspServletWrapper.service(JspServletWrapper.java:422)
	... 79 more

2025-05-06 02:19:57,780 ERROR [io.undertow.request] (default task-19) UT005023: Exception handling request to /studentdashboard.jsp: org.apache.jasper.JasperException: java.lang.NullPointerException: Cannot invoke "com.mnl.bsum.bsuportal.entities.Users.getDefaultRole()" because "user" is null
	at io.undertow.jsp@2.2.7.Final//org.apache.jasper.servlet.JspServletWrapper.service(JspServletWrapper.java:461)
	at io.undertow.jsp@2.2.7.Final//org.apache.jasper.servlet.JspServlet.serviceJspFile(JspServlet.java:403)
	at io.undertow.jsp@2.2.7.Final//org.apache.jasper.servlet.JspServlet.service(JspServlet.java:347)
	at jakarta.servlet.api@6.0.0//jakarta.servlet.http.HttpServlet.service(HttpServlet.java:614)
	at io.undertow.servlet@2.3.13.Final//io.undertow.servlet.handlers.ServletHandler.handleRequest(ServletHandler.java:74)
	at io.undertow.servlet@2.3.13.Final//io.undertow.servlet.handlers.FilterHandler$FilterChainImpl.doFilter(FilterHandler.java:129)
	at deployment.BsuPortal-1.0-SNAPSHOT.war//org.tuckey.web.filters.urlrewrite.RuleChain.handleRewrite(RuleChain.java:176)
	at deployment.BsuPortal-1.0-SNAPSHOT.war//org.tuckey.web.filters.urlrewrite.RuleChain.doRules(RuleChain.java:145)
	at deployment.BsuPortal-1.0-SNAPSHOT.war//org.tuckey.web.filters.urlrewrite.UrlRewriter.processRequest(UrlRewriter.java:92)
	at deployment.BsuPortal-1.0-SNAPSHOT.war//org.tuckey.web.filters.urlrewrite.UrlRewriteFilter.doFilter(UrlRewriteFilter.java:405)
	at io.undertow.servlet@2.3.13.Final//io.undertow.servlet.core.ManagedFilter.doFilter(ManagedFilter.java:67)
	at io.undertow.servlet@2.3.13.Final//io.undertow.servlet.handlers.FilterHandler$FilterChainImpl.doFilter(FilterHandler.java:131)
	at io.undertow.servlet@2.3.13.Final//io.undertow.servlet.handlers.FilterHandler.handleRequest(FilterHandler.java:84)
	at io.undertow.servlet@2.3.13.Final//io.undertow.servlet.handlers.security.ServletSecurityRoleHandler.handleRequest(ServletSecurityRoleHandler.java:62)
	at io.undertow.jsp@2.2.7.Final//io.undertow.jsp.JspFileHandler.handleRequest(JspFileHandler.java:32)
	at io.undertow.servlet@2.3.13.Final//io.undertow.servlet.handlers.ServletChain$1.handleRequest(ServletChain.java:68)
	at io.undertow.servlet@2.3.13.Final//io.undertow.servlet.handlers.ServletDispatchingHandler.handleRequest(ServletDispatchingHandler.java:36)
	at org.wildfly.security.elytron-web.undertow-server@4.1.0.Final//org.wildfly.elytron.web.undertow.server.ElytronRunAsHandler.lambda$handleRequest$1(ElytronRunAsHandler.java:68)
	at org.wildfly.security.elytron-base@2.4.2.Final//org.wildfly.security.auth.server.FlexibleIdentityAssociation.runAsFunctionEx(FlexibleIdentityAssociation.java:103)
	at org.wildfly.security.elytron-base@2.4.2.Final//org.wildfly.security.auth.server.Scoped.runAsFunctionEx(Scoped.java:161)
	at org.wildfly.security.elytron-base@2.4.2.Final//org.wildfly.security.auth.server.Scoped.runAs(Scoped.java:73)
	at org.wildfly.security.elytron-web.undertow-server@4.1.0.Final//org.wildfly.elytron.web.undertow.server.ElytronRunAsHandler.handleRequest(ElytronRunAsHandler.java:67)
	at io.undertow.servlet@2.3.13.Final//io.undertow.servlet.handlers.RedirectDirHandler.handleRequest(RedirectDirHandler.java:68)
	at io.undertow.core@2.3.13.Final//io.undertow.server.handlers.PredicateHandler.handleRequest(PredicateHandler.java:43)
	at io.undertow.core@2.3.13.Final//io.undertow.server.handlers.PredicateHandler.handleRequest(PredicateHandler.java:43)
	at io.undertow.servlet@2.3.13.Final//io.undertow.servlet.handlers.ServletInitialHandler.dispatchRequest(ServletInitialHandler.java:258)
	at io.undertow.servlet@2.3.13.Final//io.undertow.servlet.handlers.ServletInitialHandler.dispatchToPath(ServletInitialHandler.java:183)
	at io.undertow.servlet@2.3.13.Final//io.undertow.servlet.spec.RequestDispatcherImpl.forwardImpl(RequestDispatcherImpl.java:188)
	at io.undertow.servlet@2.3.13.Final//io.undertow.servlet.spec.RequestDispatcherImpl.forwardImplSetup(RequestDispatcherImpl.java:136)
	at io.undertow.servlet@2.3.13.Final//io.undertow.servlet.spec.RequestDispatcherImpl.forward(RequestDispatcherImpl.java:99)
	at deployment.BsuPortal-1.0-SNAPSHOT.war//org.tuckey.web.filters.urlrewrite.NormalRewrittenUrl.doRewrite(NormalRewrittenUrl.java:233)
	at deployment.BsuPortal-1.0-SNAPSHOT.war//org.tuckey.web.filters.urlrewrite.RuleChain.handleRewrite(RuleChain.java:171)
	at deployment.BsuPortal-1.0-SNAPSHOT.war//org.tuckey.web.filters.urlrewrite.RuleChain.doRules(RuleChain.java:145)
	at deployment.BsuPortal-1.0-SNAPSHOT.war//org.tuckey.web.filters.urlrewrite.UrlRewriter.processRequest(UrlRewriter.java:92)
	at deployment.BsuPortal-1.0-SNAPSHOT.war//org.tuckey.web.filters.urlrewrite.UrlRewriteFilter.doFilter(UrlRewriteFilter.java:405)
	at io.undertow.servlet@2.3.13.Final//io.undertow.servlet.core.ManagedFilter.doFilter(ManagedFilter.java:67)
	at io.undertow.servlet@2.3.13.Final//io.undertow.servlet.handlers.FilterHandler$FilterChainImpl.doFilter(FilterHandler.java:131)
	at io.undertow.servlet@2.3.13.Final//io.undertow.servlet.handlers.FilterHandler.handleRequest(FilterHandler.java:84)
	at io.undertow.servlet@2.3.13.Final//io.undertow.servlet.handlers.security.ServletSecurityRoleHandler.handleRequest(ServletSecurityRoleHandler.java:62)
	at io.undertow.servlet@2.3.13.Final//io.undertow.servlet.handlers.ServletChain$1.handleRequest(ServletChain.java:68)
	at io.undertow.servlet@2.3.13.Final//io.undertow.servlet.handlers.ServletDispatchingHandler.handleRequest(ServletDispatchingHandler.java:36)
	at org.wildfly.security.elytron-web.undertow-server@4.1.0.Final//org.wildfly.elytron.web.undertow.server.ElytronRunAsHandler.lambda$handleRequest$1(ElytronRunAsHandler.java:68)
	at org.wildfly.security.elytron-base@2.4.2.Final//org.wildfly.security.auth.server.FlexibleIdentityAssociation.runAsFunctionEx(FlexibleIdentityAssociation.java:103)
	at org.wildfly.security.elytron-base@2.4.2.Final//org.wildfly.security.auth.server.Scoped.runAsFunctionEx(Scoped.java:161)
	at org.wildfly.security.elytron-base@2.4.2.Final//org.wildfly.security.auth.server.Scoped.runAs(Scoped.java:73)
	at org.wildfly.security.elytron-web.undertow-server@4.1.0.Final//org.wildfly.elytron.web.undertow.server.ElytronRunAsHandler.handleRequest(ElytronRunAsHandler.java:67)
	at io.undertow.servlet@2.3.13.Final//io.undertow.servlet.handlers.RedirectDirHandler.handleRequest(RedirectDirHandler.java:68)
	at io.undertow.servlet@2.3.13.Final//io.undertow.servlet.handlers.security.SSLInformationAssociationHandler.handleRequest(SSLInformationAssociationHandler.java:117)
	at io.undertow.servlet@2.3.13.Final//io.undertow.servlet.handlers.security.ServletAuthenticationCallHandler.handleRequest(ServletAuthenticationCallHandler.java:57)
	at io.undertow.core@2.3.13.Final//io.undertow.server.handlers.PredicateHandler.handleRequest(PredicateHandler.java:43)
	at io.undertow.core@2.3.13.Final//io.undertow.security.handlers.AbstractConfidentialityHandler.handleRequest(AbstractConfidentialityHandler.java:46)
	at io.undertow.servlet@2.3.13.Final//io.undertow.servlet.handlers.security.ServletConfidentialityConstraintHandler.handleRequest(ServletConfidentialityConstraintHandler.java:64)
	at io.undertow.core@2.3.13.Final//io.undertow.security.handlers.AbstractSecurityContextAssociationHandler.handleRequest(AbstractSecurityContextAssociationHandler.java:43)
	at org.wildfly.security.elytron-web.undertow-server-servlet@4.1.0.Final//org.wildfly.elytron.web.undertow.server.servlet.CleanUpHandler.handleRequest(CleanUpHandler.java:38)
	at io.undertow.core@2.3.13.Final//io.undertow.server.handlers.PredicateHandler.handleRequest(PredicateHandler.java:43)
	at org.wildfly.extension.undertow@32.0.1.Final//org.wildfly.extension.undertow.security.jacc.JACCContextIdHandler.handleRequest(JACCContextIdHandler.java:44)
	at io.undertow.core@2.3.13.Final//io.undertow.server.handlers.PredicateHandler.handleRequest(PredicateHandler.java:43)
	at org.wildfly.extension.undertow@32.0.1.Final//org.wildfly.extension.undertow.deployment.GlobalRequestControllerHandler.handleRequest(GlobalRequestControllerHandler.java:51)
	at io.undertow.servlet@2.3.13.Final//io.undertow.servlet.handlers.SendErrorPageHandler.handleRequest(SendErrorPageHandler.java:52)
	at io.undertow.core@2.3.13.Final//io.undertow.server.handlers.PredicateHandler.handleRequest(PredicateHandler.java:43)
	at io.undertow.servlet@2.3.13.Final//io.undertow.servlet.handlers.ServletInitialHandler.handleFirstRequest(ServletInitialHandler.java:276)
	at io.undertow.servlet@2.3.13.Final//io.undertow.servlet.handlers.ServletInitialHandler$2.call(ServletInitialHandler.java:135)
	at io.undertow.servlet@2.3.13.Final//io.undertow.servlet.handlers.ServletInitialHandler$2.call(ServletInitialHandler.java:132)
	at io.undertow.servlet@2.3.13.Final//io.undertow.servlet.core.ServletRequestContextThreadSetupAction$1.call(ServletRequestContextThreadSetupAction.java:48)
	at io.undertow.servlet@2.3.13.Final//io.undertow.servlet.core.ContextClassLoaderSetupAction$1.call(ContextClassLoaderSetupAction.java:43)
	at org.wildfly.extension.undertow@32.0.1.Final//org.wildfly.extension.undertow.deployment.UndertowDeploymentInfoService$UndertowThreadSetupAction.lambda$create$0(UndertowDeploymentInfoService.java:1421)
	at org.wildfly.extension.undertow@32.0.1.Final//org.wildfly.extension.undertow.deployment.UndertowDeploymentInfoService$UndertowThreadSetupAction.lambda$create$0(UndertowDeploymentInfoService.java:1421)
	at org.wildfly.extension.undertow@32.0.1.Final//org.wildfly.extension.undertow.deployment.UndertowDeploymentInfoService$UndertowThreadSetupAction.lambda$create$0(UndertowDeploymentInfoService.java:1421)
	at org.wildfly.extension.undertow@32.0.1.Final//org.wildfly.extension.undertow.deployment.UndertowDeploymentInfoService$UndertowThreadSetupAction.lambda$create$0(UndertowDeploymentInfoService.java:1421)
	at org.wildfly.extension.undertow@32.0.1.Final//org.wildfly.extension.undertow.deployment.UndertowDeploymentInfoService$UndertowThreadSetupAction.lambda$create$0(UndertowDeploymentInfoService.java:1421)
	at io.undertow.servlet@2.3.13.Final//io.undertow.servlet.handlers.ServletInitialHandler.dispatchRequest(ServletInitialHandler.java:256)
	at io.undertow.servlet@2.3.13.Final//io.undertow.servlet.handlers.ServletInitialHandler$1.handleRequest(ServletInitialHandler.java:101)
	at io.undertow.core@2.3.13.Final//io.undertow.server.Connectors.executeRootHandler(Connectors.java:393)
	at io.undertow.core@2.3.13.Final//io.undertow.server.HttpServerExchange$1.run(HttpServerExchange.java:859)
	at org.jboss.threads@2.4.0.Final//org.jboss.threads.ContextClassLoaderSavingRunnable.run(ContextClassLoaderSavingRunnable.java:35)
	at org.jboss.threads@2.4.0.Final//org.jboss.threads.EnhancedQueueExecutor.safeRun(EnhancedQueueExecutor.java:1990)
	at org.jboss.threads@2.4.0.Final//org.jboss.threads.EnhancedQueueExecutor$ThreadBody.doRunTask(EnhancedQueueExecutor.java:1486)
	at org.jboss.threads@2.4.0.Final//org.jboss.threads.EnhancedQueueExecutor$ThreadBody.run(EnhancedQueueExecutor.java:1377)
	at org.jboss.xnio@3.8.15.Final//org.xnio.XnioWorker$WorkerThreadFactory$1$1.run(XnioWorker.java:1282)
	at java.base/java.lang.Thread.run(Thread.java:1570)
Caused by: java.lang.NullPointerException: Cannot invoke "com.mnl.bsum.bsuportal.entities.Users.getDefaultRole()" because "user" is null
	at org.apache.jsp.studentdashboard_jsp._jspService(studentdashboard_jsp.java:265)
	at io.undertow.jsp@2.2.7.Final//org.apache.jasper.runtime.HttpJspBase.service(HttpJspBase.java:70)
	at jakarta.servlet.api@6.0.0//jakarta.servlet.http.HttpServlet.service(HttpServlet.java:614)
	at io.undertow.jsp@2.2.7.Final//org.apache.jasper.servlet.JspServletWrapper.service(JspServletWrapper.java:422)
	... 79 more

2025-05-06 02:19:58,024 ERROR [io.undertow.request] (default task-19) UT005023: Exception handling request to /studentdashboard.jsp: org.apache.jasper.JasperException: java.lang.NullPointerException: Cannot invoke "com.mnl.bsum.bsuportal.entities.Users.getDefaultRole()" because "user" is null
	at io.undertow.jsp@2.2.7.Final//org.apache.jasper.servlet.JspServletWrapper.service(JspServletWrapper.java:461)
	at io.undertow.jsp@2.2.7.Final//org.apache.jasper.servlet.JspServlet.serviceJspFile(JspServlet.java:403)
	at io.undertow.jsp@2.2.7.Final//org.apache.jasper.servlet.JspServlet.service(JspServlet.java:347)
	at jakarta.servlet.api@6.0.0//jakarta.servlet.http.HttpServlet.service(HttpServlet.java:614)
	at io.undertow.servlet@2.3.13.Final//io.undertow.servlet.handlers.ServletHandler.handleRequest(ServletHandler.java:74)
	at io.undertow.servlet@2.3.13.Final//io.undertow.servlet.handlers.FilterHandler$FilterChainImpl.doFilter(FilterHandler.java:129)
	at deployment.BsuPortal-1.0-SNAPSHOT.war//org.tuckey.web.filters.urlrewrite.RuleChain.handleRewrite(RuleChain.java:176)
	at deployment.BsuPortal-1.0-SNAPSHOT.war//org.tuckey.web.filters.urlrewrite.RuleChain.doRules(RuleChain.java:145)
	at deployment.BsuPortal-1.0-SNAPSHOT.war//org.tuckey.web.filters.urlrewrite.UrlRewriter.processRequest(UrlRewriter.java:92)
	at deployment.BsuPortal-1.0-SNAPSHOT.war//org.tuckey.web.filters.urlrewrite.UrlRewriteFilter.doFilter(UrlRewriteFilter.java:405)
	at io.undertow.servlet@2.3.13.Final//io.undertow.servlet.core.ManagedFilter.doFilter(ManagedFilter.java:67)
	at io.undertow.servlet@2.3.13.Final//io.undertow.servlet.handlers.FilterHandler$FilterChainImpl.doFilter(FilterHandler.java:131)
	at io.undertow.servlet@2.3.13.Final//io.undertow.servlet.handlers.FilterHandler.handleRequest(FilterHandler.java:84)
	at io.undertow.servlet@2.3.13.Final//io.undertow.servlet.handlers.security.ServletSecurityRoleHandler.handleRequest(ServletSecurityRoleHandler.java:62)
	at io.undertow.jsp@2.2.7.Final//io.undertow.jsp.JspFileHandler.handleRequest(JspFileHandler.java:32)
	at io.undertow.servlet@2.3.13.Final//io.undertow.servlet.handlers.ServletChain$1.handleRequest(ServletChain.java:68)
	at io.undertow.servlet@2.3.13.Final//io.undertow.servlet.handlers.ServletDispatchingHandler.handleRequest(ServletDispatchingHandler.java:36)
	at org.wildfly.security.elytron-web.undertow-server@4.1.0.Final//org.wildfly.elytron.web.undertow.server.ElytronRunAsHandler.lambda$handleRequest$1(ElytronRunAsHandler.java:68)
	at org.wildfly.security.elytron-base@2.4.2.Final//org.wildfly.security.auth.server.FlexibleIdentityAssociation.runAsFunctionEx(FlexibleIdentityAssociation.java:103)
	at org.wildfly.security.elytron-base@2.4.2.Final//org.wildfly.security.auth.server.Scoped.runAsFunctionEx(Scoped.java:161)
	at org.wildfly.security.elytron-base@2.4.2.Final//org.wildfly.security.auth.server.Scoped.runAs(Scoped.java:73)
	at org.wildfly.security.elytron-web.undertow-server@4.1.0.Final//org.wildfly.elytron.web.undertow.server.ElytronRunAsHandler.handleRequest(ElytronRunAsHandler.java:67)
	at io.undertow.servlet@2.3.13.Final//io.undertow.servlet.handlers.RedirectDirHandler.handleRequest(RedirectDirHandler.java:68)
	at io.undertow.core@2.3.13.Final//io.undertow.server.handlers.PredicateHandler.handleRequest(PredicateHandler.java:43)
	at io.undertow.core@2.3.13.Final//io.undertow.server.handlers.PredicateHandler.handleRequest(PredicateHandler.java:43)
	at io.undertow.servlet@2.3.13.Final//io.undertow.servlet.handlers.ServletInitialHandler.dispatchRequest(ServletInitialHandler.java:258)
	at io.undertow.servlet@2.3.13.Final//io.undertow.servlet.handlers.ServletInitialHandler.dispatchToPath(ServletInitialHandler.java:183)
	at io.undertow.servlet@2.3.13.Final//io.undertow.servlet.spec.RequestDispatcherImpl.forwardImpl(RequestDispatcherImpl.java:188)
	at io.undertow.servlet@2.3.13.Final//io.undertow.servlet.spec.RequestDispatcherImpl.forwardImplSetup(RequestDispatcherImpl.java:136)
	at io.undertow.servlet@2.3.13.Final//io.undertow.servlet.spec.RequestDispatcherImpl.forward(RequestDispatcherImpl.java:99)
	at deployment.BsuPortal-1.0-SNAPSHOT.war//org.tuckey.web.filters.urlrewrite.NormalRewrittenUrl.doRewrite(NormalRewrittenUrl.java:233)
	at deployment.BsuPortal-1.0-SNAPSHOT.war//org.tuckey.web.filters.urlrewrite.RuleChain.handleRewrite(RuleChain.java:171)
	at deployment.BsuPortal-1.0-SNAPSHOT.war//org.tuckey.web.filters.urlrewrite.RuleChain.doRules(RuleChain.java:145)
	at deployment.BsuPortal-1.0-SNAPSHOT.war//org.tuckey.web.filters.urlrewrite.UrlRewriter.processRequest(UrlRewriter.java:92)
	at deployment.BsuPortal-1.0-SNAPSHOT.war//org.tuckey.web.filters.urlrewrite.UrlRewriteFilter.doFilter(UrlRewriteFilter.java:405)
	at io.undertow.servlet@2.3.13.Final//io.undertow.servlet.core.ManagedFilter.doFilter(ManagedFilter.java:67)
	at io.undertow.servlet@2.3.13.Final//io.undertow.servlet.handlers.FilterHandler$FilterChainImpl.doFilter(FilterHandler.java:131)
	at io.undertow.servlet@2.3.13.Final//io.undertow.servlet.handlers.FilterHandler.handleRequest(FilterHandler.java:84)
	at io.undertow.servlet@2.3.13.Final//io.undertow.servlet.handlers.security.ServletSecurityRoleHandler.handleRequest(ServletSecurityRoleHandler.java:62)
	at io.undertow.servlet@2.3.13.Final//io.undertow.servlet.handlers.ServletChain$1.handleRequest(ServletChain.java:68)
	at io.undertow.servlet@2.3.13.Final//io.undertow.servlet.handlers.ServletDispatchingHandler.handleRequest(ServletDispatchingHandler.java:36)
	at org.wildfly.security.elytron-web.undertow-server@4.1.0.Final//org.wildfly.elytron.web.undertow.server.ElytronRunAsHandler.lambda$handleRequest$1(ElytronRunAsHandler.java:68)
	at org.wildfly.security.elytron-base@2.4.2.Final//org.wildfly.security.auth.server.FlexibleIdentityAssociation.runAsFunctionEx(FlexibleIdentityAssociation.java:103)
	at org.wildfly.security.elytron-base@2.4.2.Final//org.wildfly.security.auth.server.Scoped.runAsFunctionEx(Scoped.java:161)
	at org.wildfly.security.elytron-base@2.4.2.Final//org.wildfly.security.auth.server.Scoped.runAs(Scoped.java:73)
	at org.wildfly.security.elytron-web.undertow-server@4.1.0.Final//org.wildfly.elytron.web.undertow.server.ElytronRunAsHandler.handleRequest(ElytronRunAsHandler.java:67)
	at io.undertow.servlet@2.3.13.Final//io.undertow.servlet.handlers.RedirectDirHandler.handleRequest(RedirectDirHandler.java:68)
	at io.undertow.servlet@2.3.13.Final//io.undertow.servlet.handlers.security.SSLInformationAssociationHandler.handleRequest(SSLInformationAssociationHandler.java:117)
	at io.undertow.servlet@2.3.13.Final//io.undertow.servlet.handlers.security.ServletAuthenticationCallHandler.handleRequest(ServletAuthenticationCallHandler.java:57)
	at io.undertow.core@2.3.13.Final//io.undertow.server.handlers.PredicateHandler.handleRequest(PredicateHandler.java:43)
	at io.undertow.core@2.3.13.Final//io.undertow.security.handlers.AbstractConfidentialityHandler.handleRequest(AbstractConfidentialityHandler.java:46)
	at io.undertow.servlet@2.3.13.Final//io.undertow.servlet.handlers.security.ServletConfidentialityConstraintHandler.handleRequest(ServletConfidentialityConstraintHandler.java:64)
	at io.undertow.core@2.3.13.Final//io.undertow.security.handlers.AbstractSecurityContextAssociationHandler.handleRequest(AbstractSecurityContextAssociationHandler.java:43)
	at org.wildfly.security.elytron-web.undertow-server-servlet@4.1.0.Final//org.wildfly.elytron.web.undertow.server.servlet.CleanUpHandler.handleRequest(CleanUpHandler.java:38)
	at io.undertow.core@2.3.13.Final//io.undertow.server.handlers.PredicateHandler.handleRequest(PredicateHandler.java:43)
	at org.wildfly.extension.undertow@32.0.1.Final//org.wildfly.extension.undertow.security.jacc.JACCContextIdHandler.handleRequest(JACCContextIdHandler.java:44)
	at io.undertow.core@2.3.13.Final//io.undertow.server.handlers.PredicateHandler.handleRequest(PredicateHandler.java:43)
	at org.wildfly.extension.undertow@32.0.1.Final//org.wildfly.extension.undertow.deployment.GlobalRequestControllerHandler.handleRequest(GlobalRequestControllerHandler.java:51)
	at io.undertow.servlet@2.3.13.Final//io.undertow.servlet.handlers.SendErrorPageHandler.handleRequest(SendErrorPageHandler.java:52)
	at io.undertow.core@2.3.13.Final//io.undertow.server.handlers.PredicateHandler.handleRequest(PredicateHandler.java:43)
	at io.undertow.servlet@2.3.13.Final//io.undertow.servlet.handlers.ServletInitialHandler.handleFirstRequest(ServletInitialHandler.java:276)
	at io.undertow.servlet@2.3.13.Final//io.undertow.servlet.handlers.ServletInitialHandler$2.call(ServletInitialHandler.java:135)
	at io.undertow.servlet@2.3.13.Final//io.undertow.servlet.handlers.ServletInitialHandler$2.call(ServletInitialHandler.java:132)
	at io.undertow.servlet@2.3.13.Final//io.undertow.servlet.core.ServletRequestContextThreadSetupAction$1.call(ServletRequestContextThreadSetupAction.java:48)
	at io.undertow.servlet@2.3.13.Final//io.undertow.servlet.core.ContextClassLoaderSetupAction$1.call(ContextClassLoaderSetupAction.java:43)
	at org.wildfly.extension.undertow@32.0.1.Final//org.wildfly.extension.undertow.deployment.UndertowDeploymentInfoService$UndertowThreadSetupAction.lambda$create$0(UndertowDeploymentInfoService.java:1421)
	at org.wildfly.extension.undertow@32.0.1.Final//org.wildfly.extension.undertow.deployment.UndertowDeploymentInfoService$UndertowThreadSetupAction.lambda$create$0(UndertowDeploymentInfoService.java:1421)
	at org.wildfly.extension.undertow@32.0.1.Final//org.wildfly.extension.undertow.deployment.UndertowDeploymentInfoService$UndertowThreadSetupAction.lambda$create$0(UndertowDeploymentInfoService.java:1421)
	at org.wildfly.extension.undertow@32.0.1.Final//org.wildfly.extension.undertow.deployment.UndertowDeploymentInfoService$UndertowThreadSetupAction.lambda$create$0(UndertowDeploymentInfoService.java:1421)
	at org.wildfly.extension.undertow@32.0.1.Final//org.wildfly.extension.undertow.deployment.UndertowDeploymentInfoService$UndertowThreadSetupAction.lambda$create$0(UndertowDeploymentInfoService.java:1421)
	at io.undertow.servlet@2.3.13.Final//io.undertow.servlet.handlers.ServletInitialHandler.dispatchRequest(ServletInitialHandler.java:256)
	at io.undertow.servlet@2.3.13.Final//io.undertow.servlet.handlers.ServletInitialHandler$1.handleRequest(ServletInitialHandler.java:101)
	at io.undertow.core@2.3.13.Final//io.undertow.server.Connectors.executeRootHandler(Connectors.java:393)
	at io.undertow.core@2.3.13.Final//io.undertow.server.HttpServerExchange$1.run(HttpServerExchange.java:859)
	at org.jboss.threads@2.4.0.Final//org.jboss.threads.ContextClassLoaderSavingRunnable.run(ContextClassLoaderSavingRunnable.java:35)
	at org.jboss.threads@2.4.0.Final//org.jboss.threads.EnhancedQueueExecutor.safeRun(EnhancedQueueExecutor.java:1990)
	at org.jboss.threads@2.4.0.Final//org.jboss.threads.EnhancedQueueExecutor$ThreadBody.doRunTask(EnhancedQueueExecutor.java:1486)
	at org.jboss.threads@2.4.0.Final//org.jboss.threads.EnhancedQueueExecutor$ThreadBody.run(EnhancedQueueExecutor.java:1377)
	at org.jboss.xnio@3.8.15.Final//org.xnio.XnioWorker$WorkerThreadFactory$1$1.run(XnioWorker.java:1282)
	at java.base/java.lang.Thread.run(Thread.java:1570)
Caused by: java.lang.NullPointerException: Cannot invoke "com.mnl.bsum.bsuportal.entities.Users.getDefaultRole()" because "user" is null
	at org.apache.jsp.studentdashboard_jsp._jspService(studentdashboard_jsp.java:265)
	at io.undertow.jsp@2.2.7.Final//org.apache.jasper.runtime.HttpJspBase.service(HttpJspBase.java:70)
	at jakarta.servlet.api@6.0.0//jakarta.servlet.http.HttpServlet.service(HttpServlet.java:614)
	at io.undertow.jsp@2.2.7.Final//org.apache.jasper.servlet.JspServletWrapper.service(JspServletWrapper.java:422)
	... 79 more

2025-05-06 02:20:12,217 ERROR [io.undertow.request] (default task-5) UT005023: Exception handling request to /studentdashboard.jsp: org.apache.jasper.JasperException: java.lang.NullPointerException: Cannot invoke "com.mnl.bsum.bsuportal.entities.Users.getDefaultRole()" because "user" is null
	at io.undertow.jsp@2.2.7.Final//org.apache.jasper.servlet.JspServletWrapper.service(JspServletWrapper.java:461)
	at io.undertow.jsp@2.2.7.Final//org.apache.jasper.servlet.JspServlet.serviceJspFile(JspServlet.java:403)
	at io.undertow.jsp@2.2.7.Final//org.apache.jasper.servlet.JspServlet.service(JspServlet.java:347)
	at jakarta.servlet.api@6.0.0//jakarta.servlet.http.HttpServlet.service(HttpServlet.java:614)
	at io.undertow.servlet@2.3.13.Final//io.undertow.servlet.handlers.ServletHandler.handleRequest(ServletHandler.java:74)
	at io.undertow.servlet@2.3.13.Final//io.undertow.servlet.handlers.FilterHandler$FilterChainImpl.doFilter(FilterHandler.java:129)
	at deployment.BsuPortal-1.0-SNAPSHOT.war//org.tuckey.web.filters.urlrewrite.RuleChain.handleRewrite(RuleChain.java:176)
	at deployment.BsuPortal-1.0-SNAPSHOT.war//org.tuckey.web.filters.urlrewrite.RuleChain.doRules(RuleChain.java:145)
	at deployment.BsuPortal-1.0-SNAPSHOT.war//org.tuckey.web.filters.urlrewrite.UrlRewriter.processRequest(UrlRewriter.java:92)
	at deployment.BsuPortal-1.0-SNAPSHOT.war//org.tuckey.web.filters.urlrewrite.UrlRewriteFilter.doFilter(UrlRewriteFilter.java:405)
	at io.undertow.servlet@2.3.13.Final//io.undertow.servlet.core.ManagedFilter.doFilter(ManagedFilter.java:67)
	at io.undertow.servlet@2.3.13.Final//io.undertow.servlet.handlers.FilterHandler$FilterChainImpl.doFilter(FilterHandler.java:131)
	at io.undertow.servlet@2.3.13.Final//io.undertow.servlet.handlers.FilterHandler.handleRequest(FilterHandler.java:84)
	at io.undertow.servlet@2.3.13.Final//io.undertow.servlet.handlers.security.ServletSecurityRoleHandler.handleRequest(ServletSecurityRoleHandler.java:62)
	at io.undertow.jsp@2.2.7.Final//io.undertow.jsp.JspFileHandler.handleRequest(JspFileHandler.java:32)
	at io.undertow.servlet@2.3.13.Final//io.undertow.servlet.handlers.ServletChain$1.handleRequest(ServletChain.java:68)
	at io.undertow.servlet@2.3.13.Final//io.undertow.servlet.handlers.ServletDispatchingHandler.handleRequest(ServletDispatchingHandler.java:36)
	at org.wildfly.security.elytron-web.undertow-server@4.1.0.Final//org.wildfly.elytron.web.undertow.server.ElytronRunAsHandler.lambda$handleRequest$1(ElytronRunAsHandler.java:68)
	at org.wildfly.security.elytron-base@2.4.2.Final//org.wildfly.security.auth.server.FlexibleIdentityAssociation.runAsFunctionEx(FlexibleIdentityAssociation.java:103)
	at org.wildfly.security.elytron-base@2.4.2.Final//org.wildfly.security.auth.server.Scoped.runAsFunctionEx(Scoped.java:161)
	at org.wildfly.security.elytron-base@2.4.2.Final//org.wildfly.security.auth.server.Scoped.runAs(Scoped.java:73)
	at org.wildfly.security.elytron-web.undertow-server@4.1.0.Final//org.wildfly.elytron.web.undertow.server.ElytronRunAsHandler.handleRequest(ElytronRunAsHandler.java:67)
	at io.undertow.servlet@2.3.13.Final//io.undertow.servlet.handlers.RedirectDirHandler.handleRequest(RedirectDirHandler.java:68)
	at io.undertow.core@2.3.13.Final//io.undertow.server.handlers.PredicateHandler.handleRequest(PredicateHandler.java:43)
	at io.undertow.core@2.3.13.Final//io.undertow.server.handlers.PredicateHandler.handleRequest(PredicateHandler.java:43)
	at io.undertow.servlet@2.3.13.Final//io.undertow.servlet.handlers.ServletInitialHandler.dispatchRequest(ServletInitialHandler.java:258)
	at io.undertow.servlet@2.3.13.Final//io.undertow.servlet.handlers.ServletInitialHandler.dispatchToPath(ServletInitialHandler.java:183)
	at io.undertow.servlet@2.3.13.Final//io.undertow.servlet.spec.RequestDispatcherImpl.forwardImpl(RequestDispatcherImpl.java:188)
	at io.undertow.servlet@2.3.13.Final//io.undertow.servlet.spec.RequestDispatcherImpl.forwardImplSetup(RequestDispatcherImpl.java:136)
	at io.undertow.servlet@2.3.13.Final//io.undertow.servlet.spec.RequestDispatcherImpl.forward(RequestDispatcherImpl.java:99)
	at deployment.BsuPortal-1.0-SNAPSHOT.war//org.tuckey.web.filters.urlrewrite.NormalRewrittenUrl.doRewrite(NormalRewrittenUrl.java:233)
	at deployment.BsuPortal-1.0-SNAPSHOT.war//org.tuckey.web.filters.urlrewrite.RuleChain.handleRewrite(RuleChain.java:171)
	at deployment.BsuPortal-1.0-SNAPSHOT.war//org.tuckey.web.filters.urlrewrite.RuleChain.doRules(RuleChain.java:145)
	at deployment.BsuPortal-1.0-SNAPSHOT.war//org.tuckey.web.filters.urlrewrite.UrlRewriter.processRequest(UrlRewriter.java:92)
	at deployment.BsuPortal-1.0-SNAPSHOT.war//org.tuckey.web.filters.urlrewrite.UrlRewriteFilter.doFilter(UrlRewriteFilter.java:405)
	at io.undertow.servlet@2.3.13.Final//io.undertow.servlet.core.ManagedFilter.doFilter(ManagedFilter.java:67)
	at io.undertow.servlet@2.3.13.Final//io.undertow.servlet.handlers.FilterHandler$FilterChainImpl.doFilter(FilterHandler.java:131)
	at io.undertow.servlet@2.3.13.Final//io.undertow.servlet.handlers.FilterHandler.handleRequest(FilterHandler.java:84)
	at io.undertow.servlet@2.3.13.Final//io.undertow.servlet.handlers.security.ServletSecurityRoleHandler.handleRequest(ServletSecurityRoleHandler.java:62)
	at io.undertow.servlet@2.3.13.Final//io.undertow.servlet.handlers.ServletChain$1.handleRequest(ServletChain.java:68)
	at io.undertow.servlet@2.3.13.Final//io.undertow.servlet.handlers.ServletDispatchingHandler.handleRequest(ServletDispatchingHandler.java:36)
	at org.wildfly.security.elytron-web.undertow-server@4.1.0.Final//org.wildfly.elytron.web.undertow.server.ElytronRunAsHandler.lambda$handleRequest$1(ElytronRunAsHandler.java:68)
	at org.wildfly.security.elytron-base@2.4.2.Final//org.wildfly.security.auth.server.FlexibleIdentityAssociation.runAsFunctionEx(FlexibleIdentityAssociation.java:103)
	at org.wildfly.security.elytron-base@2.4.2.Final//org.wildfly.security.auth.server.Scoped.runAsFunctionEx(Scoped.java:161)
	at org.wildfly.security.elytron-base@2.4.2.Final//org.wildfly.security.auth.server.Scoped.runAs(Scoped.java:73)
	at org.wildfly.security.elytron-web.undertow-server@4.1.0.Final//org.wildfly.elytron.web.undertow.server.ElytronRunAsHandler.handleRequest(ElytronRunAsHandler.java:67)
	at io.undertow.servlet@2.3.13.Final//io.undertow.servlet.handlers.RedirectDirHandler.handleRequest(RedirectDirHandler.java:68)
	at io.undertow.servlet@2.3.13.Final//io.undertow.servlet.handlers.security.SSLInformationAssociationHandler.handleRequest(SSLInformationAssociationHandler.java:117)
	at io.undertow.servlet@2.3.13.Final//io.undertow.servlet.handlers.security.ServletAuthenticationCallHandler.handleRequest(ServletAuthenticationCallHandler.java:57)
	at io.undertow.core@2.3.13.Final//io.undertow.server.handlers.PredicateHandler.handleRequest(PredicateHandler.java:43)
	at io.undertow.core@2.3.13.Final//io.undertow.security.handlers.AbstractConfidentialityHandler.handleRequest(AbstractConfidentialityHandler.java:46)
	at io.undertow.servlet@2.3.13.Final//io.undertow.servlet.handlers.security.ServletConfidentialityConstraintHandler.handleRequest(ServletConfidentialityConstraintHandler.java:64)
	at io.undertow.core@2.3.13.Final//io.undertow.security.handlers.AbstractSecurityContextAssociationHandler.handleRequest(AbstractSecurityContextAssociationHandler.java:43)
	at org.wildfly.security.elytron-web.undertow-server-servlet@4.1.0.Final//org.wildfly.elytron.web.undertow.server.servlet.CleanUpHandler.handleRequest(CleanUpHandler.java:38)
	at io.undertow.core@2.3.13.Final//io.undertow.server.handlers.PredicateHandler.handleRequest(PredicateHandler.java:43)
	at org.wildfly.extension.undertow@32.0.1.Final//org.wildfly.extension.undertow.security.jacc.JACCContextIdHandler.handleRequest(JACCContextIdHandler.java:44)
	at io.undertow.core@2.3.13.Final//io.undertow.server.handlers.PredicateHandler.handleRequest(PredicateHandler.java:43)
	at org.wildfly.extension.undertow@32.0.1.Final//org.wildfly.extension.undertow.deployment.GlobalRequestControllerHandler.handleRequest(GlobalRequestControllerHandler.java:51)
	at io.undertow.servlet@2.3.13.Final//io.undertow.servlet.handlers.SendErrorPageHandler.handleRequest(SendErrorPageHandler.java:52)
	at io.undertow.core@2.3.13.Final//io.undertow.server.handlers.PredicateHandler.handleRequest(PredicateHandler.java:43)
	at io.undertow.servlet@2.3.13.Final//io.undertow.servlet.handlers.ServletInitialHandler.handleFirstRequest(ServletInitialHandler.java:276)
	at io.undertow.servlet@2.3.13.Final//io.undertow.servlet.handlers.ServletInitialHandler$2.call(ServletInitialHandler.java:135)
	at io.undertow.servlet@2.3.13.Final//io.undertow.servlet.handlers.ServletInitialHandler$2.call(ServletInitialHandler.java:132)
	at io.undertow.servlet@2.3.13.Final//io.undertow.servlet.core.ServletRequestContextThreadSetupAction$1.call(ServletRequestContextThreadSetupAction.java:48)
	at io.undertow.servlet@2.3.13.Final//io.undertow.servlet.core.ContextClassLoaderSetupAction$1.call(ContextClassLoaderSetupAction.java:43)
	at org.wildfly.extension.undertow@32.0.1.Final//org.wildfly.extension.undertow.deployment.UndertowDeploymentInfoService$UndertowThreadSetupAction.lambda$create$0(UndertowDeploymentInfoService.java:1421)
	at org.wildfly.extension.undertow@32.0.1.Final//org.wildfly.extension.undertow.deployment.UndertowDeploymentInfoService$UndertowThreadSetupAction.lambda$create$0(UndertowDeploymentInfoService.java:1421)
	at org.wildfly.extension.undertow@32.0.1.Final//org.wildfly.extension.undertow.deployment.UndertowDeploymentInfoService$UndertowThreadSetupAction.lambda$create$0(UndertowDeploymentInfoService.java:1421)
	at org.wildfly.extension.undertow@32.0.1.Final//org.wildfly.extension.undertow.deployment.UndertowDeploymentInfoService$UndertowThreadSetupAction.lambda$create$0(UndertowDeploymentInfoService.java:1421)
	at org.wildfly.extension.undertow@32.0.1.Final//org.wildfly.extension.undertow.deployment.UndertowDeploymentInfoService$UndertowThreadSetupAction.lambda$create$0(UndertowDeploymentInfoService.java:1421)
	at io.undertow.servlet@2.3.13.Final//io.undertow.servlet.handlers.ServletInitialHandler.dispatchRequest(ServletInitialHandler.java:256)
	at io.undertow.servlet@2.3.13.Final//io.undertow.servlet.handlers.ServletInitialHandler$1.handleRequest(ServletInitialHandler.java:101)
	at io.undertow.core@2.3.13.Final//io.undertow.server.Connectors.executeRootHandler(Connectors.java:393)
	at io.undertow.core@2.3.13.Final//io.undertow.server.HttpServerExchange$1.run(HttpServerExchange.java:859)
	at org.jboss.threads@2.4.0.Final//org.jboss.threads.ContextClassLoaderSavingRunnable.run(ContextClassLoaderSavingRunnable.java:35)
	at org.jboss.threads@2.4.0.Final//org.jboss.threads.EnhancedQueueExecutor.safeRun(EnhancedQueueExecutor.java:1990)
	at org.jboss.threads@2.4.0.Final//org.jboss.threads.EnhancedQueueExecutor$ThreadBody.doRunTask(EnhancedQueueExecutor.java:1486)
	at org.jboss.threads@2.4.0.Final//org.jboss.threads.EnhancedQueueExecutor$ThreadBody.run(EnhancedQueueExecutor.java:1377)
	at org.jboss.xnio@3.8.15.Final//org.xnio.XnioWorker$WorkerThreadFactory$1$1.run(XnioWorker.java:1282)
	at java.base/java.lang.Thread.run(Thread.java:1570)
Caused by: java.lang.NullPointerException: Cannot invoke "com.mnl.bsum.bsuportal.entities.Users.getDefaultRole()" because "user" is null
	at org.apache.jsp.studentdashboard_jsp._jspService(studentdashboard_jsp.java:265)
	at io.undertow.jsp@2.2.7.Final//org.apache.jasper.runtime.HttpJspBase.service(HttpJspBase.java:70)
	at jakarta.servlet.api@6.0.0//jakarta.servlet.http.HttpServlet.service(HttpServlet.java:614)
	at io.undertow.jsp@2.2.7.Final//org.apache.jasper.servlet.JspServletWrapper.service(JspServletWrapper.java:422)
	... 79 more

2025-05-06 02:20:18,112 ERROR [stderr] (default task-19) jakarta.persistence.NoResultException: No result found for query [SELECT u FROM Users u WHERE u.username = :username OR u.email = :email]
2025-05-06 02:20:18,113 ERROR [stderr] (default task-19) 	at org.hibernate@6.4.4.Final//org.hibernate.query.spi.AbstractSelectionQuery.getSingleResult(AbstractSelectionQuery.java:567)
2025-05-06 02:20:18,113 ERROR [stderr] (default task-19) 	at org.jboss.as.jpa@32.0.1.Final//org.jboss.as.jpa.container.QueryNonTxInvocationDetacher.getSingleResult(QueryNonTxInvocationDetacher.java:52)
2025-05-06 02:20:18,113 ERROR [stderr] (default task-19) 	at deployment.BsuPortal-1.0-SNAPSHOT.war//com.mnl.bsum.bsuportal.sessions.MainSession.login(MainSession.java:775)
2025-05-06 02:20:18,113 ERROR [stderr] (default task-19) 	at java.base/jdk.internal.reflect.DirectMethodHandleAccessor.invoke(DirectMethodHandleAccessor.java:103)
2025-05-06 02:20:18,113 ERROR [stderr] (default task-19) 	at java.base/java.lang.reflect.Method.invoke(Method.java:580)
2025-05-06 02:20:18,113 ERROR [stderr] (default task-19) 	at org.jboss.as.ee@32.0.1.Final//org.jboss.as.ee.component.ManagedReferenceMethodInterceptor.processInvocation(ManagedReferenceMethodInterceptor.java:35)
2025-05-06 02:20:18,113 ERROR [stderr] (default task-19) 	at org.jboss.invocation@2.0.1.Final//org.jboss.invocation.InterceptorContext.proceed(InterceptorContext.java:422)
2025-05-06 02:20:18,113 ERROR [stderr] (default task-19) 	at org.jboss.invocation@2.0.1.Final//org.jboss.invocation.InterceptorContext$Invocation.proceed(InterceptorContext.java:509)
2025-05-06 02:20:18,113 ERROR [stderr] (default task-19) 	at org.jboss.as.weld.common@32.0.1.Final//org.jboss.as.weld.interceptors.Jsr299BindingsInterceptor.delegateInterception(Jsr299BindingsInterceptor.java:62)
2025-05-06 02:20:18,113 ERROR [stderr] (default task-19) 	at org.jboss.as.weld.common@32.0.1.Final//org.jboss.as.weld.interceptors.Jsr299BindingsInterceptor.doMethodInterception(Jsr299BindingsInterceptor.java:72)
2025-05-06 02:20:18,113 ERROR [stderr] (default task-19) 	at org.jboss.as.weld.common@32.0.1.Final//org.jboss.as.weld.interceptors.Jsr299BindingsInterceptor.processInvocation(Jsr299BindingsInterceptor.java:85)
2025-05-06 02:20:18,113 ERROR [stderr] (default task-19) 	at org.jboss.as.ee@32.0.1.Final//org.jboss.as.ee.component.interceptors.UserInterceptorFactory$1.processInvocation(UserInterceptorFactory.java:46)
2025-05-06 02:20:18,113 ERROR [stderr] (default task-19) 	at org.jboss.invocation@2.0.1.Final//org.jboss.invocation.InterceptorContext.proceed(InterceptorContext.java:422)
2025-05-06 02:20:18,113 ERROR [stderr] (default task-19) 	at org.jboss.as.ejb3@32.0.1.Final//org.jboss.as.ejb3.component.invocationmetrics.ExecutionTimeInterceptor.processInvocation(ExecutionTimeInterceptor.java:26)
2025-05-06 02:20:18,114 ERROR [stderr] (default task-19) 	at org.jboss.invocation@2.0.1.Final//org.jboss.invocation.InterceptorContext.proceed(InterceptorContext.java:422)
2025-05-06 02:20:18,114 ERROR [stderr] (default task-19) 	at org.jboss.as.jpa@32.0.1.Final//org.jboss.as.jpa.interceptor.SBInvocationInterceptor.processInvocation(SBInvocationInterceptor.java:30)
2025-05-06 02:20:18,114 ERROR [stderr] (default task-19) 	at org.jboss.invocation@2.0.1.Final//org.jboss.invocation.InterceptorContext.proceed(InterceptorContext.java:422)
2025-05-06 02:20:18,114 ERROR [stderr] (default task-19) 	at org.jboss.as.ejb3@32.0.1.Final//org.jboss.as.ejb3.tx.EjbBMTInterceptor.handleInvocation(EjbBMTInterceptor.java:86)
2025-05-06 02:20:18,114 ERROR [stderr] (default task-19) 	at org.jboss.as.ejb3@32.0.1.Final//org.jboss.as.ejb3.tx.BMTInterceptor.processInvocation(BMTInterceptor.java:40)
2025-05-06 02:20:18,114 ERROR [stderr] (default task-19) 	at org.jboss.invocation@2.0.1.Final//org.jboss.invocation.InterceptorContext.proceed(InterceptorContext.java:422)
2025-05-06 02:20:18,114 ERROR [stderr] (default task-19) 	at org.jboss.as.ee@32.0.1.Final//org.jboss.as.ee.concurrent.ConcurrentContextInterceptor.processInvocation(ConcurrentContextInterceptor.java:28)
2025-05-06 02:20:18,114 ERROR [stderr] (default task-19) 	at org.jboss.invocation@2.0.1.Final//org.jboss.invocation.InterceptorContext.proceed(InterceptorContext.java:422)
2025-05-06 02:20:18,114 ERROR [stderr] (default task-19) 	at org.jboss.invocation@2.0.1.Final//org.jboss.invocation.InitialInterceptor.processInvocation(InitialInterceptor.java:40)
2025-05-06 02:20:18,114 ERROR [stderr] (default task-19) 	at org.jboss.invocation@2.0.1.Final//org.jboss.invocation.InterceptorContext.proceed(InterceptorContext.java:422)
2025-05-06 02:20:18,114 ERROR [stderr] (default task-19) 	at org.jboss.invocation@2.0.1.Final//org.jboss.invocation.ChainedInterceptor.processInvocation(ChainedInterceptor.java:53)
2025-05-06 02:20:18,115 ERROR [stderr] (default task-19) 	at org.jboss.as.ee@32.0.1.Final//org.jboss.as.ee.component.interceptors.ComponentDispatcherInterceptor.processInvocation(ComponentDispatcherInterceptor.java:35)
2025-05-06 02:20:18,115 ERROR [stderr] (default task-19) 	at org.jboss.invocation@2.0.1.Final//org.jboss.invocation.InterceptorContext.proceed(InterceptorContext.java:422)
2025-05-06 02:20:18,115 ERROR [stderr] (default task-19) 	at org.jboss.as.ejb3@32.0.1.Final//org.jboss.as.ejb3.component.pool.PooledInstanceInterceptor.processInvocation(PooledInstanceInterceptor.java:34)
2025-05-06 02:20:18,115 ERROR [stderr] (default task-19) 	at org.jboss.invocation@2.0.1.Final//org.jboss.invocation.InterceptorContext.proceed(InterceptorContext.java:422)
2025-05-06 02:20:18,115 ERROR [stderr] (default task-19) 	at org.jboss.as.ejb3@32.0.1.Final//org.jboss.as.ejb3.component.interceptors.AdditionalSetupInterceptor.processInvocation(AdditionalSetupInterceptor.java:39)
2025-05-06 02:20:18,115 ERROR [stderr] (default task-19) 	at org.jboss.invocation@2.0.1.Final//org.jboss.invocation.InterceptorContext.proceed(InterceptorContext.java:422)
2025-05-06 02:20:18,115 ERROR [stderr] (default task-19) 	at org.jboss.invocation@2.0.1.Final//org.jboss.invocation.InterceptorContext$Invocation.proceed(InterceptorContext.java:509)
2025-05-06 02:20:18,115 ERROR [stderr] (default task-19) 	at org.jboss.weld.core@5.1.2.Final//org.jboss.weld.module.ejb.AbstractEJBRequestScopeActivationInterceptor.aroundInvoke(AbstractEJBRequestScopeActivationInterceptor.java:78)
2025-05-06 02:20:18,115 ERROR [stderr] (default task-19) 	at org.jboss.as.weld.common@32.0.1.Final//org.jboss.as.weld.ejb.EjbRequestScopeActivationInterceptor.processInvocation(EjbRequestScopeActivationInterceptor.java:72)
2025-05-06 02:20:18,115 ERROR [stderr] (default task-19) 	at org.jboss.invocation@2.0.1.Final//org.jboss.invocation.InterceptorContext.proceed(InterceptorContext.java:422)
2025-05-06 02:20:18,115 ERROR [stderr] (default task-19) 	at org.jboss.as.ejb3@32.0.1.Final//org.jboss.as.ejb3.component.interceptors.CurrentInvocationContextInterceptor.processInvocation(CurrentInvocationContextInterceptor.java:24)
2025-05-06 02:20:18,115 ERROR [stderr] (default task-19) 	at org.jboss.invocation@2.0.1.Final//org.jboss.invocation.InterceptorContext.proceed(InterceptorContext.java:422)
2025-05-06 02:20:18,115 ERROR [stderr] (default task-19) 	at org.jboss.as.ejb3@32.0.1.Final//org.jboss.as.ejb3.component.invocationmetrics.WaitTimeInterceptor.processInvocation(WaitTimeInterceptor.java:30)
2025-05-06 02:20:18,115 ERROR [stderr] (default task-19) 	at org.jboss.invocation@2.0.1.Final//org.jboss.invocation.InterceptorContext.proceed(InterceptorContext.java:422)
2025-05-06 02:20:18,115 ERROR [stderr] (default task-19) 	at org.jboss.as.ejb3@32.0.1.Final//org.jboss.as.ejb3.security.IdentityOutflowInterceptor.processInvocation(IdentityOutflowInterceptor.java:56)
2025-05-06 02:20:18,115 ERROR [stderr] (default task-19) 	at org.jboss.invocation@2.0.1.Final//org.jboss.invocation.InterceptorContext.proceed(InterceptorContext.java:422)
2025-05-06 02:20:18,115 ERROR [stderr] (default task-19) 	at org.jboss.as.ejb3@32.0.1.Final//org.jboss.as.ejb3.security.SecurityDomainInterceptor.processInvocation(SecurityDomainInterceptor.java:27)
2025-05-06 02:20:18,115 ERROR [stderr] (default task-19) 	at org.jboss.invocation@2.0.1.Final//org.jboss.invocation.InterceptorContext.proceed(InterceptorContext.java:422)
2025-05-06 02:20:18,115 ERROR [stderr] (default task-19) 	at org.jboss.as.ejb3@32.0.1.Final//org.jboss.as.ejb3.deployment.processors.StartupAwaitInterceptor.processInvocation(StartupAwaitInterceptor.java:27)
2025-05-06 02:20:18,115 ERROR [stderr] (default task-19) 	at org.jboss.invocation@2.0.1.Final//org.jboss.invocation.InterceptorContext.proceed(InterceptorContext.java:422)
2025-05-06 02:20:18,116 ERROR [stderr] (default task-19) 	at org.jboss.as.ejb3@32.0.1.Final//org.jboss.as.ejb3.component.interceptors.ShutDownInterceptorFactory$1.processInvocation(ShutDownInterceptorFactory.java:47)
2025-05-06 02:20:18,116 ERROR [stderr] (default task-19) 	at org.jboss.invocation@2.0.1.Final//org.jboss.invocation.InterceptorContext.proceed(InterceptorContext.java:422)
2025-05-06 02:20:18,116 ERROR [stderr] (default task-19) 	at org.jboss.as.ejb3@32.0.1.Final//org.jboss.as.ejb3.component.interceptors.LoggingInterceptor.processInvocation(LoggingInterceptor.java:50)
2025-05-06 02:20:18,116 ERROR [stderr] (default task-19) 	at org.jboss.invocation@2.0.1.Final//org.jboss.invocation.InterceptorContext.proceed(InterceptorContext.java:422)
2025-05-06 02:20:18,116 ERROR [stderr] (default task-19) 	at org.jboss.as.ee@32.0.1.Final//org.jboss.as.ee.component.NamespaceContextInterceptor.processInvocation(NamespaceContextInterceptor.java:33)
2025-05-06 02:20:18,116 ERROR [stderr] (default task-19) 	at org.jboss.invocation@2.0.1.Final//org.jboss.invocation.InterceptorContext.proceed(InterceptorContext.java:422)
2025-05-06 02:20:18,116 ERROR [stderr] (default task-19) 	at org.jboss.invocation@2.0.1.Final//org.jboss.invocation.ContextClassLoaderInterceptor.processInvocation(ContextClassLoaderInterceptor.java:60)
2025-05-06 02:20:18,116 ERROR [stderr] (default task-19) 	at org.jboss.invocation@2.0.1.Final//org.jboss.invocation.InterceptorContext.proceed(InterceptorContext.java:422)
2025-05-06 02:20:18,116 ERROR [stderr] (default task-19) 	at org.jboss.invocation@2.0.1.Final//org.jboss.invocation.InterceptorContext.run(InterceptorContext.java:438)
2025-05-06 02:20:18,116 ERROR [stderr] (default task-19) 	at org.wildfly.security.elytron-base@2.4.2.Final//org.wildfly.security.manager.WildFlySecurityManager.doChecked(WildFlySecurityManager.java:633)
2025-05-06 02:20:18,116 ERROR [stderr] (default task-19) 	at org.jboss.invocation@2.0.1.Final//org.jboss.invocation.AccessCheckingInterceptor.processInvocation(AccessCheckingInterceptor.java:57)
2025-05-06 02:20:18,116 ERROR [stderr] (default task-19) 	at org.jboss.invocation@2.0.1.Final//org.jboss.invocation.InterceptorContext.proceed(InterceptorContext.java:422)
2025-05-06 02:20:18,116 ERROR [stderr] (default task-19) 	at org.jboss.invocation@2.0.1.Final//org.jboss.invocation.ChainedInterceptor.processInvocation(ChainedInterceptor.java:53)
2025-05-06 02:20:18,116 ERROR [stderr] (default task-19) 	at org.jboss.as.ee@32.0.1.Final//org.jboss.as.ee.component.ViewService$View.invoke(ViewService.java:181)
2025-05-06 02:20:18,116 ERROR [stderr] (default task-19) 	at org.jboss.as.ee@32.0.1.Final//org.jboss.as.ee.component.ViewDescription$1.processInvocation(ViewDescription.java:174)
2025-05-06 02:20:18,116 ERROR [stderr] (default task-19) 	at org.jboss.invocation@2.0.1.Final//org.jboss.invocation.InterceptorContext.proceed(InterceptorContext.java:422)
2025-05-06 02:20:18,116 ERROR [stderr] (default task-19) 	at org.jboss.as.ejb3@32.0.1.Final//org.jboss.as.ejb3.security.IdentityInterceptor.lambda$processInvocation$0(IdentityInterceptor.java:30)
2025-05-06 02:20:18,116 ERROR [stderr] (default task-19) 	at org.wildfly.security.elytron-base@2.4.2.Final//org.wildfly.security.auth.server.SecurityIdentity.runAsFunctionEx(SecurityIdentity.java:421)
2025-05-06 02:20:18,116 ERROR [stderr] (default task-19) 	at org.wildfly.security.elytron-base@2.4.2.Final//org.wildfly.security.auth.server.Scoped.runAsFunctionEx(Scoped.java:161)
2025-05-06 02:20:18,116 ERROR [stderr] (default task-19) 	at org.wildfly.security.elytron-base@2.4.2.Final//org.wildfly.security.auth.server.Scoped.runAsSupplierEx(Scoped.java:229)
2025-05-06 02:20:18,116 ERROR [stderr] (default task-19) 	at org.jboss.as.ejb3@32.0.1.Final//org.jboss.as.ejb3.security.IdentityInterceptor.processInvocation(IdentityInterceptor.java:30)
2025-05-06 02:20:18,117 ERROR [stderr] (default task-19) 	at org.jboss.invocation@2.0.1.Final//org.jboss.invocation.InterceptorContext.proceed(InterceptorContext.java:422)
2025-05-06 02:20:18,117 ERROR [stderr] (default task-19) 	at org.jboss.invocation@2.0.1.Final//org.jboss.invocation.ChainedInterceptor.processInvocation(ChainedInterceptor.java:53)
2025-05-06 02:20:18,117 ERROR [stderr] (default task-19) 	at org.jboss.as.ee@32.0.1.Final//org.jboss.as.ee.component.ProxyInvocationHandler.invoke(ProxyInvocationHandler.java:64)
2025-05-06 02:20:18,117 ERROR [stderr] (default task-19) 	at deployment.BsuPortal-1.0-SNAPSHOT.war//com.mnl.bsum.bsuportal.sessions.MainSession$$$view2.login(Unknown Source)
2025-05-06 02:20:18,117 ERROR [stderr] (default task-19) 	at org.apache.jsp.index_jsp._jspService(index_jsp.java:325)
2025-05-06 02:20:18,117 ERROR [stderr] (default task-19) 	at io.undertow.jsp@2.2.7.Final//org.apache.jasper.runtime.HttpJspBase.service(HttpJspBase.java:70)
2025-05-06 02:20:18,117 ERROR [stderr] (default task-19) 	at jakarta.servlet.api@6.0.0//jakarta.servlet.http.HttpServlet.service(HttpServlet.java:614)
2025-05-06 02:20:18,117 ERROR [stderr] (default task-19) 	at io.undertow.jsp@2.2.7.Final//org.apache.jasper.servlet.JspServletWrapper.service(JspServletWrapper.java:422)
2025-05-06 02:20:18,117 ERROR [stderr] (default task-19) 	at io.undertow.jsp@2.2.7.Final//org.apache.jasper.servlet.JspServlet.serviceJspFile(JspServlet.java:403)
2025-05-06 02:20:18,117 ERROR [stderr] (default task-19) 	at io.undertow.jsp@2.2.7.Final//org.apache.jasper.servlet.JspServlet.service(JspServlet.java:347)
2025-05-06 02:20:18,117 ERROR [stderr] (default task-19) 	at jakarta.servlet.api@6.0.0//jakarta.servlet.http.HttpServlet.service(HttpServlet.java:614)
2025-05-06 02:20:18,117 ERROR [stderr] (default task-19) 	at io.undertow.servlet@2.3.13.Final//io.undertow.servlet.handlers.ServletHandler.handleRequest(ServletHandler.java:74)
2025-05-06 02:20:18,117 ERROR [stderr] (default task-19) 	at io.undertow.servlet@2.3.13.Final//io.undertow.servlet.handlers.FilterHandler$FilterChainImpl.doFilter(FilterHandler.java:129)
2025-05-06 02:20:18,117 ERROR [stderr] (default task-19) 	at deployment.BsuPortal-1.0-SNAPSHOT.war//org.tuckey.web.filters.urlrewrite.RuleChain.handleRewrite(RuleChain.java:176)
2025-05-06 02:20:18,117 ERROR [stderr] (default task-19) 	at deployment.BsuPortal-1.0-SNAPSHOT.war//org.tuckey.web.filters.urlrewrite.RuleChain.doRules(RuleChain.java:145)
2025-05-06 02:20:18,117 ERROR [stderr] (default task-19) 	at deployment.BsuPortal-1.0-SNAPSHOT.war//org.tuckey.web.filters.urlrewrite.UrlRewriter.processRequest(UrlRewriter.java:92)
2025-05-06 02:20:18,117 ERROR [stderr] (default task-19) 	at deployment.BsuPortal-1.0-SNAPSHOT.war//org.tuckey.web.filters.urlrewrite.UrlRewriteFilter.doFilter(UrlRewriteFilter.java:405)
2025-05-06 02:20:18,117 ERROR [stderr] (default task-19) 	at io.undertow.servlet@2.3.13.Final//io.undertow.servlet.core.ManagedFilter.doFilter(ManagedFilter.java:67)
2025-05-06 02:20:18,117 ERROR [stderr] (default task-19) 	at io.undertow.servlet@2.3.13.Final//io.undertow.servlet.handlers.FilterHandler$FilterChainImpl.doFilter(FilterHandler.java:131)
2025-05-06 02:20:18,118 ERROR [stderr] (default task-19) 	at io.undertow.servlet@2.3.13.Final//io.undertow.servlet.handlers.FilterHandler.handleRequest(FilterHandler.java:84)
2025-05-06 02:20:18,118 ERROR [stderr] (default task-19) 	at io.undertow.servlet@2.3.13.Final//io.undertow.servlet.handlers.security.ServletSecurityRoleHandler.handleRequest(ServletSecurityRoleHandler.java:62)
2025-05-06 02:20:18,118 ERROR [stderr] (default task-19) 	at io.undertow.jsp@2.2.7.Final//io.undertow.jsp.JspFileHandler.handleRequest(JspFileHandler.java:32)
2025-05-06 02:20:18,118 ERROR [stderr] (default task-19) 	at io.undertow.servlet@2.3.13.Final//io.undertow.servlet.handlers.ServletChain$1.handleRequest(ServletChain.java:68)
2025-05-06 02:20:18,118 ERROR [stderr] (default task-19) 	at io.undertow.servlet@2.3.13.Final//io.undertow.servlet.handlers.ServletDispatchingHandler.handleRequest(ServletDispatchingHandler.java:36)
2025-05-06 02:20:18,118 ERROR [stderr] (default task-19) 	at org.wildfly.security.elytron-web.undertow-server@4.1.0.Final//org.wildfly.elytron.web.undertow.server.ElytronRunAsHandler.lambda$handleRequest$1(ElytronRunAsHandler.java:68)
2025-05-06 02:20:18,118 ERROR [stderr] (default task-19) 	at org.wildfly.security.elytron-base@2.4.2.Final//org.wildfly.security.auth.server.FlexibleIdentityAssociation.runAsFunctionEx(FlexibleIdentityAssociation.java:103)
2025-05-06 02:20:18,118 ERROR [stderr] (default task-19) 	at org.wildfly.security.elytron-base@2.4.2.Final//org.wildfly.security.auth.server.Scoped.runAsFunctionEx(Scoped.java:161)
2025-05-06 02:20:18,118 ERROR [stderr] (default task-19) 	at org.wildfly.security.elytron-base@2.4.2.Final//org.wildfly.security.auth.server.Scoped.runAs(Scoped.java:73)
2025-05-06 02:20:18,118 ERROR [stderr] (default task-19) 	at org.wildfly.security.elytron-web.undertow-server@4.1.0.Final//org.wildfly.elytron.web.undertow.server.ElytronRunAsHandler.handleRequest(ElytronRunAsHandler.java:67)
2025-05-06 02:20:18,118 ERROR [stderr] (default task-19) 	at io.undertow.servlet@2.3.13.Final//io.undertow.servlet.handlers.RedirectDirHandler.handleRequest(RedirectDirHandler.java:68)
2025-05-06 02:20:18,118 ERROR [stderr] (default task-19) 	at io.undertow.servlet@2.3.13.Final//io.undertow.servlet.handlers.security.SSLInformationAssociationHandler.handleRequest(SSLInformationAssociationHandler.java:117)
2025-05-06 02:20:18,118 ERROR [stderr] (default task-19) 	at io.undertow.servlet@2.3.13.Final//io.undertow.servlet.handlers.security.ServletAuthenticationCallHandler.handleRequest(ServletAuthenticationCallHandler.java:57)
2025-05-06 02:20:18,118 ERROR [stderr] (default task-19) 	at io.undertow.core@2.3.13.Final//io.undertow.server.handlers.PredicateHandler.handleRequest(PredicateHandler.java:43)
2025-05-06 02:20:18,118 ERROR [stderr] (default task-19) 	at io.undertow.core@2.3.13.Final//io.undertow.security.handlers.AbstractConfidentialityHandler.handleRequest(AbstractConfidentialityHandler.java:46)
2025-05-06 02:20:18,118 ERROR [stderr] (default task-19) 	at io.undertow.servlet@2.3.13.Final//io.undertow.servlet.handlers.security.ServletConfidentialityConstraintHandler.handleRequest(ServletConfidentialityConstraintHandler.java:64)
2025-05-06 02:20:18,118 ERROR [stderr] (default task-19) 	at io.undertow.core@2.3.13.Final//io.undertow.security.handlers.AbstractSecurityContextAssociationHandler.handleRequest(AbstractSecurityContextAssociationHandler.java:43)
2025-05-06 02:20:18,118 ERROR [stderr] (default task-19) 	at org.wildfly.security.elytron-web.undertow-server-servlet@4.1.0.Final//org.wildfly.elytron.web.undertow.server.servlet.CleanUpHandler.handleRequest(CleanUpHandler.java:38)
2025-05-06 02:20:18,118 ERROR [stderr] (default task-19) 	at io.undertow.core@2.3.13.Final//io.undertow.server.handlers.PredicateHandler.handleRequest(PredicateHandler.java:43)
2025-05-06 02:20:18,118 ERROR [stderr] (default task-19) 	at org.wildfly.extension.undertow@32.0.1.Final//org.wildfly.extension.undertow.security.jacc.JACCContextIdHandler.handleRequest(JACCContextIdHandler.java:44)
2025-05-06 02:20:18,118 ERROR [stderr] (default task-19) 	at io.undertow.core@2.3.13.Final//io.undertow.server.handlers.PredicateHandler.handleRequest(PredicateHandler.java:43)
2025-05-06 02:20:18,119 ERROR [stderr] (default task-19) 	at org.wildfly.extension.undertow@32.0.1.Final//org.wildfly.extension.undertow.deployment.GlobalRequestControllerHandler.handleRequest(GlobalRequestControllerHandler.java:51)
2025-05-06 02:20:18,119 ERROR [stderr] (default task-19) 	at io.undertow.servlet@2.3.13.Final//io.undertow.servlet.handlers.SendErrorPageHandler.handleRequest(SendErrorPageHandler.java:52)
2025-05-06 02:20:18,119 ERROR [stderr] (default task-19) 	at io.undertow.core@2.3.13.Final//io.undertow.server.handlers.PredicateHandler.handleRequest(PredicateHandler.java:43)
2025-05-06 02:20:18,119 ERROR [stderr] (default task-19) 	at io.undertow.servlet@2.3.13.Final//io.undertow.servlet.handlers.ServletInitialHandler.handleFirstRequest(ServletInitialHandler.java:276)
2025-05-06 02:20:18,119 ERROR [stderr] (default task-19) 	at io.undertow.servlet@2.3.13.Final//io.undertow.servlet.handlers.ServletInitialHandler$2.call(ServletInitialHandler.java:135)
2025-05-06 02:20:18,119 ERROR [stderr] (default task-19) 	at io.undertow.servlet@2.3.13.Final//io.undertow.servlet.handlers.ServletInitialHandler$2.call(ServletInitialHandler.java:132)
2025-05-06 02:20:18,119 ERROR [stderr] (default task-19) 	at io.undertow.servlet@2.3.13.Final//io.undertow.servlet.core.ServletRequestContextThreadSetupAction$1.call(ServletRequestContextThreadSetupAction.java:48)
2025-05-06 02:20:18,119 ERROR [stderr] (default task-19) 	at io.undertow.servlet@2.3.13.Final//io.undertow.servlet.core.ContextClassLoaderSetupAction$1.call(ContextClassLoaderSetupAction.java:43)
2025-05-06 02:20:18,119 ERROR [stderr] (default task-19) 	at org.wildfly.extension.undertow@32.0.1.Final//org.wildfly.extension.undertow.deployment.UndertowDeploymentInfoService$UndertowThreadSetupAction.lambda$create$0(UndertowDeploymentInfoService.java:1421)
2025-05-06 02:20:18,119 ERROR [stderr] (default task-19) 	at org.wildfly.extension.undertow@32.0.1.Final//org.wildfly.extension.undertow.deployment.UndertowDeploymentInfoService$UndertowThreadSetupAction.lambda$create$0(UndertowDeploymentInfoService.java:1421)
2025-05-06 02:20:18,119 ERROR [stderr] (default task-19) 	at org.wildfly.extension.undertow@32.0.1.Final//org.wildfly.extension.undertow.deployment.UndertowDeploymentInfoService$UndertowThreadSetupAction.lambda$create$0(UndertowDeploymentInfoService.java:1421)
2025-05-06 02:20:18,119 ERROR [stderr] (default task-19) 	at org.wildfly.extension.undertow@32.0.1.Final//org.wildfly.extension.undertow.deployment.UndertowDeploymentInfoService$UndertowThreadSetupAction.lambda$create$0(UndertowDeploymentInfoService.java:1421)
2025-05-06 02:20:18,119 ERROR [stderr] (default task-19) 	at org.wildfly.extension.undertow@32.0.1.Final//org.wildfly.extension.undertow.deployment.UndertowDeploymentInfoService$UndertowThreadSetupAction.lambda$create$0(UndertowDeploymentInfoService.java:1421)
2025-05-06 02:20:18,119 ERROR [stderr] (default task-19) 	at io.undertow.servlet@2.3.13.Final//io.undertow.servlet.handlers.ServletInitialHandler.dispatchRequest(ServletInitialHandler.java:256)
2025-05-06 02:20:18,119 ERROR [stderr] (default task-19) 	at io.undertow.servlet@2.3.13.Final//io.undertow.servlet.handlers.ServletInitialHandler$1.handleRequest(ServletInitialHandler.java:101)
2025-05-06 02:20:18,119 ERROR [stderr] (default task-19) 	at io.undertow.core@2.3.13.Final//io.undertow.server.Connectors.executeRootHandler(Connectors.java:393)
2025-05-06 02:20:18,119 ERROR [stderr] (default task-19) 	at io.undertow.core@2.3.13.Final//io.undertow.server.HttpServerExchange$1.run(HttpServerExchange.java:859)
2025-05-06 02:20:18,119 ERROR [stderr] (default task-19) 	at org.jboss.threads@2.4.0.Final//org.jboss.threads.ContextClassLoaderSavingRunnable.run(ContextClassLoaderSavingRunnable.java:35)
2025-05-06 02:20:18,119 ERROR [stderr] (default task-19) 	at org.jboss.threads@2.4.0.Final//org.jboss.threads.EnhancedQueueExecutor.safeRun(EnhancedQueueExecutor.java:1990)
2025-05-06 02:20:18,119 ERROR [stderr] (default task-19) 	at org.jboss.threads@2.4.0.Final//org.jboss.threads.EnhancedQueueExecutor$ThreadBody.doRunTask(EnhancedQueueExecutor.java:1486)
2025-05-06 02:20:18,119 ERROR [stderr] (default task-19) 	at org.jboss.threads@2.4.0.Final//org.jboss.threads.EnhancedQueueExecutor$ThreadBody.run(EnhancedQueueExecutor.java:1377)
2025-05-06 02:20:18,119 ERROR [stderr] (default task-19) 	at org.jboss.xnio@3.8.15.Final//org.xnio.XnioWorker$WorkerThreadFactory$1$1.run(XnioWorker.java:1282)
2025-05-06 02:20:18,119 ERROR [stderr] (default task-19) 	at java.base/java.lang.Thread.run(Thread.java:1570)
2025-05-06 02:20:27,929 ERROR [io.undertow.request] (default task-19) UT005023: Exception handling request to /studentdashboard.jsp: org.apache.jasper.JasperException: java.lang.NullPointerException: Cannot invoke "com.mnl.bsum.bsuportal.entities.Users.getDefaultRole()" because "user" is null
	at io.undertow.jsp@2.2.7.Final//org.apache.jasper.servlet.JspServletWrapper.service(JspServletWrapper.java:461)
	at io.undertow.jsp@2.2.7.Final//org.apache.jasper.servlet.JspServlet.serviceJspFile(JspServlet.java:403)
	at io.undertow.jsp@2.2.7.Final//org.apache.jasper.servlet.JspServlet.service(JspServlet.java:347)
	at jakarta.servlet.api@6.0.0//jakarta.servlet.http.HttpServlet.service(HttpServlet.java:614)
	at io.undertow.servlet@2.3.13.Final//io.undertow.servlet.handlers.ServletHandler.handleRequest(ServletHandler.java:74)
	at io.undertow.servlet@2.3.13.Final//io.undertow.servlet.handlers.FilterHandler$FilterChainImpl.doFilter(FilterHandler.java:129)
	at deployment.BsuPortal-1.0-SNAPSHOT.war//org.tuckey.web.filters.urlrewrite.RuleChain.handleRewrite(RuleChain.java:176)
	at deployment.BsuPortal-1.0-SNAPSHOT.war//org.tuckey.web.filters.urlrewrite.RuleChain.doRules(RuleChain.java:145)
	at deployment.BsuPortal-1.0-SNAPSHOT.war//org.tuckey.web.filters.urlrewrite.UrlRewriter.processRequest(UrlRewriter.java:92)
	at deployment.BsuPortal-1.0-SNAPSHOT.war//org.tuckey.web.filters.urlrewrite.UrlRewriteFilter.doFilter(UrlRewriteFilter.java:405)
	at io.undertow.servlet@2.3.13.Final//io.undertow.servlet.core.ManagedFilter.doFilter(ManagedFilter.java:67)
	at io.undertow.servlet@2.3.13.Final//io.undertow.servlet.handlers.FilterHandler$FilterChainImpl.doFilter(FilterHandler.java:131)
	at io.undertow.servlet@2.3.13.Final//io.undertow.servlet.handlers.FilterHandler.handleRequest(FilterHandler.java:84)
	at io.undertow.servlet@2.3.13.Final//io.undertow.servlet.handlers.security.ServletSecurityRoleHandler.handleRequest(ServletSecurityRoleHandler.java:62)
	at io.undertow.jsp@2.2.7.Final//io.undertow.jsp.JspFileHandler.handleRequest(JspFileHandler.java:32)
	at io.undertow.servlet@2.3.13.Final//io.undertow.servlet.handlers.ServletChain$1.handleRequest(ServletChain.java:68)
	at io.undertow.servlet@2.3.13.Final//io.undertow.servlet.handlers.ServletDispatchingHandler.handleRequest(ServletDispatchingHandler.java:36)
	at org.wildfly.security.elytron-web.undertow-server@4.1.0.Final//org.wildfly.elytron.web.undertow.server.ElytronRunAsHandler.lambda$handleRequest$1(ElytronRunAsHandler.java:68)
	at org.wildfly.security.elytron-base@2.4.2.Final//org.wildfly.security.auth.server.FlexibleIdentityAssociation.runAsFunctionEx(FlexibleIdentityAssociation.java:103)
	at org.wildfly.security.elytron-base@2.4.2.Final//org.wildfly.security.auth.server.Scoped.runAsFunctionEx(Scoped.java:161)
	at org.wildfly.security.elytron-base@2.4.2.Final//org.wildfly.security.auth.server.Scoped.runAs(Scoped.java:73)
	at org.wildfly.security.elytron-web.undertow-server@4.1.0.Final//org.wildfly.elytron.web.undertow.server.ElytronRunAsHandler.handleRequest(ElytronRunAsHandler.java:67)
	at io.undertow.servlet@2.3.13.Final//io.undertow.servlet.handlers.RedirectDirHandler.handleRequest(RedirectDirHandler.java:68)
	at io.undertow.core@2.3.13.Final//io.undertow.server.handlers.PredicateHandler.handleRequest(PredicateHandler.java:43)
	at io.undertow.core@2.3.13.Final//io.undertow.server.handlers.PredicateHandler.handleRequest(PredicateHandler.java:43)
	at io.undertow.servlet@2.3.13.Final//io.undertow.servlet.handlers.ServletInitialHandler.dispatchRequest(ServletInitialHandler.java:258)
	at io.undertow.servlet@2.3.13.Final//io.undertow.servlet.handlers.ServletInitialHandler.dispatchToPath(ServletInitialHandler.java:183)
	at io.undertow.servlet@2.3.13.Final//io.undertow.servlet.spec.RequestDispatcherImpl.forwardImpl(RequestDispatcherImpl.java:188)
	at io.undertow.servlet@2.3.13.Final//io.undertow.servlet.spec.RequestDispatcherImpl.forwardImplSetup(RequestDispatcherImpl.java:136)
	at io.undertow.servlet@2.3.13.Final//io.undertow.servlet.spec.RequestDispatcherImpl.forward(RequestDispatcherImpl.java:99)
	at deployment.BsuPortal-1.0-SNAPSHOT.war//org.tuckey.web.filters.urlrewrite.NormalRewrittenUrl.doRewrite(NormalRewrittenUrl.java:233)
	at deployment.BsuPortal-1.0-SNAPSHOT.war//org.tuckey.web.filters.urlrewrite.RuleChain.handleRewrite(RuleChain.java:171)
	at deployment.BsuPortal-1.0-SNAPSHOT.war//org.tuckey.web.filters.urlrewrite.RuleChain.doRules(RuleChain.java:145)
	at deployment.BsuPortal-1.0-SNAPSHOT.war//org.tuckey.web.filters.urlrewrite.UrlRewriter.processRequest(UrlRewriter.java:92)
	at deployment.BsuPortal-1.0-SNAPSHOT.war//org.tuckey.web.filters.urlrewrite.UrlRewriteFilter.doFilter(UrlRewriteFilter.java:405)
	at io.undertow.servlet@2.3.13.Final//io.undertow.servlet.core.ManagedFilter.doFilter(ManagedFilter.java:67)
	at io.undertow.servlet@2.3.13.Final//io.undertow.servlet.handlers.FilterHandler$FilterChainImpl.doFilter(FilterHandler.java:131)
	at io.undertow.servlet@2.3.13.Final//io.undertow.servlet.handlers.FilterHandler.handleRequest(FilterHandler.java:84)
	at io.undertow.servlet@2.3.13.Final//io.undertow.servlet.handlers.security.ServletSecurityRoleHandler.handleRequest(ServletSecurityRoleHandler.java:62)
	at io.undertow.servlet@2.3.13.Final//io.undertow.servlet.handlers.ServletChain$1.handleRequest(ServletChain.java:68)
	at io.undertow.servlet@2.3.13.Final//io.undertow.servlet.handlers.ServletDispatchingHandler.handleRequest(ServletDispatchingHandler.java:36)
	at org.wildfly.security.elytron-web.undertow-server@4.1.0.Final//org.wildfly.elytron.web.undertow.server.ElytronRunAsHandler.lambda$handleRequest$1(ElytronRunAsHandler.java:68)
	at org.wildfly.security.elytron-base@2.4.2.Final//org.wildfly.security.auth.server.FlexibleIdentityAssociation.runAsFunctionEx(FlexibleIdentityAssociation.java:103)
	at org.wildfly.security.elytron-base@2.4.2.Final//org.wildfly.security.auth.server.Scoped.runAsFunctionEx(Scoped.java:161)
	at org.wildfly.security.elytron-base@2.4.2.Final//org.wildfly.security.auth.server.Scoped.runAs(Scoped.java:73)
	at org.wildfly.security.elytron-web.undertow-server@4.1.0.Final//org.wildfly.elytron.web.undertow.server.ElytronRunAsHandler.handleRequest(ElytronRunAsHandler.java:67)
	at io.undertow.servlet@2.3.13.Final//io.undertow.servlet.handlers.RedirectDirHandler.handleRequest(RedirectDirHandler.java:68)
	at io.undertow.servlet@2.3.13.Final//io.undertow.servlet.handlers.security.SSLInformationAssociationHandler.handleRequest(SSLInformationAssociationHandler.java:117)
	at io.undertow.servlet@2.3.13.Final//io.undertow.servlet.handlers.security.ServletAuthenticationCallHandler.handleRequest(ServletAuthenticationCallHandler.java:57)
	at io.undertow.core@2.3.13.Final//io.undertow.server.handlers.PredicateHandler.handleRequest(PredicateHandler.java:43)
	at io.undertow.core@2.3.13.Final//io.undertow.security.handlers.AbstractConfidentialityHandler.handleRequest(AbstractConfidentialityHandler.java:46)
	at io.undertow.servlet@2.3.13.Final//io.undertow.servlet.handlers.security.ServletConfidentialityConstraintHandler.handleRequest(ServletConfidentialityConstraintHandler.java:64)
	at io.undertow.core@2.3.13.Final//io.undertow.security.handlers.AbstractSecurityContextAssociationHandler.handleRequest(AbstractSecurityContextAssociationHandler.java:43)
	at org.wildfly.security.elytron-web.undertow-server-servlet@4.1.0.Final//org.wildfly.elytron.web.undertow.server.servlet.CleanUpHandler.handleRequest(CleanUpHandler.java:38)
	at io.undertow.core@2.3.13.Final//io.undertow.server.handlers.PredicateHandler.handleRequest(PredicateHandler.java:43)
	at org.wildfly.extension.undertow@32.0.1.Final//org.wildfly.extension.undertow.security.jacc.JACCContextIdHandler.handleRequest(JACCContextIdHandler.java:44)
	at io.undertow.core@2.3.13.Final//io.undertow.server.handlers.PredicateHandler.handleRequest(PredicateHandler.java:43)
	at org.wildfly.extension.undertow@32.0.1.Final//org.wildfly.extension.undertow.deployment.GlobalRequestControllerHandler.handleRequest(GlobalRequestControllerHandler.java:51)
	at io.undertow.servlet@2.3.13.Final//io.undertow.servlet.handlers.SendErrorPageHandler.handleRequest(SendErrorPageHandler.java:52)
	at io.undertow.core@2.3.13.Final//io.undertow.server.handlers.PredicateHandler.handleRequest(PredicateHandler.java:43)
	at io.undertow.servlet@2.3.13.Final//io.undertow.servlet.handlers.ServletInitialHandler.handleFirstRequest(ServletInitialHandler.java:276)
	at io.undertow.servlet@2.3.13.Final//io.undertow.servlet.handlers.ServletInitialHandler$2.call(ServletInitialHandler.java:135)
	at io.undertow.servlet@2.3.13.Final//io.undertow.servlet.handlers.ServletInitialHandler$2.call(ServletInitialHandler.java:132)
	at io.undertow.servlet@2.3.13.Final//io.undertow.servlet.core.ServletRequestContextThreadSetupAction$1.call(ServletRequestContextThreadSetupAction.java:48)
	at io.undertow.servlet@2.3.13.Final//io.undertow.servlet.core.ContextClassLoaderSetupAction$1.call(ContextClassLoaderSetupAction.java:43)
	at org.wildfly.extension.undertow@32.0.1.Final//org.wildfly.extension.undertow.deployment.UndertowDeploymentInfoService$UndertowThreadSetupAction.lambda$create$0(UndertowDeploymentInfoService.java:1421)
	at org.wildfly.extension.undertow@32.0.1.Final//org.wildfly.extension.undertow.deployment.UndertowDeploymentInfoService$UndertowThreadSetupAction.lambda$create$0(UndertowDeploymentInfoService.java:1421)
	at org.wildfly.extension.undertow@32.0.1.Final//org.wildfly.extension.undertow.deployment.UndertowDeploymentInfoService$UndertowThreadSetupAction.lambda$create$0(UndertowDeploymentInfoService.java:1421)
	at org.wildfly.extension.undertow@32.0.1.Final//org.wildfly.extension.undertow.deployment.UndertowDeploymentInfoService$UndertowThreadSetupAction.lambda$create$0(UndertowDeploymentInfoService.java:1421)
	at org.wildfly.extension.undertow@32.0.1.Final//org.wildfly.extension.undertow.deployment.UndertowDeploymentInfoService$UndertowThreadSetupAction.lambda$create$0(UndertowDeploymentInfoService.java:1421)
	at io.undertow.servlet@2.3.13.Final//io.undertow.servlet.handlers.ServletInitialHandler.dispatchRequest(ServletInitialHandler.java:256)
	at io.undertow.servlet@2.3.13.Final//io.undertow.servlet.handlers.ServletInitialHandler$1.handleRequest(ServletInitialHandler.java:101)
	at io.undertow.core@2.3.13.Final//io.undertow.server.Connectors.executeRootHandler(Connectors.java:393)
	at io.undertow.core@2.3.13.Final//io.undertow.server.HttpServerExchange$1.run(HttpServerExchange.java:859)
	at org.jboss.threads@2.4.0.Final//org.jboss.threads.ContextClassLoaderSavingRunnable.run(ContextClassLoaderSavingRunnable.java:35)
	at org.jboss.threads@2.4.0.Final//org.jboss.threads.EnhancedQueueExecutor.safeRun(EnhancedQueueExecutor.java:1990)
	at org.jboss.threads@2.4.0.Final//org.jboss.threads.EnhancedQueueExecutor$ThreadBody.doRunTask(EnhancedQueueExecutor.java:1486)
	at org.jboss.threads@2.4.0.Final//org.jboss.threads.EnhancedQueueExecutor$ThreadBody.run(EnhancedQueueExecutor.java:1377)
	at org.jboss.xnio@3.8.15.Final//org.xnio.XnioWorker$WorkerThreadFactory$1$1.run(XnioWorker.java:1282)
	at java.base/java.lang.Thread.run(Thread.java:1570)
Caused by: java.lang.NullPointerException: Cannot invoke "com.mnl.bsum.bsuportal.entities.Users.getDefaultRole()" because "user" is null
	at org.apache.jsp.studentdashboard_jsp._jspService(studentdashboard_jsp.java:265)
	at io.undertow.jsp@2.2.7.Final//org.apache.jasper.runtime.HttpJspBase.service(HttpJspBase.java:70)
	at jakarta.servlet.api@6.0.0//jakarta.servlet.http.HttpServlet.service(HttpServlet.java:614)
	at io.undertow.jsp@2.2.7.Final//org.apache.jasper.servlet.JspServletWrapper.service(JspServletWrapper.java:422)
	... 79 more

2025-05-06 02:20:30,209 ERROR [io.undertow.request] (default task-8) UT005023: Exception handling request to /studentdashboard.jsp: org.apache.jasper.JasperException: java.lang.NullPointerException: Cannot invoke "com.mnl.bsum.bsuportal.entities.Users.getDefaultRole()" because "user" is null
	at io.undertow.jsp@2.2.7.Final//org.apache.jasper.servlet.JspServletWrapper.service(JspServletWrapper.java:461)
	at io.undertow.jsp@2.2.7.Final//org.apache.jasper.servlet.JspServlet.serviceJspFile(JspServlet.java:403)
	at io.undertow.jsp@2.2.7.Final//org.apache.jasper.servlet.JspServlet.service(JspServlet.java:347)
	at jakarta.servlet.api@6.0.0//jakarta.servlet.http.HttpServlet.service(HttpServlet.java:614)
	at io.undertow.servlet@2.3.13.Final//io.undertow.servlet.handlers.ServletHandler.handleRequest(ServletHandler.java:74)
	at io.undertow.servlet@2.3.13.Final//io.undertow.servlet.handlers.FilterHandler$FilterChainImpl.doFilter(FilterHandler.java:129)
	at deployment.BsuPortal-1.0-SNAPSHOT.war//org.tuckey.web.filters.urlrewrite.RuleChain.handleRewrite(RuleChain.java:176)
	at deployment.BsuPortal-1.0-SNAPSHOT.war//org.tuckey.web.filters.urlrewrite.RuleChain.doRules(RuleChain.java:145)
	at deployment.BsuPortal-1.0-SNAPSHOT.war//org.tuckey.web.filters.urlrewrite.UrlRewriter.processRequest(UrlRewriter.java:92)
	at deployment.BsuPortal-1.0-SNAPSHOT.war//org.tuckey.web.filters.urlrewrite.UrlRewriteFilter.doFilter(UrlRewriteFilter.java:405)
	at io.undertow.servlet@2.3.13.Final//io.undertow.servlet.core.ManagedFilter.doFilter(ManagedFilter.java:67)
	at io.undertow.servlet@2.3.13.Final//io.undertow.servlet.handlers.FilterHandler$FilterChainImpl.doFilter(FilterHandler.java:131)
	at io.undertow.servlet@2.3.13.Final//io.undertow.servlet.handlers.FilterHandler.handleRequest(FilterHandler.java:84)
	at io.undertow.servlet@2.3.13.Final//io.undertow.servlet.handlers.security.ServletSecurityRoleHandler.handleRequest(ServletSecurityRoleHandler.java:62)
	at io.undertow.jsp@2.2.7.Final//io.undertow.jsp.JspFileHandler.handleRequest(JspFileHandler.java:32)
	at io.undertow.servlet@2.3.13.Final//io.undertow.servlet.handlers.ServletChain$1.handleRequest(ServletChain.java:68)
	at io.undertow.servlet@2.3.13.Final//io.undertow.servlet.handlers.ServletDispatchingHandler.handleRequest(ServletDispatchingHandler.java:36)
	at org.wildfly.security.elytron-web.undertow-server@4.1.0.Final//org.wildfly.elytron.web.undertow.server.ElytronRunAsHandler.lambda$handleRequest$1(ElytronRunAsHandler.java:68)
	at org.wildfly.security.elytron-base@2.4.2.Final//org.wildfly.security.auth.server.FlexibleIdentityAssociation.runAsFunctionEx(FlexibleIdentityAssociation.java:103)
	at org.wildfly.security.elytron-base@2.4.2.Final//org.wildfly.security.auth.server.Scoped.runAsFunctionEx(Scoped.java:161)
	at org.wildfly.security.elytron-base@2.4.2.Final//org.wildfly.security.auth.server.Scoped.runAs(Scoped.java:73)
	at org.wildfly.security.elytron-web.undertow-server@4.1.0.Final//org.wildfly.elytron.web.undertow.server.ElytronRunAsHandler.handleRequest(ElytronRunAsHandler.java:67)
	at io.undertow.servlet@2.3.13.Final//io.undertow.servlet.handlers.RedirectDirHandler.handleRequest(RedirectDirHandler.java:68)
	at io.undertow.core@2.3.13.Final//io.undertow.server.handlers.PredicateHandler.handleRequest(PredicateHandler.java:43)
	at io.undertow.core@2.3.13.Final//io.undertow.server.handlers.PredicateHandler.handleRequest(PredicateHandler.java:43)
	at io.undertow.servlet@2.3.13.Final//io.undertow.servlet.handlers.ServletInitialHandler.dispatchRequest(ServletInitialHandler.java:258)
	at io.undertow.servlet@2.3.13.Final//io.undertow.servlet.handlers.ServletInitialHandler.dispatchToPath(ServletInitialHandler.java:183)
	at io.undertow.servlet@2.3.13.Final//io.undertow.servlet.spec.RequestDispatcherImpl.forwardImpl(RequestDispatcherImpl.java:188)
	at io.undertow.servlet@2.3.13.Final//io.undertow.servlet.spec.RequestDispatcherImpl.forwardImplSetup(RequestDispatcherImpl.java:136)
	at io.undertow.servlet@2.3.13.Final//io.undertow.servlet.spec.RequestDispatcherImpl.forward(RequestDispatcherImpl.java:99)
	at deployment.BsuPortal-1.0-SNAPSHOT.war//org.tuckey.web.filters.urlrewrite.NormalRewrittenUrl.doRewrite(NormalRewrittenUrl.java:233)
	at deployment.BsuPortal-1.0-SNAPSHOT.war//org.tuckey.web.filters.urlrewrite.RuleChain.handleRewrite(RuleChain.java:171)
	at deployment.BsuPortal-1.0-SNAPSHOT.war//org.tuckey.web.filters.urlrewrite.RuleChain.doRules(RuleChain.java:145)
	at deployment.BsuPortal-1.0-SNAPSHOT.war//org.tuckey.web.filters.urlrewrite.UrlRewriter.processRequest(UrlRewriter.java:92)
	at deployment.BsuPortal-1.0-SNAPSHOT.war//org.tuckey.web.filters.urlrewrite.UrlRewriteFilter.doFilter(UrlRewriteFilter.java:405)
	at io.undertow.servlet@2.3.13.Final//io.undertow.servlet.core.ManagedFilter.doFilter(ManagedFilter.java:67)
	at io.undertow.servlet@2.3.13.Final//io.undertow.servlet.handlers.FilterHandler$FilterChainImpl.doFilter(FilterHandler.java:131)
	at io.undertow.servlet@2.3.13.Final//io.undertow.servlet.handlers.FilterHandler.handleRequest(FilterHandler.java:84)
	at io.undertow.servlet@2.3.13.Final//io.undertow.servlet.handlers.security.ServletSecurityRoleHandler.handleRequest(ServletSecurityRoleHandler.java:62)
	at io.undertow.servlet@2.3.13.Final//io.undertow.servlet.handlers.ServletChain$1.handleRequest(ServletChain.java:68)
	at io.undertow.servlet@2.3.13.Final//io.undertow.servlet.handlers.ServletDispatchingHandler.handleRequest(ServletDispatchingHandler.java:36)
	at org.wildfly.security.elytron-web.undertow-server@4.1.0.Final//org.wildfly.elytron.web.undertow.server.ElytronRunAsHandler.lambda$handleRequest$1(ElytronRunAsHandler.java:68)
	at org.wildfly.security.elytron-base@2.4.2.Final//org.wildfly.security.auth.server.FlexibleIdentityAssociation.runAsFunctionEx(FlexibleIdentityAssociation.java:103)
	at org.wildfly.security.elytron-base@2.4.2.Final//org.wildfly.security.auth.server.Scoped.runAsFunctionEx(Scoped.java:161)
	at org.wildfly.security.elytron-base@2.4.2.Final//org.wildfly.security.auth.server.Scoped.runAs(Scoped.java:73)
	at org.wildfly.security.elytron-web.undertow-server@4.1.0.Final//org.wildfly.elytron.web.undertow.server.ElytronRunAsHandler.handleRequest(ElytronRunAsHandler.java:67)
	at io.undertow.servlet@2.3.13.Final//io.undertow.servlet.handlers.RedirectDirHandler.handleRequest(RedirectDirHandler.java:68)
	at io.undertow.servlet@2.3.13.Final//io.undertow.servlet.handlers.security.SSLInformationAssociationHandler.handleRequest(SSLInformationAssociationHandler.java:117)
	at io.undertow.servlet@2.3.13.Final//io.undertow.servlet.handlers.security.ServletAuthenticationCallHandler.handleRequest(ServletAuthenticationCallHandler.java:57)
	at io.undertow.core@2.3.13.Final//io.undertow.server.handlers.PredicateHandler.handleRequest(PredicateHandler.java:43)
	at io.undertow.core@2.3.13.Final//io.undertow.security.handlers.AbstractConfidentialityHandler.handleRequest(AbstractConfidentialityHandler.java:46)
	at io.undertow.servlet@2.3.13.Final//io.undertow.servlet.handlers.security.ServletConfidentialityConstraintHandler.handleRequest(ServletConfidentialityConstraintHandler.java:64)
	at io.undertow.core@2.3.13.Final//io.undertow.security.handlers.AbstractSecurityContextAssociationHandler.handleRequest(AbstractSecurityContextAssociationHandler.java:43)
	at org.wildfly.security.elytron-web.undertow-server-servlet@4.1.0.Final//org.wildfly.elytron.web.undertow.server.servlet.CleanUpHandler.handleRequest(CleanUpHandler.java:38)
	at io.undertow.core@2.3.13.Final//io.undertow.server.handlers.PredicateHandler.handleRequest(PredicateHandler.java:43)
	at org.wildfly.extension.undertow@32.0.1.Final//org.wildfly.extension.undertow.security.jacc.JACCContextIdHandler.handleRequest(JACCContextIdHandler.java:44)
	at io.undertow.core@2.3.13.Final//io.undertow.server.handlers.PredicateHandler.handleRequest(PredicateHandler.java:43)
	at org.wildfly.extension.undertow@32.0.1.Final//org.wildfly.extension.undertow.deployment.GlobalRequestControllerHandler.handleRequest(GlobalRequestControllerHandler.java:51)
	at io.undertow.servlet@2.3.13.Final//io.undertow.servlet.handlers.SendErrorPageHandler.handleRequest(SendErrorPageHandler.java:52)
	at io.undertow.core@2.3.13.Final//io.undertow.server.handlers.PredicateHandler.handleRequest(PredicateHandler.java:43)
	at io.undertow.servlet@2.3.13.Final//io.undertow.servlet.handlers.ServletInitialHandler.handleFirstRequest(ServletInitialHandler.java:276)
	at io.undertow.servlet@2.3.13.Final//io.undertow.servlet.handlers.ServletInitialHandler$2.call(ServletInitialHandler.java:135)
	at io.undertow.servlet@2.3.13.Final//io.undertow.servlet.handlers.ServletInitialHandler$2.call(ServletInitialHandler.java:132)
	at io.undertow.servlet@2.3.13.Final//io.undertow.servlet.core.ServletRequestContextThreadSetupAction$1.call(ServletRequestContextThreadSetupAction.java:48)
	at io.undertow.servlet@2.3.13.Final//io.undertow.servlet.core.ContextClassLoaderSetupAction$1.call(ContextClassLoaderSetupAction.java:43)
	at org.wildfly.extension.undertow@32.0.1.Final//org.wildfly.extension.undertow.deployment.UndertowDeploymentInfoService$UndertowThreadSetupAction.lambda$create$0(UndertowDeploymentInfoService.java:1421)
	at org.wildfly.extension.undertow@32.0.1.Final//org.wildfly.extension.undertow.deployment.UndertowDeploymentInfoService$UndertowThreadSetupAction.lambda$create$0(UndertowDeploymentInfoService.java:1421)
	at org.wildfly.extension.undertow@32.0.1.Final//org.wildfly.extension.undertow.deployment.UndertowDeploymentInfoService$UndertowThreadSetupAction.lambda$create$0(UndertowDeploymentInfoService.java:1421)
	at org.wildfly.extension.undertow@32.0.1.Final//org.wildfly.extension.undertow.deployment.UndertowDeploymentInfoService$UndertowThreadSetupAction.lambda$create$0(UndertowDeploymentInfoService.java:1421)
	at org.wildfly.extension.undertow@32.0.1.Final//org.wildfly.extension.undertow.deployment.UndertowDeploymentInfoService$UndertowThreadSetupAction.lambda$create$0(UndertowDeploymentInfoService.java:1421)
	at io.undertow.servlet@2.3.13.Final//io.undertow.servlet.handlers.ServletInitialHandler.dispatchRequest(ServletInitialHandler.java:256)
	at io.undertow.servlet@2.3.13.Final//io.undertow.servlet.handlers.ServletInitialHandler$1.handleRequest(ServletInitialHandler.java:101)
	at io.undertow.core@2.3.13.Final//io.undertow.server.Connectors.executeRootHandler(Connectors.java:393)
	at io.undertow.core@2.3.13.Final//io.undertow.server.HttpServerExchange$1.run(HttpServerExchange.java:859)
	at org.jboss.threads@2.4.0.Final//org.jboss.threads.ContextClassLoaderSavingRunnable.run(ContextClassLoaderSavingRunnable.java:35)
	at org.jboss.threads@2.4.0.Final//org.jboss.threads.EnhancedQueueExecutor.safeRun(EnhancedQueueExecutor.java:1990)
	at org.jboss.threads@2.4.0.Final//org.jboss.threads.EnhancedQueueExecutor$ThreadBody.doRunTask(EnhancedQueueExecutor.java:1486)
	at org.jboss.threads@2.4.0.Final//org.jboss.threads.EnhancedQueueExecutor$ThreadBody.run(EnhancedQueueExecutor.java:1377)
	at org.jboss.xnio@3.8.15.Final//org.xnio.XnioWorker$WorkerThreadFactory$1$1.run(XnioWorker.java:1282)
	at java.base/java.lang.Thread.run(Thread.java:1570)
Caused by: java.lang.NullPointerException: Cannot invoke "com.mnl.bsum.bsuportal.entities.Users.getDefaultRole()" because "user" is null
	at org.apache.jsp.studentdashboard_jsp._jspService(studentdashboard_jsp.java:265)
	at io.undertow.jsp@2.2.7.Final//org.apache.jasper.runtime.HttpJspBase.service(HttpJspBase.java:70)
	at jakarta.servlet.api@6.0.0//jakarta.servlet.http.HttpServlet.service(HttpServlet.java:614)
	at io.undertow.jsp@2.2.7.Final//org.apache.jasper.servlet.JspServletWrapper.service(JspServletWrapper.java:422)
	... 79 more

2025-05-06 02:21:42,352 ERROR [io.undertow.request] (default task-14) UT005023: Exception handling request to /studentdashboard.jsp: org.apache.jasper.JasperException: java.lang.NullPointerException: Cannot invoke "com.mnl.bsum.bsuportal.entities.Users.getDefaultRole()" because "user" is null
	at io.undertow.jsp@2.2.7.Final//org.apache.jasper.servlet.JspServletWrapper.service(JspServletWrapper.java:461)
	at io.undertow.jsp@2.2.7.Final//org.apache.jasper.servlet.JspServlet.serviceJspFile(JspServlet.java:403)
	at io.undertow.jsp@2.2.7.Final//org.apache.jasper.servlet.JspServlet.service(JspServlet.java:347)
	at jakarta.servlet.api@6.0.0//jakarta.servlet.http.HttpServlet.service(HttpServlet.java:614)
	at io.undertow.servlet@2.3.13.Final//io.undertow.servlet.handlers.ServletHandler.handleRequest(ServletHandler.java:74)
	at io.undertow.servlet@2.3.13.Final//io.undertow.servlet.handlers.FilterHandler$FilterChainImpl.doFilter(FilterHandler.java:129)
	at deployment.BsuPortal-1.0-SNAPSHOT.war//org.tuckey.web.filters.urlrewrite.RuleChain.handleRewrite(RuleChain.java:176)
	at deployment.BsuPortal-1.0-SNAPSHOT.war//org.tuckey.web.filters.urlrewrite.RuleChain.doRules(RuleChain.java:145)
	at deployment.BsuPortal-1.0-SNAPSHOT.war//org.tuckey.web.filters.urlrewrite.UrlRewriter.processRequest(UrlRewriter.java:92)
	at deployment.BsuPortal-1.0-SNAPSHOT.war//org.tuckey.web.filters.urlrewrite.UrlRewriteFilter.doFilter(UrlRewriteFilter.java:405)
	at io.undertow.servlet@2.3.13.Final//io.undertow.servlet.core.ManagedFilter.doFilter(ManagedFilter.java:67)
	at io.undertow.servlet@2.3.13.Final//io.undertow.servlet.handlers.FilterHandler$FilterChainImpl.doFilter(FilterHandler.java:131)
	at io.undertow.servlet@2.3.13.Final//io.undertow.servlet.handlers.FilterHandler.handleRequest(FilterHandler.java:84)
	at io.undertow.servlet@2.3.13.Final//io.undertow.servlet.handlers.security.ServletSecurityRoleHandler.handleRequest(ServletSecurityRoleHandler.java:62)
	at io.undertow.jsp@2.2.7.Final//io.undertow.jsp.JspFileHandler.handleRequest(JspFileHandler.java:32)
	at io.undertow.servlet@2.3.13.Final//io.undertow.servlet.handlers.ServletChain$1.handleRequest(ServletChain.java:68)
	at io.undertow.servlet@2.3.13.Final//io.undertow.servlet.handlers.ServletDispatchingHandler.handleRequest(ServletDispatchingHandler.java:36)
	at org.wildfly.security.elytron-web.undertow-server@4.1.0.Final//org.wildfly.elytron.web.undertow.server.ElytronRunAsHandler.lambda$handleRequest$1(ElytronRunAsHandler.java:68)
	at org.wildfly.security.elytron-base@2.4.2.Final//org.wildfly.security.auth.server.FlexibleIdentityAssociation.runAsFunctionEx(FlexibleIdentityAssociation.java:103)
	at org.wildfly.security.elytron-base@2.4.2.Final//org.wildfly.security.auth.server.Scoped.runAsFunctionEx(Scoped.java:161)
	at org.wildfly.security.elytron-base@2.4.2.Final//org.wildfly.security.auth.server.Scoped.runAs(Scoped.java:73)
	at org.wildfly.security.elytron-web.undertow-server@4.1.0.Final//org.wildfly.elytron.web.undertow.server.ElytronRunAsHandler.handleRequest(ElytronRunAsHandler.java:67)
	at io.undertow.servlet@2.3.13.Final//io.undertow.servlet.handlers.RedirectDirHandler.handleRequest(RedirectDirHandler.java:68)
	at io.undertow.core@2.3.13.Final//io.undertow.server.handlers.PredicateHandler.handleRequest(PredicateHandler.java:43)
	at io.undertow.core@2.3.13.Final//io.undertow.server.handlers.PredicateHandler.handleRequest(PredicateHandler.java:43)
	at io.undertow.servlet@2.3.13.Final//io.undertow.servlet.handlers.ServletInitialHandler.dispatchRequest(ServletInitialHandler.java:258)
	at io.undertow.servlet@2.3.13.Final//io.undertow.servlet.handlers.ServletInitialHandler.dispatchToPath(ServletInitialHandler.java:183)
	at io.undertow.servlet@2.3.13.Final//io.undertow.servlet.spec.RequestDispatcherImpl.forwardImpl(RequestDispatcherImpl.java:188)
	at io.undertow.servlet@2.3.13.Final//io.undertow.servlet.spec.RequestDispatcherImpl.forwardImplSetup(RequestDispatcherImpl.java:136)
	at io.undertow.servlet@2.3.13.Final//io.undertow.servlet.spec.RequestDispatcherImpl.forward(RequestDispatcherImpl.java:99)
	at deployment.BsuPortal-1.0-SNAPSHOT.war//org.tuckey.web.filters.urlrewrite.NormalRewrittenUrl.doRewrite(NormalRewrittenUrl.java:233)
	at deployment.BsuPortal-1.0-SNAPSHOT.war//org.tuckey.web.filters.urlrewrite.RuleChain.handleRewrite(RuleChain.java:171)
	at deployment.BsuPortal-1.0-SNAPSHOT.war//org.tuckey.web.filters.urlrewrite.RuleChain.doRules(RuleChain.java:145)
	at deployment.BsuPortal-1.0-SNAPSHOT.war//org.tuckey.web.filters.urlrewrite.UrlRewriter.processRequest(UrlRewriter.java:92)
	at deployment.BsuPortal-1.0-SNAPSHOT.war//org.tuckey.web.filters.urlrewrite.UrlRewriteFilter.doFilter(UrlRewriteFilter.java:405)
	at io.undertow.servlet@2.3.13.Final//io.undertow.servlet.core.ManagedFilter.doFilter(ManagedFilter.java:67)
	at io.undertow.servlet@2.3.13.Final//io.undertow.servlet.handlers.FilterHandler$FilterChainImpl.doFilter(FilterHandler.java:131)
	at io.undertow.servlet@2.3.13.Final//io.undertow.servlet.handlers.FilterHandler.handleRequest(FilterHandler.java:84)
	at io.undertow.servlet@2.3.13.Final//io.undertow.servlet.handlers.security.ServletSecurityRoleHandler.handleRequest(ServletSecurityRoleHandler.java:62)
	at io.undertow.servlet@2.3.13.Final//io.undertow.servlet.handlers.ServletChain$1.handleRequest(ServletChain.java:68)
	at io.undertow.servlet@2.3.13.Final//io.undertow.servlet.handlers.ServletDispatchingHandler.handleRequest(ServletDispatchingHandler.java:36)
	at org.wildfly.security.elytron-web.undertow-server@4.1.0.Final//org.wildfly.elytron.web.undertow.server.ElytronRunAsHandler.lambda$handleRequest$1(ElytronRunAsHandler.java:68)
	at org.wildfly.security.elytron-base@2.4.2.Final//org.wildfly.security.auth.server.FlexibleIdentityAssociation.runAsFunctionEx(FlexibleIdentityAssociation.java:103)
	at org.wildfly.security.elytron-base@2.4.2.Final//org.wildfly.security.auth.server.Scoped.runAsFunctionEx(Scoped.java:161)
	at org.wildfly.security.elytron-base@2.4.2.Final//org.wildfly.security.auth.server.Scoped.runAs(Scoped.java:73)
	at org.wildfly.security.elytron-web.undertow-server@4.1.0.Final//org.wildfly.elytron.web.undertow.server.ElytronRunAsHandler.handleRequest(ElytronRunAsHandler.java:67)
	at io.undertow.servlet@2.3.13.Final//io.undertow.servlet.handlers.RedirectDirHandler.handleRequest(RedirectDirHandler.java:68)
	at io.undertow.servlet@2.3.13.Final//io.undertow.servlet.handlers.security.SSLInformationAssociationHandler.handleRequest(SSLInformationAssociationHandler.java:117)
	at io.undertow.servlet@2.3.13.Final//io.undertow.servlet.handlers.security.ServletAuthenticationCallHandler.handleRequest(ServletAuthenticationCallHandler.java:57)
	at io.undertow.core@2.3.13.Final//io.undertow.server.handlers.PredicateHandler.handleRequest(PredicateHandler.java:43)
	at io.undertow.core@2.3.13.Final//io.undertow.security.handlers.AbstractConfidentialityHandler.handleRequest(AbstractConfidentialityHandler.java:46)
	at io.undertow.servlet@2.3.13.Final//io.undertow.servlet.handlers.security.ServletConfidentialityConstraintHandler.handleRequest(ServletConfidentialityConstraintHandler.java:64)
	at io.undertow.core@2.3.13.Final//io.undertow.security.handlers.AbstractSecurityContextAssociationHandler.handleRequest(AbstractSecurityContextAssociationHandler.java:43)
	at org.wildfly.security.elytron-web.undertow-server-servlet@4.1.0.Final//org.wildfly.elytron.web.undertow.server.servlet.CleanUpHandler.handleRequest(CleanUpHandler.java:38)
	at io.undertow.core@2.3.13.Final//io.undertow.server.handlers.PredicateHandler.handleRequest(PredicateHandler.java:43)
	at org.wildfly.extension.undertow@32.0.1.Final//org.wildfly.extension.undertow.security.jacc.JACCContextIdHandler.handleRequest(JACCContextIdHandler.java:44)
	at io.undertow.core@2.3.13.Final//io.undertow.server.handlers.PredicateHandler.handleRequest(PredicateHandler.java:43)
	at org.wildfly.extension.undertow@32.0.1.Final//org.wildfly.extension.undertow.deployment.GlobalRequestControllerHandler.handleRequest(GlobalRequestControllerHandler.java:51)
	at io.undertow.servlet@2.3.13.Final//io.undertow.servlet.handlers.SendErrorPageHandler.handleRequest(SendErrorPageHandler.java:52)
	at io.undertow.core@2.3.13.Final//io.undertow.server.handlers.PredicateHandler.handleRequest(PredicateHandler.java:43)
	at io.undertow.servlet@2.3.13.Final//io.undertow.servlet.handlers.ServletInitialHandler.handleFirstRequest(ServletInitialHandler.java:276)
	at io.undertow.servlet@2.3.13.Final//io.undertow.servlet.handlers.ServletInitialHandler$2.call(ServletInitialHandler.java:135)
	at io.undertow.servlet@2.3.13.Final//io.undertow.servlet.handlers.ServletInitialHandler$2.call(ServletInitialHandler.java:132)
	at io.undertow.servlet@2.3.13.Final//io.undertow.servlet.core.ServletRequestContextThreadSetupAction$1.call(ServletRequestContextThreadSetupAction.java:48)
	at io.undertow.servlet@2.3.13.Final//io.undertow.servlet.core.ContextClassLoaderSetupAction$1.call(ContextClassLoaderSetupAction.java:43)
	at org.wildfly.extension.undertow@32.0.1.Final//org.wildfly.extension.undertow.deployment.UndertowDeploymentInfoService$UndertowThreadSetupAction.lambda$create$0(UndertowDeploymentInfoService.java:1421)
	at org.wildfly.extension.undertow@32.0.1.Final//org.wildfly.extension.undertow.deployment.UndertowDeploymentInfoService$UndertowThreadSetupAction.lambda$create$0(UndertowDeploymentInfoService.java:1421)
	at org.wildfly.extension.undertow@32.0.1.Final//org.wildfly.extension.undertow.deployment.UndertowDeploymentInfoService$UndertowThreadSetupAction.lambda$create$0(UndertowDeploymentInfoService.java:1421)
	at org.wildfly.extension.undertow@32.0.1.Final//org.wildfly.extension.undertow.deployment.UndertowDeploymentInfoService$UndertowThreadSetupAction.lambda$create$0(UndertowDeploymentInfoService.java:1421)
	at org.wildfly.extension.undertow@32.0.1.Final//org.wildfly.extension.undertow.deployment.UndertowDeploymentInfoService$UndertowThreadSetupAction.lambda$create$0(UndertowDeploymentInfoService.java:1421)
	at io.undertow.servlet@2.3.13.Final//io.undertow.servlet.handlers.ServletInitialHandler.dispatchRequest(ServletInitialHandler.java:256)
	at io.undertow.servlet@2.3.13.Final//io.undertow.servlet.handlers.ServletInitialHandler$1.handleRequest(ServletInitialHandler.java:101)
	at io.undertow.core@2.3.13.Final//io.undertow.server.Connectors.executeRootHandler(Connectors.java:393)
	at io.undertow.core@2.3.13.Final//io.undertow.server.HttpServerExchange$1.run(HttpServerExchange.java:859)
	at org.jboss.threads@2.4.0.Final//org.jboss.threads.ContextClassLoaderSavingRunnable.run(ContextClassLoaderSavingRunnable.java:35)
	at org.jboss.threads@2.4.0.Final//org.jboss.threads.EnhancedQueueExecutor.safeRun(EnhancedQueueExecutor.java:1990)
	at org.jboss.threads@2.4.0.Final//org.jboss.threads.EnhancedQueueExecutor$ThreadBody.doRunTask(EnhancedQueueExecutor.java:1486)
	at org.jboss.threads@2.4.0.Final//org.jboss.threads.EnhancedQueueExecutor$ThreadBody.run(EnhancedQueueExecutor.java:1377)
	at org.jboss.xnio@3.8.15.Final//org.xnio.XnioWorker$WorkerThreadFactory$1$1.run(XnioWorker.java:1282)
	at java.base/java.lang.Thread.run(Thread.java:1570)
Caused by: java.lang.NullPointerException: Cannot invoke "com.mnl.bsum.bsuportal.entities.Users.getDefaultRole()" because "user" is null
	at org.apache.jsp.studentdashboard_jsp._jspService(studentdashboard_jsp.java:265)
	at io.undertow.jsp@2.2.7.Final//org.apache.jasper.runtime.HttpJspBase.service(HttpJspBase.java:70)
	at jakarta.servlet.api@6.0.0//jakarta.servlet.http.HttpServlet.service(HttpServlet.java:614)
	at io.undertow.jsp@2.2.7.Final//org.apache.jasper.servlet.JspServletWrapper.service(JspServletWrapper.java:422)
	... 79 more

2025-05-06 02:21:44,243 ERROR [stderr] (default task-14) jakarta.persistence.NoResultException: No result found for query [SELECT u FROM Users u WHERE u.username = :username OR u.email = :email]
2025-05-06 02:21:44,244 ERROR [stderr] (default task-14) 	at org.hibernate@6.4.4.Final//org.hibernate.query.spi.AbstractSelectionQuery.getSingleResult(AbstractSelectionQuery.java:567)
2025-05-06 02:21:44,244 ERROR [stderr] (default task-14) 	at org.jboss.as.jpa@32.0.1.Final//org.jboss.as.jpa.container.QueryNonTxInvocationDetacher.getSingleResult(QueryNonTxInvocationDetacher.java:52)
2025-05-06 02:21:44,244 ERROR [stderr] (default task-14) 	at deployment.BsuPortal-1.0-SNAPSHOT.war//com.mnl.bsum.bsuportal.sessions.MainSession.login(MainSession.java:775)
2025-05-06 02:21:44,244 ERROR [stderr] (default task-14) 	at java.base/jdk.internal.reflect.DirectMethodHandleAccessor.invoke(DirectMethodHandleAccessor.java:103)
2025-05-06 02:21:44,244 ERROR [stderr] (default task-14) 	at java.base/java.lang.reflect.Method.invoke(Method.java:580)
2025-05-06 02:21:44,244 ERROR [stderr] (default task-14) 	at org.jboss.as.ee@32.0.1.Final//org.jboss.as.ee.component.ManagedReferenceMethodInterceptor.processInvocation(ManagedReferenceMethodInterceptor.java:35)
2025-05-06 02:21:44,244 ERROR [stderr] (default task-14) 	at org.jboss.invocation@2.0.1.Final//org.jboss.invocation.InterceptorContext.proceed(InterceptorContext.java:422)
2025-05-06 02:21:44,244 ERROR [stderr] (default task-14) 	at org.jboss.invocation@2.0.1.Final//org.jboss.invocation.InterceptorContext$Invocation.proceed(InterceptorContext.java:509)
2025-05-06 02:21:44,244 ERROR [stderr] (default task-14) 	at org.jboss.as.weld.common@32.0.1.Final//org.jboss.as.weld.interceptors.Jsr299BindingsInterceptor.delegateInterception(Jsr299BindingsInterceptor.java:62)
2025-05-06 02:21:44,244 ERROR [stderr] (default task-14) 	at org.jboss.as.weld.common@32.0.1.Final//org.jboss.as.weld.interceptors.Jsr299BindingsInterceptor.doMethodInterception(Jsr299BindingsInterceptor.java:72)
2025-05-06 02:21:44,244 ERROR [stderr] (default task-14) 	at org.jboss.as.weld.common@32.0.1.Final//org.jboss.as.weld.interceptors.Jsr299BindingsInterceptor.processInvocation(Jsr299BindingsInterceptor.java:85)
2025-05-06 02:21:44,244 ERROR [stderr] (default task-14) 	at org.jboss.as.ee@32.0.1.Final//org.jboss.as.ee.component.interceptors.UserInterceptorFactory$1.processInvocation(UserInterceptorFactory.java:46)
2025-05-06 02:21:44,244 ERROR [stderr] (default task-14) 	at org.jboss.invocation@2.0.1.Final//org.jboss.invocation.InterceptorContext.proceed(InterceptorContext.java:422)
2025-05-06 02:21:44,244 ERROR [stderr] (default task-14) 	at org.jboss.as.ejb3@32.0.1.Final//org.jboss.as.ejb3.component.invocationmetrics.ExecutionTimeInterceptor.processInvocation(ExecutionTimeInterceptor.java:26)
2025-05-06 02:21:44,244 ERROR [stderr] (default task-14) 	at org.jboss.invocation@2.0.1.Final//org.jboss.invocation.InterceptorContext.proceed(InterceptorContext.java:422)
2025-05-06 02:21:44,244 ERROR [stderr] (default task-14) 	at org.jboss.as.jpa@32.0.1.Final//org.jboss.as.jpa.interceptor.SBInvocationInterceptor.processInvocation(SBInvocationInterceptor.java:30)
2025-05-06 02:21:44,244 ERROR [stderr] (default task-14) 	at org.jboss.invocation@2.0.1.Final//org.jboss.invocation.InterceptorContext.proceed(InterceptorContext.java:422)
2025-05-06 02:21:44,244 ERROR [stderr] (default task-14) 	at org.jboss.as.ejb3@32.0.1.Final//org.jboss.as.ejb3.tx.EjbBMTInterceptor.handleInvocation(EjbBMTInterceptor.java:86)
2025-05-06 02:21:44,245 ERROR [stderr] (default task-14) 	at org.jboss.as.ejb3@32.0.1.Final//org.jboss.as.ejb3.tx.BMTInterceptor.processInvocation(BMTInterceptor.java:40)
2025-05-06 02:21:44,245 ERROR [stderr] (default task-14) 	at org.jboss.invocation@2.0.1.Final//org.jboss.invocation.InterceptorContext.proceed(InterceptorContext.java:422)
2025-05-06 02:21:44,245 ERROR [stderr] (default task-14) 	at org.jboss.as.ee@32.0.1.Final//org.jboss.as.ee.concurrent.ConcurrentContextInterceptor.processInvocation(ConcurrentContextInterceptor.java:28)
2025-05-06 02:21:44,245 ERROR [stderr] (default task-14) 	at org.jboss.invocation@2.0.1.Final//org.jboss.invocation.InterceptorContext.proceed(InterceptorContext.java:422)
2025-05-06 02:21:44,245 ERROR [stderr] (default task-14) 	at org.jboss.invocation@2.0.1.Final//org.jboss.invocation.InitialInterceptor.processInvocation(InitialInterceptor.java:40)
2025-05-06 02:21:44,245 ERROR [stderr] (default task-14) 	at org.jboss.invocation@2.0.1.Final//org.jboss.invocation.InterceptorContext.proceed(InterceptorContext.java:422)
2025-05-06 02:21:44,245 ERROR [stderr] (default task-14) 	at org.jboss.invocation@2.0.1.Final//org.jboss.invocation.ChainedInterceptor.processInvocation(ChainedInterceptor.java:53)
2025-05-06 02:21:44,245 ERROR [stderr] (default task-14) 	at org.jboss.as.ee@32.0.1.Final//org.jboss.as.ee.component.interceptors.ComponentDispatcherInterceptor.processInvocation(ComponentDispatcherInterceptor.java:35)
2025-05-06 02:21:44,245 ERROR [stderr] (default task-14) 	at org.jboss.invocation@2.0.1.Final//org.jboss.invocation.InterceptorContext.proceed(InterceptorContext.java:422)
2025-05-06 02:21:44,245 ERROR [stderr] (default task-14) 	at org.jboss.as.ejb3@32.0.1.Final//org.jboss.as.ejb3.component.pool.PooledInstanceInterceptor.processInvocation(PooledInstanceInterceptor.java:34)
2025-05-06 02:21:44,245 ERROR [stderr] (default task-14) 	at org.jboss.invocation@2.0.1.Final//org.jboss.invocation.InterceptorContext.proceed(InterceptorContext.java:422)
2025-05-06 02:21:44,245 ERROR [stderr] (default task-14) 	at org.jboss.as.ejb3@32.0.1.Final//org.jboss.as.ejb3.component.interceptors.AdditionalSetupInterceptor.processInvocation(AdditionalSetupInterceptor.java:39)
2025-05-06 02:21:44,245 ERROR [stderr] (default task-14) 	at org.jboss.invocation@2.0.1.Final//org.jboss.invocation.InterceptorContext.proceed(InterceptorContext.java:422)
2025-05-06 02:21:44,245 ERROR [stderr] (default task-14) 	at org.jboss.invocation@2.0.1.Final//org.jboss.invocation.InterceptorContext$Invocation.proceed(InterceptorContext.java:509)
2025-05-06 02:21:44,245 ERROR [stderr] (default task-14) 	at org.jboss.weld.core@5.1.2.Final//org.jboss.weld.module.ejb.AbstractEJBRequestScopeActivationInterceptor.aroundInvoke(AbstractEJBRequestScopeActivationInterceptor.java:78)
2025-05-06 02:21:44,245 ERROR [stderr] (default task-14) 	at org.jboss.as.weld.common@32.0.1.Final//org.jboss.as.weld.ejb.EjbRequestScopeActivationInterceptor.processInvocation(EjbRequestScopeActivationInterceptor.java:72)
2025-05-06 02:21:44,245 ERROR [stderr] (default task-14) 	at org.jboss.invocation@2.0.1.Final//org.jboss.invocation.InterceptorContext.proceed(InterceptorContext.java:422)
2025-05-06 02:21:44,245 ERROR [stderr] (default task-14) 	at org.jboss.as.ejb3@32.0.1.Final//org.jboss.as.ejb3.component.interceptors.CurrentInvocationContextInterceptor.processInvocation(CurrentInvocationContextInterceptor.java:24)
2025-05-06 02:21:44,246 ERROR [stderr] (default task-14) 	at org.jboss.invocation@2.0.1.Final//org.jboss.invocation.InterceptorContext.proceed(InterceptorContext.java:422)
2025-05-06 02:21:44,246 ERROR [stderr] (default task-14) 	at org.jboss.as.ejb3@32.0.1.Final//org.jboss.as.ejb3.component.invocationmetrics.WaitTimeInterceptor.processInvocation(WaitTimeInterceptor.java:30)
2025-05-06 02:21:44,246 ERROR [stderr] (default task-14) 	at org.jboss.invocation@2.0.1.Final//org.jboss.invocation.InterceptorContext.proceed(InterceptorContext.java:422)
2025-05-06 02:21:44,246 ERROR [stderr] (default task-14) 	at org.jboss.as.ejb3@32.0.1.Final//org.jboss.as.ejb3.security.IdentityOutflowInterceptor.processInvocation(IdentityOutflowInterceptor.java:56)
2025-05-06 02:21:44,246 ERROR [stderr] (default task-14) 	at org.jboss.invocation@2.0.1.Final//org.jboss.invocation.InterceptorContext.proceed(InterceptorContext.java:422)
2025-05-06 02:21:44,246 ERROR [stderr] (default task-14) 	at org.jboss.as.ejb3@32.0.1.Final//org.jboss.as.ejb3.security.SecurityDomainInterceptor.processInvocation(SecurityDomainInterceptor.java:27)
2025-05-06 02:21:44,246 ERROR [stderr] (default task-14) 	at org.jboss.invocation@2.0.1.Final//org.jboss.invocation.InterceptorContext.proceed(InterceptorContext.java:422)
2025-05-06 02:21:44,246 ERROR [stderr] (default task-14) 	at org.jboss.as.ejb3@32.0.1.Final//org.jboss.as.ejb3.deployment.processors.StartupAwaitInterceptor.processInvocation(StartupAwaitInterceptor.java:27)
2025-05-06 02:21:44,246 ERROR [stderr] (default task-14) 	at org.jboss.invocation@2.0.1.Final//org.jboss.invocation.InterceptorContext.proceed(InterceptorContext.java:422)
2025-05-06 02:21:44,246 ERROR [stderr] (default task-14) 	at org.jboss.as.ejb3@32.0.1.Final//org.jboss.as.ejb3.component.interceptors.ShutDownInterceptorFactory$1.processInvocation(ShutDownInterceptorFactory.java:47)
2025-05-06 02:21:44,246 ERROR [stderr] (default task-14) 	at org.jboss.invocation@2.0.1.Final//org.jboss.invocation.InterceptorContext.proceed(InterceptorContext.java:422)
2025-05-06 02:21:44,246 ERROR [stderr] (default task-14) 	at org.jboss.as.ejb3@32.0.1.Final//org.jboss.as.ejb3.component.interceptors.LoggingInterceptor.processInvocation(LoggingInterceptor.java:50)
2025-05-06 02:21:44,246 ERROR [stderr] (default task-14) 	at org.jboss.invocation@2.0.1.Final//org.jboss.invocation.InterceptorContext.proceed(InterceptorContext.java:422)
2025-05-06 02:21:44,246 ERROR [stderr] (default task-14) 	at org.jboss.as.ee@32.0.1.Final//org.jboss.as.ee.component.NamespaceContextInterceptor.processInvocation(NamespaceContextInterceptor.java:33)
2025-05-06 02:21:44,246 ERROR [stderr] (default task-14) 	at org.jboss.invocation@2.0.1.Final//org.jboss.invocation.InterceptorContext.proceed(InterceptorContext.java:422)
2025-05-06 02:21:44,246 ERROR [stderr] (default task-14) 	at org.jboss.invocation@2.0.1.Final//org.jboss.invocation.ContextClassLoaderInterceptor.processInvocation(ContextClassLoaderInterceptor.java:60)
2025-05-06 02:21:44,246 ERROR [stderr] (default task-14) 	at org.jboss.invocation@2.0.1.Final//org.jboss.invocation.InterceptorContext.proceed(InterceptorContext.java:422)
2025-05-06 02:21:44,246 ERROR [stderr] (default task-14) 	at org.jboss.invocation@2.0.1.Final//org.jboss.invocation.InterceptorContext.run(InterceptorContext.java:438)
2025-05-06 02:21:44,246 ERROR [stderr] (default task-14) 	at org.wildfly.security.elytron-base@2.4.2.Final//org.wildfly.security.manager.WildFlySecurityManager.doChecked(WildFlySecurityManager.java:633)
2025-05-06 02:21:44,246 ERROR [stderr] (default task-14) 	at org.jboss.invocation@2.0.1.Final//org.jboss.invocation.AccessCheckingInterceptor.processInvocation(AccessCheckingInterceptor.java:57)
2025-05-06 02:21:44,246 ERROR [stderr] (default task-14) 	at org.jboss.invocation@2.0.1.Final//org.jboss.invocation.InterceptorContext.proceed(InterceptorContext.java:422)
2025-05-06 02:21:44,246 ERROR [stderr] (default task-14) 	at org.jboss.invocation@2.0.1.Final//org.jboss.invocation.ChainedInterceptor.processInvocation(ChainedInterceptor.java:53)
2025-05-06 02:21:44,246 ERROR [stderr] (default task-14) 	at org.jboss.as.ee@32.0.1.Final//org.jboss.as.ee.component.ViewService$View.invoke(ViewService.java:181)
2025-05-06 02:21:44,247 ERROR [stderr] (default task-14) 	at org.jboss.as.ee@32.0.1.Final//org.jboss.as.ee.component.ViewDescription$1.processInvocation(ViewDescription.java:174)
2025-05-06 02:21:44,247 ERROR [stderr] (default task-14) 	at org.jboss.invocation@2.0.1.Final//org.jboss.invocation.InterceptorContext.proceed(InterceptorContext.java:422)
2025-05-06 02:21:44,247 ERROR [stderr] (default task-14) 	at org.jboss.as.ejb3@32.0.1.Final//org.jboss.as.ejb3.security.IdentityInterceptor.lambda$processInvocation$0(IdentityInterceptor.java:30)
2025-05-06 02:21:44,247 ERROR [stderr] (default task-14) 	at org.wildfly.security.elytron-base@2.4.2.Final//org.wildfly.security.auth.server.SecurityIdentity.runAsFunctionEx(SecurityIdentity.java:421)
2025-05-06 02:21:44,247 ERROR [stderr] (default task-14) 	at org.wildfly.security.elytron-base@2.4.2.Final//org.wildfly.security.auth.server.Scoped.runAsFunctionEx(Scoped.java:161)
2025-05-06 02:21:44,247 ERROR [stderr] (default task-14) 	at org.wildfly.security.elytron-base@2.4.2.Final//org.wildfly.security.auth.server.Scoped.runAsSupplierEx(Scoped.java:229)
2025-05-06 02:21:44,247 ERROR [stderr] (default task-14) 	at org.jboss.as.ejb3@32.0.1.Final//org.jboss.as.ejb3.security.IdentityInterceptor.processInvocation(IdentityInterceptor.java:30)
2025-05-06 02:21:44,247 ERROR [stderr] (default task-14) 	at org.jboss.invocation@2.0.1.Final//org.jboss.invocation.InterceptorContext.proceed(InterceptorContext.java:422)
2025-05-06 02:21:44,247 ERROR [stderr] (default task-14) 	at org.jboss.invocation@2.0.1.Final//org.jboss.invocation.ChainedInterceptor.processInvocation(ChainedInterceptor.java:53)
2025-05-06 02:21:44,247 ERROR [stderr] (default task-14) 	at org.jboss.as.ee@32.0.1.Final//org.jboss.as.ee.component.ProxyInvocationHandler.invoke(ProxyInvocationHandler.java:64)
2025-05-06 02:21:44,247 ERROR [stderr] (default task-14) 	at deployment.BsuPortal-1.0-SNAPSHOT.war//com.mnl.bsum.bsuportal.sessions.MainSession$$$view2.login(Unknown Source)
2025-05-06 02:21:44,247 ERROR [stderr] (default task-14) 	at org.apache.jsp.index_jsp._jspService(index_jsp.java:325)
2025-05-06 02:21:44,247 ERROR [stderr] (default task-14) 	at io.undertow.jsp@2.2.7.Final//org.apache.jasper.runtime.HttpJspBase.service(HttpJspBase.java:70)
2025-05-06 02:21:44,247 ERROR [stderr] (default task-14) 	at jakarta.servlet.api@6.0.0//jakarta.servlet.http.HttpServlet.service(HttpServlet.java:614)
2025-05-06 02:21:44,247 ERROR [stderr] (default task-14) 	at io.undertow.jsp@2.2.7.Final//org.apache.jasper.servlet.JspServletWrapper.service(JspServletWrapper.java:422)
2025-05-06 02:21:44,247 ERROR [stderr] (default task-14) 	at io.undertow.jsp@2.2.7.Final//org.apache.jasper.servlet.JspServlet.serviceJspFile(JspServlet.java:403)
2025-05-06 02:21:44,247 ERROR [stderr] (default task-14) 	at io.undertow.jsp@2.2.7.Final//org.apache.jasper.servlet.JspServlet.service(JspServlet.java:347)
2025-05-06 02:21:44,247 ERROR [stderr] (default task-14) 	at jakarta.servlet.api@6.0.0//jakarta.servlet.http.HttpServlet.service(HttpServlet.java:614)
2025-05-06 02:21:44,247 ERROR [stderr] (default task-14) 	at io.undertow.servlet@2.3.13.Final//io.undertow.servlet.handlers.ServletHandler.handleRequest(ServletHandler.java:74)
2025-05-06 02:21:44,247 ERROR [stderr] (default task-14) 	at io.undertow.servlet@2.3.13.Final//io.undertow.servlet.handlers.FilterHandler$FilterChainImpl.doFilter(FilterHandler.java:129)
2025-05-06 02:21:44,247 ERROR [stderr] (default task-14) 	at deployment.BsuPortal-1.0-SNAPSHOT.war//org.tuckey.web.filters.urlrewrite.RuleChain.handleRewrite(RuleChain.java:176)
2025-05-06 02:21:44,247 ERROR [stderr] (default task-14) 	at deployment.BsuPortal-1.0-SNAPSHOT.war//org.tuckey.web.filters.urlrewrite.RuleChain.doRules(RuleChain.java:145)
2025-05-06 02:21:44,247 ERROR [stderr] (default task-14) 	at deployment.BsuPortal-1.0-SNAPSHOT.war//org.tuckey.web.filters.urlrewrite.UrlRewriter.processRequest(UrlRewriter.java:92)
2025-05-06 02:21:44,247 ERROR [stderr] (default task-14) 	at deployment.BsuPortal-1.0-SNAPSHOT.war//org.tuckey.web.filters.urlrewrite.UrlRewriteFilter.doFilter(UrlRewriteFilter.java:405)
2025-05-06 02:21:44,247 ERROR [stderr] (default task-14) 	at io.undertow.servlet@2.3.13.Final//io.undertow.servlet.core.ManagedFilter.doFilter(ManagedFilter.java:67)
2025-05-06 02:21:44,247 ERROR [stderr] (default task-14) 	at io.undertow.servlet@2.3.13.Final//io.undertow.servlet.handlers.FilterHandler$FilterChainImpl.doFilter(FilterHandler.java:131)
2025-05-06 02:21:44,247 ERROR [stderr] (default task-14) 	at io.undertow.servlet@2.3.13.Final//io.undertow.servlet.handlers.FilterHandler.handleRequest(FilterHandler.java:84)
2025-05-06 02:21:44,248 ERROR [stderr] (default task-14) 	at io.undertow.servlet@2.3.13.Final//io.undertow.servlet.handlers.security.ServletSecurityRoleHandler.handleRequest(ServletSecurityRoleHandler.java:62)
2025-05-06 02:21:44,248 ERROR [stderr] (default task-14) 	at io.undertow.jsp@2.2.7.Final//io.undertow.jsp.JspFileHandler.handleRequest(JspFileHandler.java:32)
2025-05-06 02:21:44,248 ERROR [stderr] (default task-14) 	at io.undertow.servlet@2.3.13.Final//io.undertow.servlet.handlers.ServletChain$1.handleRequest(ServletChain.java:68)
2025-05-06 02:21:44,248 ERROR [stderr] (default task-14) 	at io.undertow.servlet@2.3.13.Final//io.undertow.servlet.handlers.ServletDispatchingHandler.handleRequest(ServletDispatchingHandler.java:36)
2025-05-06 02:21:44,248 ERROR [stderr] (default task-14) 	at org.wildfly.security.elytron-web.undertow-server@4.1.0.Final//org.wildfly.elytron.web.undertow.server.ElytronRunAsHandler.lambda$handleRequest$1(ElytronRunAsHandler.java:68)
2025-05-06 02:21:44,248 ERROR [stderr] (default task-14) 	at org.wildfly.security.elytron-base@2.4.2.Final//org.wildfly.security.auth.server.FlexibleIdentityAssociation.runAsFunctionEx(FlexibleIdentityAssociation.java:103)
2025-05-06 02:21:44,248 ERROR [stderr] (default task-14) 	at org.wildfly.security.elytron-base@2.4.2.Final//org.wildfly.security.auth.server.Scoped.runAsFunctionEx(Scoped.java:161)
2025-05-06 02:21:44,248 ERROR [stderr] (default task-14) 	at org.wildfly.security.elytron-base@2.4.2.Final//org.wildfly.security.auth.server.Scoped.runAs(Scoped.java:73)
2025-05-06 02:21:44,248 ERROR [stderr] (default task-14) 	at org.wildfly.security.elytron-web.undertow-server@4.1.0.Final//org.wildfly.elytron.web.undertow.server.ElytronRunAsHandler.handleRequest(ElytronRunAsHandler.java:67)
2025-05-06 02:21:44,248 ERROR [stderr] (default task-14) 	at io.undertow.servlet@2.3.13.Final//io.undertow.servlet.handlers.RedirectDirHandler.handleRequest(RedirectDirHandler.java:68)
2025-05-06 02:21:44,248 ERROR [stderr] (default task-14) 	at io.undertow.servlet@2.3.13.Final//io.undertow.servlet.handlers.security.SSLInformationAssociationHandler.handleRequest(SSLInformationAssociationHandler.java:117)
2025-05-06 02:21:44,248 ERROR [stderr] (default task-14) 	at io.undertow.servlet@2.3.13.Final//io.undertow.servlet.handlers.security.ServletAuthenticationCallHandler.handleRequest(ServletAuthenticationCallHandler.java:57)
2025-05-06 02:21:44,248 ERROR [stderr] (default task-14) 	at io.undertow.core@2.3.13.Final//io.undertow.server.handlers.PredicateHandler.handleRequest(PredicateHandler.java:43)
2025-05-06 02:21:44,248 ERROR [stderr] (default task-14) 	at io.undertow.core@2.3.13.Final//io.undertow.security.handlers.AbstractConfidentialityHandler.handleRequest(AbstractConfidentialityHandler.java:46)
2025-05-06 02:21:44,248 ERROR [stderr] (default task-14) 	at io.undertow.servlet@2.3.13.Final//io.undertow.servlet.handlers.security.ServletConfidentialityConstraintHandler.handleRequest(ServletConfidentialityConstraintHandler.java:64)
2025-05-06 02:21:44,248 ERROR [stderr] (default task-14) 	at io.undertow.core@2.3.13.Final//io.undertow.security.handlers.AbstractSecurityContextAssociationHandler.handleRequest(AbstractSecurityContextAssociationHandler.java:43)
2025-05-06 02:21:44,248 ERROR [stderr] (default task-14) 	at org.wildfly.security.elytron-web.undertow-server-servlet@4.1.0.Final//org.wildfly.elytron.web.undertow.server.servlet.CleanUpHandler.handleRequest(CleanUpHandler.java:38)
2025-05-06 02:21:44,248 ERROR [stderr] (default task-14) 	at io.undertow.core@2.3.13.Final//io.undertow.server.handlers.PredicateHandler.handleRequest(PredicateHandler.java:43)
2025-05-06 02:21:44,248 ERROR [stderr] (default task-14) 	at org.wildfly.extension.undertow@32.0.1.Final//org.wildfly.extension.undertow.security.jacc.JACCContextIdHandler.handleRequest(JACCContextIdHandler.java:44)
2025-05-06 02:21:44,248 ERROR [stderr] (default task-14) 	at io.undertow.core@2.3.13.Final//io.undertow.server.handlers.PredicateHandler.handleRequest(PredicateHandler.java:43)
2025-05-06 02:21:44,248 ERROR [stderr] (default task-14) 	at org.wildfly.extension.undertow@32.0.1.Final//org.wildfly.extension.undertow.deployment.GlobalRequestControllerHandler.handleRequest(GlobalRequestControllerHandler.java:51)
2025-05-06 02:21:44,248 ERROR [stderr] (default task-14) 	at io.undertow.servlet@2.3.13.Final//io.undertow.servlet.handlers.SendErrorPageHandler.handleRequest(SendErrorPageHandler.java:52)
2025-05-06 02:21:44,248 ERROR [stderr] (default task-14) 	at io.undertow.core@2.3.13.Final//io.undertow.server.handlers.PredicateHandler.handleRequest(PredicateHandler.java:43)
2025-05-06 02:21:44,248 ERROR [stderr] (default task-14) 	at io.undertow.servlet@2.3.13.Final//io.undertow.servlet.handlers.ServletInitialHandler.handleFirstRequest(ServletInitialHandler.java:276)
2025-05-06 02:21:44,249 ERROR [stderr] (default task-14) 	at io.undertow.servlet@2.3.13.Final//io.undertow.servlet.handlers.ServletInitialHandler$2.call(ServletInitialHandler.java:135)
2025-05-06 02:21:44,249 ERROR [stderr] (default task-14) 	at io.undertow.servlet@2.3.13.Final//io.undertow.servlet.handlers.ServletInitialHandler$2.call(ServletInitialHandler.java:132)
2025-05-06 02:21:44,249 ERROR [stderr] (default task-14) 	at io.undertow.servlet@2.3.13.Final//io.undertow.servlet.core.ServletRequestContextThreadSetupAction$1.call(ServletRequestContextThreadSetupAction.java:48)
2025-05-06 02:21:44,249 ERROR [stderr] (default task-14) 	at io.undertow.servlet@2.3.13.Final//io.undertow.servlet.core.ContextClassLoaderSetupAction$1.call(ContextClassLoaderSetupAction.java:43)
2025-05-06 02:21:44,249 ERROR [stderr] (default task-14) 	at org.wildfly.extension.undertow@32.0.1.Final//org.wildfly.extension.undertow.deployment.UndertowDeploymentInfoService$UndertowThreadSetupAction.lambda$create$0(UndertowDeploymentInfoService.java:1421)
2025-05-06 02:21:44,249 ERROR [stderr] (default task-14) 	at org.wildfly.extension.undertow@32.0.1.Final//org.wildfly.extension.undertow.deployment.UndertowDeploymentInfoService$UndertowThreadSetupAction.lambda$create$0(UndertowDeploymentInfoService.java:1421)
2025-05-06 02:21:44,249 ERROR [stderr] (default task-14) 	at org.wildfly.extension.undertow@32.0.1.Final//org.wildfly.extension.undertow.deployment.UndertowDeploymentInfoService$UndertowThreadSetupAction.lambda$create$0(UndertowDeploymentInfoService.java:1421)
2025-05-06 02:21:44,249 ERROR [stderr] (default task-14) 	at org.wildfly.extension.undertow@32.0.1.Final//org.wildfly.extension.undertow.deployment.UndertowDeploymentInfoService$UndertowThreadSetupAction.lambda$create$0(UndertowDeploymentInfoService.java:1421)
2025-05-06 02:21:44,249 ERROR [stderr] (default task-14) 	at org.wildfly.extension.undertow@32.0.1.Final//org.wildfly.extension.undertow.deployment.UndertowDeploymentInfoService$UndertowThreadSetupAction.lambda$create$0(UndertowDeploymentInfoService.java:1421)
2025-05-06 02:21:44,249 ERROR [stderr] (default task-14) 	at io.undertow.servlet@2.3.13.Final//io.undertow.servlet.handlers.ServletInitialHandler.dispatchRequest(ServletInitialHandler.java:256)
2025-05-06 02:21:44,249 ERROR [stderr] (default task-14) 	at io.undertow.servlet@2.3.13.Final//io.undertow.servlet.handlers.ServletInitialHandler$1.handleRequest(ServletInitialHandler.java:101)
2025-05-06 02:21:44,249 ERROR [stderr] (default task-14) 	at io.undertow.core@2.3.13.Final//io.undertow.server.Connectors.executeRootHandler(Connectors.java:393)
2025-05-06 02:21:44,249 ERROR [stderr] (default task-14) 	at io.undertow.core@2.3.13.Final//io.undertow.server.HttpServerExchange$1.run(HttpServerExchange.java:859)
2025-05-06 02:21:44,249 ERROR [stderr] (default task-14) 	at org.jboss.threads@2.4.0.Final//org.jboss.threads.ContextClassLoaderSavingRunnable.run(ContextClassLoaderSavingRunnable.java:35)
2025-05-06 02:21:44,249 ERROR [stderr] (default task-14) 	at org.jboss.threads@2.4.0.Final//org.jboss.threads.EnhancedQueueExecutor.safeRun(EnhancedQueueExecutor.java:1990)
2025-05-06 02:21:44,249 ERROR [stderr] (default task-14) 	at org.jboss.threads@2.4.0.Final//org.jboss.threads.EnhancedQueueExecutor$ThreadBody.doRunTask(EnhancedQueueExecutor.java:1486)
2025-05-06 02:21:44,249 ERROR [stderr] (default task-14) 	at org.jboss.threads@2.4.0.Final//org.jboss.threads.EnhancedQueueExecutor$ThreadBody.run(EnhancedQueueExecutor.java:1377)
2025-05-06 02:21:44,249 ERROR [stderr] (default task-14) 	at org.jboss.xnio@3.8.15.Final//org.xnio.XnioWorker$WorkerThreadFactory$1$1.run(XnioWorker.java:1282)
2025-05-06 02:21:44,249 ERROR [stderr] (default task-14) 	at java.base/java.lang.Thread.run(Thread.java:1570)
